발생년,발생년월일시,발생분,주야,요일,사망자수,사상자수,중상자수,경상자수,부상신고자수,발생지시도,발생지시군구,사고유형_대분류,사고유형_중분류,사고유형,법규위반_대분류,법규위반,도로형태_대분류,도로형태,당사자종별_1당_대분류,당사자종별_1당,당사자종별_2당_대분류,당사자종별_2당,발생위치X_UTMK,발생위치Y_UTMK,경도,위도
2017,2017020218,10,야간,목,1,1,0,0,0,강원,화천군,차대차,측면충돌,측면충돌,운전자법규위반,중앙선 침범,단일로,기타단일로,이륜차,이륜차,승합차,승합차,1019632 ,2013812 ,127.72398426,38.12427134
2017,2017020218,37,야간,목,1,1,0,0,0,경기,동두천시,차대사람,횡단중,횡단중,운전자법규위반,안전운전 의무 불이행,단일로,기타단일로,승용차,승용차,보행자,보행자,961703  ,1989524 ,127.06436597,37.90477393
2017,2017020218,03,야간,목,1,1,0,0,0,제주,제주시,차량단독,전도전복,전도전복,운전자법규위반,안전운전 의무 불이행,단일로,기타단일로,승용차,승용차,없음,없음,895748  ,1494362 ,126.37848142,33.43592003
2017,2017020218,15,야간,목,1,1,0,0,0,제주,제주시,차량단독,전도,전도,운전자법규위반,안전운전 의무 불이행,단일로,기타단일로,화물차,화물차,없음,없음,882862  ,1488740 ,126.24061638,33.38389218
2017,2017020219,12,야간,목,1,1,0,0,0,경기,안양시,차대사람,차도통행중,차도통행중,운전자법규위반,안전운전 의무 불이행,교차로,교차로내,승용차,승용차,보행자,보행자,947428  ,1936433 ,126.90581953,37.42555574
2017,2017020221,37,야간,목,1,3,0,1,1,울산,울주군,차대차,정면충돌,정면충돌,운전자법규위반,중앙선 침범,단일로,고가도로위,승용차,승용차,승용차,승용차,1158507 ,1727492 ,129.24830672,35.53072816
2017,2017020223,02,야간,목,1,1,0,0,0,경기,남양주시,차대사람,횡단중,횡단중,운전자법규위반,안전운전 의무 불이행,교차로,교차로부근,화물차,화물차,보행자,보행자,970255  ,1965914 ,127.1626137,37.69229561
2017,2017020300,42,야간,금,1,1,0,0,0,서울,양천구,차량단독,전도,전도,운전자법규위반,안전운전 의무 불이행,단일로,기타단일로,이륜차,이륜차,없음,없음,944521  ,1948172 ,126.87208101,37.5311915
2017,2017020300,18,야간,금,1,1,0,0,0,서울,동대문구,차대사람,횡단중,횡단중,운전자법규위반,안전운전 의무 불이행,단일로,기타단일로,승용차,승용차,보행자,보행자,961948  ,1954633 ,127.06898058,37.59031055
2017,2017020301,50,야간,금,1,3,0,2,0,경기,고양시,차대차,정면충돌,정면충돌,운전자법규위반,중앙선 침범,단일로,기타단일로,승용차,승용차,승용차,승용차,941679  ,1960727 ,126.83891671,37.64417346
2017,2017020302,26,야간,금,1,2,0,1,0,경북,안동시,차대차,추돌,추돌,운전자법규위반,안전운전 의무 불이행,단일로,교량위,승합차,승합차,승용차,승용차,1092574 ,1845332 ,128.53504197,36.60133297
2017,2017020308,50,주간,금,1,1,0,0,0,경기,남양주시,차대사람,횡단중,횡단중,운전자법규위반,기타(운전자법규위반),단일로,기타단일로,화물차,화물차,보행자,보행자,969908  ,1955360 ,127.15911288,37.59715808
2017,2017020311,50,주간,금,1,1,0,0,0,광주,북구,차대차,측면충돌,측면충돌,운전자법규위반,앞지르기 방법위반,교차로,교차로부근,화물차,화물차,원동기장치자전거,원동기장치자전거,946428  ,1687438 ,126.91162654,35.18081026
2017,2017020313,30,주간,금,1,1,0,0,0,인천,강화군,차대사람,횡단중,횡단중,운전자법규위반,안전운전 의무 불이행,단일로,기타단일로,화물차,화물차,보행자,보행자,907345  ,1968147 ,126.44883798,37.70821914
2017,2017020314,57,주간,금,1,1,0,0,0,전북,고창군,차대차,측면충돌,측면충돌,운전자법규위반,직진 및 우회전차의 통행방해,교차로,교차로내,화물차,화물차,원동기장치자전거,원동기장치자전거,926804  ,1715824 ,126.69258258,35.43614306
2017,2017020316,00,주간,금,1,1,0,0,0,경남,창원시(통합),차량단독,공작물충돌,공작물충돌,운전자법규위반,안전운전 의무 불이행,단일로,기타단일로,이륜차,이륜차,없음,없음,1102477 ,1691894 ,128.62597402,35.21718329
2017,2017020318,40,야간,금,1,1,0,0,0,울산,울주군,차대사람,횡단중,횡단중,운전자법규위반,안전운전 의무 불이행,단일로,기타단일로,화물차,화물차,보행자,보행자,1152485 ,1719364 ,129.18038458,35.45841649
2017,2017020319,37,야간,금,1,1,0,0,0,충남,예산군,차대차,추돌,추돌,운전자법규위반,안전운전 의무 불이행,단일로,기타단일로,승용차,승용차,승용차,승용차,932688  ,1854963 ,126.74653339,36.69026689
2017,2017020319,53,야간,금,1,1,0,0,0,충북,보은군,차대사람,횡단중,횡단중,운전자법규위반,안전운전 의무 불이행,단일로,기타단일로,승용차,승용차,보행자,보행자,1018248 ,1829770 ,127.70367164,36.46536049
2017,2017020320,13,야간,금,1,1,0,0,0,부산,남구,차대차,기타,기타,운전자법규위반,신호위반,교차로,교차로내,원동기장치자전거,원동기장치자전거,승합차,승합차,1146596 ,1682493 ,129.10891966,35.12696839
2017,2017020321,47,야간,금,1,1,0,0,0,경기,부천시,차대차,추돌,추돌,운전자법규위반,안전거리 미확보,교차로,교차로부근,승합차,승합차,자전거,자전거,938333  ,1947831 ,126.80207753,37.52772495
2017,2017020322,40,야간,금,1,2,1,0,0,충북,보은군,차대차,기타,기타,운전자법규위반,안전운전 의무 불이행,단일로,기타단일로,승합차,승합차,승용차,승용차,1031697 ,1828418 ,127.85372274,36.45282155
2017,2017020323,40,야간,금,1,1,0,0,0,서울,서초구,차량단독,기타,기타,운전자법규위반,안전운전 의무 불이행,기타,기타,승용차,승용차,없음,없음,955706  ,1945721 ,126.99881718,37.50970516
2017,2017020402,00,야간,토,1,1,0,0,0,전남,여수시,차량단독,기타,기타,운전자법규위반,앞지르기 방법위반,단일로,기타단일로,승용차,승용차,없음,없음,1024939 ,1630160 ,127.77219551,34.66542801
2017,2017020407,55,주간,토,1,1,0,0,0,충남,태안군,차대차,정면충돌,정면충돌,운전자법규위반,과속,교차로,교차로내,건설기계,건설기계,승용차,승용차,891815  ,1859944 ,126.28838599,36.73138626
2017,2017020408,45,주간,토,1,1,0,0,0,부산,사상구,차대사람,횡단중,횡단중,운전자법규위반,신호위반,교차로,교차로횡단보도내,화물차,화물차,보행자,보행자,1134783 ,1689358 ,128.98042528,35.19049977
2017,2017020415,25,주간,토,1,1,0,0,0,전남,보성군,차량단독,기타,기타,운전자법규위반,안전운전 의무 불이행,단일로,기타단일로,사륜오토바이(ATV),사륜오토바이(ATV),없음,없음,956251  ,1635891 ,127.0224911,34.71670404
2017,2017020417,47,주간,토,1,1,0,0,0,경남,창원시(통합),차대차,측면충돌,측면충돌,운전자법규위반,안전운전 의무 불이행,단일로,기타단일로,자전거,자전거,승합차,승합차,1108384 ,1693741 ,128.69110883,35.2332133
2017,2017020417,20,주간,토,1,2,1,0,0,경기,용인시,차대차,측면충돌,측면충돌,운전자법규위반,교차로 통행방법 위반,교차로,교차로내,승용차,승용차,이륜차,이륜차,985473  ,1909088 ,127.33634389,37.18044911
2017,2017020418,00,야간,토,1,1,0,0,0,제주,서귀포시,차대사람,횡단중,횡단중,운전자법규위반,안전운전 의무 불이행,교차로,교차로부근,승용차,승용차,보행자,보행자,909365  ,1474431 ,126.52695172,33.25740912
2017,2017020418,50,야간,토,1,1,0,0,0,경기,성남시,차대차,정면충돌,정면충돌,운전자법규위반,교차로 통행방법 위반,교차로,교차로내,승용차,승용차,이륜차,이륜차,966848  ,1933073 ,127.12545397,37.39616948
2017,2017020419,40,야간,토,1,1,0,0,0,경기,용인시,차대사람,횡단중,횡단중,운전자법규위반,보행자 보호의무 위반,교차로,교차로횡단보도내,승합차,승합차,보행자,보행자,974206  ,1914999 ,127.20921059,37.23348755
2017,2017020419,35,야간,토,1,1,0,0,0,경기,수원시,차대차,측면충돌,측면충돌,운전자법규위반,신호위반,교차로,교차로내,승용차,승용차,이륜차,이륜차,952786  ,1916605 ,126.96763716,37.24712442
2017,2017020419,43,야간,토,1,1,0,0,0,충북,제천시,차대사람,횡단중,횡단중,운전자법규위반,보행자 보호의무 위반,단일로,기타단일로,승용차,승용차,보행자,보행자,1051792 ,1879716 ,128.08143494,36.91436959
2017,2017020423,10,야간,토,1,1,0,0,0,부산,서구,차대차,측면충돌,측면충돌,운전자법규위반,안전운전 의무 불이행,단일로,터널안,승용차,승용차,승합차,승합차,1137516 ,1680177 ,129.00893302,35.10734528
2017,2017020501,30,야간,일,1,2,1,0,0,서울,노원구,차량단독,전도,전도,운전자법규위반,안전운전 의무 불이행,단일로,기타단일로,승용차,승용차,없음,없음,960334  ,1963973 ,127.05019199,37.67442554
2017,2017020501,54,야간,일,1,2,0,1,0,경남,창원시(통합),차대차,측면충돌,측면충돌,운전자법규위반,신호위반,교차로,교차로내,원동기장치자전거,원동기장치자전거,승용차,승용차,1101001 ,1695761 ,128.61023406,35.25219556
2017,2017020503,40,야간,일,1,1,0,0,0,충남,천안시,차대사람,기타,기타,운전자법규위반,안전운전 의무 불이행,단일로,기타단일로,승용차,승용차,보행자,보행자,966881  ,1884455 ,127.1279819,36.95792955
2017,2017020506,42,주간,일,1,1,0,0,0,서울,동대문구,차대차,정면충돌,정면충돌,운전자법규위반,신호위반,교차로,교차로내,화물차,화물차,승합차,승합차,960956  ,1953224 ,127.05781951,37.57756929
2017,2017020507,15,주간,일,1,1,0,0,0,충남,아산시,차대사람,횡단중,횡단중,운전자법규위반,안전운전 의무 불이행,교차로,교차로횡단보도내,승용차,승용차,보행자,보행자,960090  ,1864474 ,127.05275322,36.77755025
2017,2017020517,42,주간,일,1,1,0,0,0,충북,충주시,차대사람,횡단중,횡단중,운전자법규위반,보행자 보호의무 위반,교차로,교차로내,승용차,승용차,보행자,보행자,1037962 ,1886138 ,127.92650174,36.97291762
2017,2017020520,40,야간,일,1,1,0,0,0,서울,종로구,차량단독,전도,전도,운전자법규위반,안전운전 의무 불이행,교차로,교차로내,이륜차,이륜차,없음,없음,955961  ,1954155 ,127.00119608,37.58573513
2017,2017020522,55,야간,일,1,1,0,0,0,광주,광산구,차대사람,횡단중,횡단중,운전자법규위반,안전운전 의무 불이행,단일로,기타단일로,승용차,승용차,보행자,보행자,935767  ,1685359 ,126.79467582,35.16154492
2017,2017020600,30,야간,월,1,1,0,0,0,경기,평택시,차대사람,횡단중,횡단중,운전자법규위반,안전운전 의무 불이행,기타,기타,승용차,승용차,보행자,보행자,961810  ,1892347 ,127.07062214,37.0288774
2017,2017020605,18,야간,월,1,1,0,0,0,충북,청주시,차대사람,횡단중,횡단중,운전자법규위반,안전운전 의무 불이행,교차로,교차로횡단보도내,승용차,승용차,보행자,보행자,994569  ,1848324 ,127.439252,36.63278521
2017,2017020606,10,주간,월,1,1,0,0,0,인천,서구,차대사람,횡단중,횡단중,운전자법규위반,안전운전 의무 불이행,교차로,교차로부근,화물차,화물차,보행자,보행자,925840  ,1944758 ,126.66100958,37.49910885
2017,2017020612,57,주간,월,1,1,0,0,0,충북,충주시,차대사람,길가장자리구역통행중,길가장자리구역통행중,운전자법규위반,안전운전 의무 불이행,단일로,기타단일로,승합차,승합차,보행자,보행자,1030141 ,1885359 ,127.83860355,36.96617859
2017,2017020618,45,야간,월,1,1,0,0,0,제주,제주시,차대사람,횡단중,횡단중,운전자법규위반,중앙선 침범,단일로,기타단일로,승용차,승용차,보행자,보행자,915496  ,1500033 ,126.59036568,33.48880346
2017,2017020618,13,야간,월,1,1,0,0,0,전북,임실군,차대차,측면충돌,측면충돌,운전자법규위반,안전운전 의무 불이행,교차로,교차로내,승용차,승용차,이륜차,이륜차,984622  ,1727769 ,127.3303429,35.54578054
2017,2017020706,43,주간,화,1,2,1,0,0,경남,김해시,차대차,측면충돌,측면충돌,운전자법규위반,부당한 회전,교차로,교차로내,자전거,자전거,승용차,승용차,1111621 ,1702498 ,128.72786625,35.31180205
2017,2017020706,45,주간,화,1,1,0,0,0,제주,제주시,차대사람,횡단중,횡단중,운전자법규위반,신호위반,단일로,기타단일로,승용차,승용차,보행자,보행자,909536  ,1502779 ,126.52594036,33.51308034
2017,2017020706,00,주간,화,1,3,1,0,1,울산,남구,차대차,추돌,추돌,운전자법규위반,신호위반,교차로,교차로내,승용차,승용차,승용차,승용차,1166980 ,1726126 ,129.34143917,35.5170271
2017,2017020706,50,주간,화,1,1,0,0,0,광주,광산구,차대차,측면충돌,측면충돌,운전자법규위반,신호위반,교차로,교차로내,건설기계,건설기계,자전거,자전거,939569  ,1687132 ,126.83641526,35.17764973
2017,2017020707,10,주간,화,1,1,0,0,0,경남,밀양시,차대사람,횡단중,횡단중,운전자법규위반,안전운전 의무 불이행,교차로,교차로내,화물차,화물차,보행자,보행자,1118159 ,1713082 ,128.80130041,35.40646075
2017,2017020714,48,주간,화,1,1,0,0,0,부산,사하구,차대차,기타,기타,운전자법규위반,안전운전 의무 불이행,교차로,교차로부근,원동기장치자전거,원동기장치자전거,승합차,승합차,1134117 ,1674268 ,128.97065378,35.05456369
2017,2017020717,29,주간,화,1,1,0,0,0,충남,당진시,차량단독,공작물충돌,공작물충돌,운전자법규위반,안전운전 의무 불이행,단일로,기타단일로,승용차,승용차,없음,없음,933600  ,1871714 ,126.75528249,36.84132496
2017,2017020718,55,야간,화,1,1,0,0,0,경남,창원시(통합),차대사람,횡단중,횡단중,운전자법규위반,안전운전 의무 불이행,교차로,교차로횡단보도내,승합차,승합차,보행자,보행자,1106645 ,1684791 ,128.67084296,35.15271323
2017,2017020721,35,야간,화,1,1,0,0,0,경기,평택시,차대사람,횡단중,횡단중,운전자법규위반,안전운전 의무 불이행,교차로,교차로부근,승용차,승용차,보행자,보행자,963232  ,1888287 ,127.08680774,36.99233661
2017,2017020722,32,야간,화,1,1,0,0,0,전남,무안군,차량단독,공작물충돌,공작물충돌,운전자법규위반,안전운전 의무 불이행,단일로,기타단일로,화물차,화물차,없음,없음,906987  ,1666750 ,126.4809255,34.991449
2017,2017020723,50,야간,화,1,1,0,0,0,전북,정읍시,차대사람,차도통행중,차도통행중,운전자법규위반,안전운전 의무 불이행,단일로,기타단일로,화물차,화물차,보행자,보행자,939120  ,1730690 ,126.8281437,35.57036519
2017,2017020805,50,야간,수,1,1,0,0,0,부산,동래구,차대차,측면충돌,측면충돌,운전자법규위반,안전운전 의무 불이행,단일로,기타단일로,승용차,승용차,승용차,승용차,1145696 ,1690259 ,129.10041638,35.1970993
2017,2017020811,10,주간,수,1,1,0,0,0,부산,부산진구,차대사람,횡단중,횡단중,운전자법규위반,기타(운전자법규위반),단일로,기타단일로,화물차,화물차,보행자,보행자,1141388 ,1686208 ,129.05241572,35.16120028
2017,2017020813,40,주간,수,1,2,0,1,0,전남,순천시,차대차,추돌,추돌,운전자법규위반,안전운전 의무 불이행,교차로,교차로내,화물차,화물차,화물차,화물차,998221  ,1667604 ,127.48050366,35.00338859
2017,2017020815,37,주간,수,1,1,0,0,0,전북,남원시,차대차,추돌,추돌,운전자법규위반,안전운전 의무 불이행,단일로,기타단일로,승용차,승용차,자전거,자전거,985856  ,1710640 ,127.34422073,35.39141029
2017,2017020816,20,주간,수,1,1,0,0,0,경남,창원시(통합),차대차,기타,기타,운전자법규위반,안전운전 의무 불이행,교차로,교차로부근,화물차,화물차,특수차,특수차,1096920 ,1692345 ,128.56497883,35.22180175
2017,2017020818,50,야간,수,1,1,0,0,0,경북,상주시,차대차,추돌,추돌,운전자법규위반,안전거리 미확보,단일로,기타단일로,이륜차,이륜차,화물차,화물차,1058858 ,1822260 ,128.15634474,36.39602599
2017,2017020819,20,야간,수,1,1,0,0,0,경기,안성시,차대차,후진중충돌,후진중충돌,운전자법규위반,안전운전 의무 불이행,단일로,기타단일로,승용차,승용차,승용차,승용차,979354  ,1889576 ,127.26794673,37.00444849
2017,2017020819,57,야간,수,1,2,1,0,0,충북,청주시,차대차,추돌,추돌,운전자법규위반,안전운전 의무 불이행,교차로,교차로부근,승용차,승용차,승합차,승합차,998754  ,1843973 ,127.48607002,36.59357555
2017,2017020905,55,야간,목,1,1,0,0,0,충남,천안시,차대차,측면충돌,측면충돌,운전자법규위반,신호위반,교차로,교차로내,건설기계,건설기계,승합차,승합차,965397  ,1867149 ,127.11210263,36.80187287
2017,2017020906,00,주간,목,1,1,0,0,0,인천,부평구,차대차,기타,기타,운전자법규위반,안전운전 의무 불이행,단일로,기타단일로,화물차,화물차,승용차,승용차,929678  ,1946635 ,126.70424632,37.51632623
2017,2017020912,05,주간,목,1,1,0,0,0,경기,안산시,차대사람,횡단중,횡단중,운전자법규위반,안전운전 의무 불이행,단일로,기타단일로,승용차,승용차,보행자,보행자,939122  ,1923292 ,126.81302976,37.30660389
2017,2017020913,25,주간,목,1,4,0,3,0,경기,이천시,차대차,정면충돌,정면충돌,운전자법규위반,안전운전 의무 불이행,교차로,교차로부근,화물차,화물차,화물차,화물차,985822  ,1917431 ,127.34011695,37.2556588
2017,2017020914,06,주간,목,1,1,0,0,0,경북,의성군,차대사람,횡단중,횡단중,운전자법규위반,안전운전 의무 불이행,교차로,교차로횡단보도내,승합차,승합차,보행자,보행자,1107133 ,1818203 ,128.69403405,36.35528769
2017,2017020918,58,야간,목,1,1,0,0,0,경기,군포시,차대사람,횡단중,횡단중,운전자법규위반,안전운전 의무 불이행,교차로,교차로내,승합차,승합차,보행자,보행자,950513  ,1930940 ,126.94105318,37.37621531
2017,2017021004,30,야간,금,1,1,0,0,0,경남,거제시,차대사람,차도통행중,차도통행중,운전자법규위반,안전운전 의무 불이행,단일로,기타단일로,승용차,승용차,보행자,보행자,1108771 ,1653529 ,128.69008957,34.87064393
2017,2017021004,40,야간,금,1,2,0,1,0,울산,울주군,차대차,추돌,추돌,운전자법규위반,안전운전 의무 불이행,단일로,기타단일로,승용차,승용차,화물차,화물차,1159079 ,1724869 ,129.25409862,35.50699696
2017,2017021005,35,야간,금,1,1,0,0,0,경남,창원시(통합),차량단독,전도,전도,운전자법규위반,안전운전 의무 불이행,단일로,기타단일로,이륜차,이륜차,없음,없음,1097800 ,1690249 ,128.57439794,35.20281975
2017,2017021007,35,주간,금,1,4,3,0,0,경북,의성군,차량단독,공작물충돌,공작물충돌,운전자법규위반,안전운전 의무 불이행,단일로,기타단일로,화물차,화물차,없음,없음,1106146 ,1805747 ,128.68134128,36.2431241
2017,2017021009,00,주간,금,1,1,0,0,0,전남,여수시,차대사람,횡단중,횡단중,운전자법규위반,안전운전 의무 불이행,교차로,교차로내,화물차,화물차,보행자,보행자,1015829 ,1640775 ,127.67308376,34.76138581
2017,2017021010,40,주간,금,1,1,0,0,0,경기,동두천시,차대사람,기타,기타,운전자법규위반,안전운전 의무 불이행,단일로,기타단일로,승합차,승합차,보행자,보행자,961481  ,1989021 ,127.06186763,37.90023112
2017,2017021011,40,주간,금,1,5,4,0,0,경북,칠곡군,차대차,정면충돌,정면충돌,운전자법규위반,중앙선 침범,단일로,기타단일로,승용차,승용차,승용차,승용차,1086737 ,1783838 ,128.46294428,36.04756461
2017,2017021012,10,주간,금,1,1,0,0,0,경남,창녕군,차대사람,횡단중,횡단중,운전자법규위반,안전운전 의무 불이행,단일로,기타단일로,화물차,화물차,보행자,보행자,1087128 ,1738370 ,128.46232029,35.63764024
2017,2017021015,00,주간,금,1,1,0,0,0,경기,부천시,차대차,추돌,추돌,운전자법규위반,안전운전 의무 불이행,교차로,교차로내,승합차,승합차,자전거,자전거,935450  ,1945950 ,126.76961653,37.51057436
2017,2017021017,33,주간,금,1,1,0,0,0,전남,함평군,차대차,정면충돌,정면충돌,운전자법규위반,중앙선 침범,단일로,기타단일로,승용차,승용차,이륜차,이륜차,908281  ,1673112 ,126.49429768,35.04888928
2017,2017021018,35,야간,금,1,1,0,0,0,전북,군산시,차대사람,횡단중,횡단중,운전자법규위반,안전운전 의무 불이행,단일로,기타단일로,승용차,승용차,보행자,보행자,928392  ,1775763 ,126.70573076,35.97599937
2017,2017021018,45,야간,금,1,1,0,0,0,경북,포항시,차대사람,횡단중,횡단중,운전자법규위반,안전운전 의무 불이행,교차로,교차로횡단보도내,승용차,승용차,보행자,보행자,1166871 ,1778623 ,129.35116554,35.99012863
2017,2017021100,30,야간,토,1,1,0,0,0,경기,안양시,차량단독,기타,기타,운전자법규위반,안전운전 의무 불이행,단일로,기타단일로,원동기장치자전거,원동기장치자전거,없음,없음,951477  ,1935001 ,126.95167435,37.41286975
2017,2017021101,13,야간,토,1,2,1,0,0,울산,북구,차대차,측면충돌,측면충돌,운전자법규위반,앞지르기 금지위반,교차로,교차로내,화물차,화물차,승용차,승용차,1173485 ,1734165 ,129.4148631,35.58835489
2017,2017021102,00,야간,토,1,1,0,0,0,경기,남양주시,차대사람,횡단중,횡단중,운전자법규위반,안전운전 의무 불이행,단일로,기타단일로,승용차,승용차,보행자,보행자,983244  ,1961298 ,127.31004807,37.65101945
2017,2017021102,40,야간,토,1,1,0,0,0,서울,종로구,차대사람,차도통행중,차도통행중,운전자법규위반,신호위반,교차로,교차로내,승용차,승용차,보행자,보행자,953830  ,1952480 ,126.97716597,37.57053361
2017,2017021104,19,야간,토,1,1,0,0,0,부산,동구,차대사람,횡단중,횡단중,운전자법규위반,안전운전 의무 불이행,교차로,교차로횡단보도내,승용차,승용차,보행자,보행자,1140745 ,1682068 ,129.04465264,35.12397282
2017,2017021105,22,야간,토,1,1,0,0,0,경기,시흥시,차대사람,횡단중,횡단중,운전자법규위반,안전운전 의무 불이행,교차로,교차로횡단보도내,승용차,승용차,보행자,보행자,932795  ,1928397 ,126.74117633,37.35217999
2017,2017021110,10,주간,토,1,1,0,0,0,서울,강남구,차대사람,횡단중,횡단중,운전자법규위반,안전운전 의무 불이행,교차로,교차로내,승용차,승용차,보행자,보행자,959803  ,1947177 ,127.04509332,37.5230162
2017,2017021117,05,주간,토,1,1,0,0,0,충남,홍성군,차량단독,전도전복,전도전복,운전자법규위반,안전운전 의무 불이행,단일로,기타단일로,이륜차,이륜차,없음,없음,917065  ,1845380 ,126.57271008,36.60265285
2017,2017021200,06,야간,일,1,1,0,0,0,경기,평택시,차대사람,횡단중,횡단중,운전자법규위반,보행자 보호의무 위반,교차로,교차로횡단보도내,승용차,승용차,보행자,보행자,960426  ,1896980 ,127.05481811,37.07058232
2017,2017021201,30,야간,일,1,1,0,0,0,인천,서구,차대차,추돌,추돌,운전자법규위반,안전운전 의무 불이행,교차로,교차로부근,승용차,승용차,이륜차,이륜차,927017  ,1945452 ,126.67425511,37.5054575
2017,2017021202,20,야간,일,1,1,0,0,0,대전,대덕구,차량단독,도로이탈,도로이탈 기타,운전자법규위반,안전운전 의무 불이행,단일로,기타단일로,승용차,승용차,없음,없음,992686  ,1818469 ,127.4184725,36.36362434
2017,2017021202,40,야간,일,1,1,0,0,0,서울,광진구,차대사람,횡단중,횡단중,운전자법규위반,과속,교차로,교차로내,승용차,승용차,보행자,보행자,963548  ,1951509 ,127.08725897,37.56221774
2017,2017021203,23,야간,일,1,1,0,0,0,부산,금정구,차량단독,공작물충돌,공작물충돌,운전자법규위반,안전운전 의무 불이행,단일로,기타단일로,승용차,승용차,없음,없음,1141078 ,1696179 ,129.05072135,35.25112701
2017,2017021205,20,야간,일,1,2,1,0,0,대전,동구,차대차,정면충돌,정면충돌,운전자법규위반,안전운전 의무 불이행,교차로,교차로부근,승용차,승용차,승용차,승용차,996689  ,1810330 ,127.46312761,36.29026972
2017,2017021206,29,주간,일,1,1,0,0,0,서울,서초구,차대사람,차도통행중,차도통행중,운전자법규위반,과속,단일로,기타단일로,승용차,승용차,보행자,보행자,957508  ,1946406 ,127.01916637,37.51596404
2017,2017021213,14,주간,일,1,1,0,0,0,대구,동구,차대차,기타,기타,운전자법규위반,안전운전 의무 불이행,단일로,기타단일로,승용차,승용차,승합차,승합차,1113224 ,1764695 ,128.75421226,35.87229073
2017,2017021217,15,주간,일,1,1,0,0,0,강원,강릉시,차대사람,횡단중,횡단중,운전자법규위반,안전운전 의무 불이행,단일로,기타단일로,화물차,화물차,보행자,보행자,1122452 ,1980715 ,128.89129981,37.81793446
2017,2017021219,00,야간,일,1,1,0,0,0,경기,여주시,차대사람,기타,기타,운전자법규위반,과속,단일로,기타단일로,승용차,승용차,보행자,보행자,1006249 ,1917617 ,127.57047064,37.25742238
2017,2017021220,10,야간,일,1,1,0,0,0,울산,북구,차대사람,횡단중,횡단중,운전자법규위반,안전운전 의무 불이행,교차로,교차로부근,승용차,승용차,보행자,보행자,1166499 ,1742229 ,129.33945478,35.66222672
2017,2017021220,25,야간,일,1,1,0,0,0,충북,청주시,차량단독,전도전복,전도전복,운전자법규위반,안전운전 의무 불이행,교차로,교차로내,원동기장치자전거,원동기장치자전거,없음,없음,988213  ,1851411 ,127.36811017,36.66055688
2017,2017021220,40,야간,일,1,1,0,0,0,경기,부천시,차대사람,횡단중,횡단중,운전자법규위반,안전운전 의무 불이행,교차로,교차로내,승용차,승용차,보행자,보행자,938063  ,1942760 ,126.79944921,37.48200201
2017,2017021223,40,야간,일,1,1,0,0,0,세종,세종,차대사람,길가장자리구역통행중,길가장자리구역통행중,운전자법규위반,안전운전 의무 불이행,단일로,고가도로위,승용차,승용차,보행자,보행자,982033  ,1844204 ,127.29912847,36.59548957
2017,2017021305,45,야간,월,1,2,0,1,0,서울,동대문구,차대차,정면충돌,정면충돌,운전자법규위반,중앙선 침범,단일로,기타단일로,화물차,화물차,승합차,승합차,960665  ,1954382 ,127.05446177,37.58799426
2017,2017021307,55,주간,월,1,1,0,0,0,전북,익산시,차대차,측면충돌,측면충돌,운전자법규위반,안전운전 의무 불이행,단일로,기타단일로,화물차,화물차,자전거,자전거,951271  ,1773252 ,126.95964423,35.95477269
2017,2017021310,50,주간,월,1,1,0,0,0,경기,오산시,차대차,측면충돌,측면충돌,운전자법규위반,신호위반,교차로,교차로횡단보도내,자전거,자전거,승용차,승용차,963184  ,1903823 ,127.08550713,37.13237777
2017,2017021313,58,주간,월,1,2,0,1,0,경북,경산시,차대차,측면충돌,측면충돌,운전자법규위반,중앙선 침범,단일로,기타단일로,사륜오토바이(ATV),사륜오토바이(ATV),이륜차,이륜차,1124493 ,1753582 ,128.87727929,35.77075463
2017,2017021314,31,주간,월,1,1,0,0,0,대구,동구,차량단독,공작물충돌,공작물충돌,운전자법규위반,안전운전 의무 불이행,단일로,기타단일로,화물차,화물차,없음,없음,1102905 ,1777397 ,128.64157229,35.98792878
2017,2017021316,04,주간,월,1,1,0,0,0,경기,화성시,차량단독,전도전복,전도전복,운전자법규위반,안전운전 의무 불이행,단일로,기타단일로,이륜차,이륜차,없음,없음,963861  ,1909364 ,127.09286121,37.18235054
2017,2017021320,50,야간,월,1,4,2,1,0,대전,대덕구,차대차,기타,기타,운전자법규위반,안전운전 의무 불이행,단일로,기타단일로,화물차,화물차,화물차,화물차,993068  ,1824184 ,127.42267957,36.41514989
2017,2017021322,56,야간,월,1,3,1,1,0,부산,사하구,차대차,정면충돌,정면충돌,운전자법규위반,중앙선 침범,단일로,기타단일로,원동기장치자전거,원동기장치자전거,승용차,승용차,1136188 ,1674668 ,128.99344441,35.05789894
2017,2017021323,24,야간,월,1,1,0,0,0,서울,관악구,차대사람,기타,기타,운전자법규위반,안전운전 의무 불이행,단일로,기타단일로,승용차,승용차,보행자,보행자,947828  ,1942610 ,126.90990296,37.48125328
2017,2017021400,41,야간,화,1,1,0,0,0,전북,전주시,차량단독,공작물충돌,공작물충돌,운전자법규위반,과속,단일로,기타단일로,승용차,승용차,없음,없음,966409  ,1757276 ,127.12850536,35.81150432
2017,2017021404,40,야간,화,1,1,0,0,0,부산,부산진구,차대사람,횡단중,횡단중,운전자법규위반,안전운전 의무 불이행,단일로,기타단일로,승용차,승용차,보행자,보행자,1142845 ,1687182 ,129.06835091,35.16951246