발생년,발생년월일시,발생분,주야,요일,사망자수,사상자수,중상자수,경상자수,부상신고자수,발생지시도,발생지시군구,사고유형_대분류,사고유형_중분류,사고유형,법규위반_대분류,법규위반,도로형태_대분류,도로형태,당사자종별_1당_대분류,당사자종별_1당,당사자종별_2당_대분류,당사자종별_2당,발생위치X_UTMK,발생위치Y_UTMK,경도,위도
2017,2017021407,15,주간,화,1,3,0,2,0,전남,무안군,차대차,추돌,추돌,운전자법규위반,안전운전 의무 불이행,단일로,터널안,승용차,승용차,화물차,화물차,908151  ,1667415 ,126.49375909,34.99532425
2017,2017021408,13,주간,화,1,2,0,1,0,전남,완도군,차대차,추돌,추돌,운전자법규위반,앞지르기 금지위반,교차로,교차로내,화물차,화물차,화물차,화물차,935301  ,1599574 ,126.79619016,34.38787888
2017,2017021411,35,주간,화,1,1,0,0,0,전북,고창군,차대차,추돌,추돌,운전자법규위반,안전운전 의무 불이행,단일로,기타단일로,승용차,승용차,자전거,자전거,912927  ,1724591 ,126.53906357,35.51374029
2017,2017021413,30,주간,화,1,2,1,0,0,경북,경주시,차대사람,횡단중,횡단중,운전자법규위반,안전운전 의무 불이행,단일로,기타단일로,화물차,화물차,보행자,보행자,1154468 ,1765152 ,129.21101312,35.87077183
2017,2017021416,55,주간,화,1,1,0,0,0,충남,천안시,차대차,추돌,추돌,운전자법규위반,안전운전 의무 불이행,단일로,기타단일로,건설기계,건설기계,원동기장치자전거,원동기장치자전거,968512  ,1875395 ,127.14667918,36.87631522
2017,2017021417,40,주간,화,1,1,0,0,0,대구,수성구,차대차,정면충돌,정면충돌,운전자법규위반,안전운전 의무 불이행,단일로,기타단일로,승용차,승용차,이륜차,이륜차,1101613 ,1762058 ,128.6252816,35.84979365
2017,2017021418,45,야간,화,1,1,0,0,0,충남,당진시,차대사람,횡단중,횡단중,운전자법규위반,안전운전 의무 불이행,단일로,기타단일로,승용차,승용차,보행자,보행자,934056  ,1884447 ,126.75928798,36.95612998
2017,2017021419,30,야간,화,1,2,1,0,0,경북,칠곡군,차대사람,길가장자리구역통행중,길가장자리구역통행중,운전자법규위반,안전운전 의무 불이행,단일로,기타단일로,승용차,승용차,보행자,보행자,1084412 ,1781886 ,128.43692706,36.03017249
2017,2017021419,06,야간,화,1,1,0,0,0,울산,울주군,차대사람,횡단중,횡단중,운전자법규위반,안전운전 의무 불이행,단일로,기타단일로,승용차,승용차,보행자,보행자,1160404 ,1734141 ,129.27053928,35.59034581
2017,2017021421,20,야간,화,1,1,0,0,0,광주,서구,차대사람,기타,기타,운전자법규위반,안전운전 의무 불이행,단일로,기타단일로,승용차,승용차,보행자,보행자,940640  ,1684354 ,126.84828316,35.15267757
2017,2017021421,45,야간,화,1,1,0,0,0,경북,성주군,차대차,기타,기타,운전자법규위반,안전운전 의무 불이행,단일로,기타단일로,화물차,화물차,화물차,화물차,1067333 ,1777577 ,128.24700921,35.99265744
2017,2017021423,45,야간,화,1,1,0,0,0,광주,광산구,차대사람,횡단중,횡단중,운전자법규위반,안전운전 의무 불이행,단일로,기타단일로,화물차,화물차,보행자,보행자,940826  ,1691553 ,126.84980833,35.21759893
2017,2017021508,30,주간,수,1,2,0,0,1,경기,평택시,차대차,정면충돌,정면충돌,운전자법규위반,직진 및 우회전차의 통행방해,교차로,교차로내,승용차,승용차,승용차,승용차,941640  ,1886317 ,126.84432487,36.97348675
2017,2017021512,45,주간,수,1,1,0,0,0,충남,아산시,차대사람,횡단중,횡단중,운전자법규위반,안전운전 의무 불이행,단일로,기타단일로,화물차,화물차,보행자,보행자,945951  ,1875435 ,126.89353386,36.87565359
2017,2017021515,30,주간,수,1,1,0,0,0,전북,익산시,차대사람,횡단중,횡단중,운전자법규위반,중앙선 침범,단일로,기타단일로,승용차,승용차,보행자,보행자,949907  ,1770865 ,126.94467006,35.93318339
2017,2017021519,20,야간,수,1,2,0,1,0,전북,순창군,차대차,추돌,추돌,운전자법규위반,안전운전 의무 불이행,단일로,기타단일로,승용차,승용차,화물차,화물차,967659  ,1714129 ,127.14374489,35.42238638
2017,2017021519,19,야간,수,1,1,0,0,0,경북,포항시,차대사람,횡단중,횡단중,운전자법규위반,안전운전 의무 불이행,교차로,교차로내,승용차,승용차,보행자,보행자,1164721 ,1784792 ,129.32860994,36.04608504
2017,2017021519,30,야간,수,1,1,0,0,0,대구,서구,차대사람,횡단중,횡단중,운전자법규위반,안전운전 의무 불이행,교차로,교차로내,승용차,승용차,보행자,보행자,1094609 ,1765272 ,128.5481115,35.87946799
2017,2017021522,45,야간,수,1,1,0,0,0,인천,서구,차대사람,횡단중,횡단중,운전자법규위반,안전운전 의무 불이행,단일로,기타단일로,승용차,승용차,보행자,보행자,927705  ,1944537 ,126.68212851,37.49726499
2017,2017021602,20,야간,목,1,1,0,0,0,대전,서구,차대사람,차도통행중,차도통행중,운전자법규위반,안전운전 의무 불이행,단일로,기타단일로,화물차,화물차,보행자,보행자,988061  ,1817846 ,127.36692834,36.35796146
2017,2017021602,20,야간,목,1,1,0,0,0,경남,김해시,차대사람,차도통행중,차도통행중,운전자법규위반,안전운전 의무 불이행,단일로,기타단일로,승용차,승용차,보행자,보행자,1115202 ,1688158 ,128.76523977,35.18212252
2017,2017021605,38,야간,목,1,1,0,0,0,경북,안동시,차대사람,횡단중,횡단중,운전자법규위반,안전운전 의무 불이행,단일로,교량위,화물차,화물차,보행자,보행자,1104570 ,1834071 ,128.66761393,36.49859474
2017,2017021605,15,야간,목,1,1,0,0,0,경기,수원시,차량단독,공작물충돌,공작물충돌,운전자법규위반,안전운전 의무 불이행,단일로,기타단일로,화물차,화물차,없음,없음,957747  ,1923915 ,127.00361512,37.31270008
2017,2017021605,10,야간,목,1,1,0,0,0,경기,파주시,차량단독,전도전복,전도전복,운전자법규위반,안전운전 의무 불이행,단일로,기타단일로,승용차,승용차,없음,없음,936872  ,1980514 ,126.78271355,37.82218794
2017,2017021606,10,주간,목,1,1,0,0,0,경기,용인시,차대사람,횡단중,횡단중,운전자법규위반,안전운전 의무 불이행,단일로,기타단일로,화물차,화물차,보행자,보행자,964875  ,1917712 ,127.10389131,37.2576371
2017,2017021609,45,주간,목,1,1,0,0,0,대전,중구,차대사람,횡단중,횡단중,운전자법규위반,보행자 보호의무 위반,교차로,교차로내,승합차,승합차,보행자,보행자,989801  ,1813617 ,127.38637767,36.3198553
2017,2017021612,00,주간,목,1,1,0,0,0,경기,파주시,차대사람,횡단중,횡단중,운전자법규위반,안전운전 의무 불이행,교차로,교차로내,승용차,승용차,보행자,보행자,933947  ,1969500 ,126.75048379,37.72271747
2017,2017021615,30,주간,목,1,1,0,0,0,경남,김해시,차대사람,횡단중,횡단중,운전자법규위반,안전운전 의무 불이행,단일로,기타단일로,화물차,화물차,보행자,보행자,1124031 ,1697459 ,128.86358539,35.26491521
2017,2017021618,48,야간,목,1,1,0,0,0,전남,순천시,차대사람,횡단중,횡단중,운전자법규위반,안전운전 의무 불이행,교차로,교차로부근,승용차,승용차,보행자,보행자,998509  ,1663748 ,127.4836668,34.96861772
2017,2017021618,59,야간,목,2,3,0,1,0,충남,공주시,차대사람,횡단중,횡단중,운전자법규위반,신호위반,교차로,교차로횡단보도내,승용차,승용차,보행자,보행자,958155  ,1828225 ,127.03304405,36.45069236
2017,2017021619,10,야간,목,1,1,0,0,0,전북,부안군,차대사람,횡단중,횡단중,운전자법규위반,안전운전 의무 불이행,단일로,기타단일로,승용차,승용차,보행자,보행자,935813  ,1745746 ,126.79045202,35.7058981
2017,2017021620,56,야간,목,1,1,0,0,0,경기,하남시,차대차,추돌,추돌,운전자법규위반,안전운전 의무 불이행,단일로,기타단일로,승용차,승용차,원동기장치자전거,원동기장치자전거,968696  ,1946984 ,127.145741,37.52162136
2017,2017021623,43,야간,목,1,1,0,0,0,서울,중랑구,차대차,기타,기타,운전자법규위반,안전운전 의무 불이행,교차로,교차로내,승용차,승용차,승용차,승용차,962912  ,1952584 ,127.08005175,37.57275074
2017,2017021701,20,야간,금,1,1,0,0,0,충남,예산군,차량단독,전도,전도,운전자법규위반,안전운전 의무 불이행,단일로,기타단일로,승용차,승용차,없음,없음,936613  ,1842509 ,126.79149392,36.57827279
2017,2017021712,40,주간,금,1,1,0,0,0,강원,홍천군,차량단독,전도,전도,운전자법규위반,안전운전 의무 불이행,교차로,교차로부근,승용차,승용차,없음,없음,1030012 ,1962979 ,127.84006812,37.66555881
2017,2017021718,38,야간,금,1,5,1,3,0,경기,의정부시,차대차,추돌,추돌,운전자법규위반,안전운전 의무 불이행,단일로,기타단일로,화물차,화물차,승용차,승용차,960183  ,1966415 ,127.04834627,37.69642899
2017,2017021719,14,야간,금,1,2,1,0,0,충남,당진시,차대차,측면충돌,측면충돌,운전자법규위반,중앙선 침범,단일로,기타단일로,화물차,화물차,승용차,승용차,917933  ,1890077 ,126.57759419,37.00560715
2017,2017021719,50,야간,금,1,1,0,0,0,경남,밀양시,차대사람,차도통행중,차도통행중,운전자법규위반,안전운전 의무 불이행,단일로,기타단일로,승용차,승용차,보행자,보행자,1122010 ,1714685 ,128.84394167,35.42044642
2017,2017021800,46,야간,토,1,1,0,0,0,경남,창원시(통합),차대사람,횡단중,횡단중,운전자법규위반,안전운전 의무 불이행,교차로,교차로횡단보도내,승용차,승용차,보행자,보행자,1109825 ,1684820 ,128.70575288,35.15263229
2017,2017021801,23,야간,토,1,1,0,0,0,서울,성동구,차량단독,전도전복,전도전복,운전자법규위반,안전운전 의무 불이행,단일로,기타단일로,이륜차,이륜차,없음,없음,958955  ,1952565 ,127.0351954,37.5715425
2017,2017021801,35,야간,토,1,3,2,0,0,충남,아산시,차대차,추돌,추돌,운전자법규위반,기타(운전자법규위반),단일로,기타단일로,승용차,승용차,승용차,승용차,962880  ,1864600 ,127.08401212,36.77879951
2017,2017021805,12,야간,토,1,6,3,2,0,부산,해운대구,차대차,정면충돌,정면충돌,운전자법규위반,중앙선 침범,단일로,기타단일로,승용차,승용차,승용차,승용차,1151316 ,1686205 ,129.16539573,35.16224021
2017,2017021806,50,주간,토,1,1,0,0,0,경북,청송군,차대사람,길가장자리구역통행중,길가장자리구역통행중,운전자법규위반,안전운전 의무 불이행,단일로,기타단일로,승용차,승용차,보행자,보행자,1141204 ,1819919 ,129.07396475,36.3663551
2017,2017021810,10,주간,토,1,1,0,0,0,서울,동작구,차대사람,기타,기타,운전자법규위반,안전운전 의무 불이행,단일로,기타단일로,건설기계,건설기계,보행자,보행자,951286  ,1945010 ,126.9488544,37.50307397
2017,2017021811,50,주간,토,1,1,0,0,0,경북,영천시,차대사람,횡단중,횡단중,운전자법규위반,안전운전 의무 불이행,단일로,고가도로위,특수차,특수차,보행자,보행자,1134728 ,1771513 ,128.99350528,35.9310188
2017,2017021812,00,주간,토,1,3,1,1,0,충남,보령시,차대차,측면충돌,측면충돌,운전자법규위반,직진 및 우회전차의 통행방해,교차로,교차로내,승용차,승용차,특수차,특수차,917783  ,1819167 ,126.5835245,36.36642969
2017,2017021814,19,주간,토,1,1,0,0,0,경남,창원시(통합),차대사람,횡단중,횡단중,운전자법규위반,과속,교차로,교차로부근,승용차,승용차,보행자,보행자,1096163 ,1689824 ,128.55636754,35.19914633
2017,2017021815,50,주간,토,1,1,0,0,0,충남,계룡시,차대차,정면충돌,정면충돌,운전자법규위반,안전운전 의무 불이행,교차로,교차로내,승용차,승용차,이륜차,이륜차,978264  ,1808564 ,127.25799082,36.27410914
2017,2017021816,05,주간,토,1,3,0,2,0,전북,군산시,차대차,추돌,추돌,운전자법규위반,안전운전 의무 불이행,단일로,기타단일로,이륜차,이륜차,승용차,승용차,911336  ,1767038 ,126.51754366,35.89594469
2017,2017021900,30,야간,일,2,2,0,0,0,제주,제주시,차대사람,횡단중,횡단중,운전자법규위반,안전운전 의무 불이행,단일로,기타단일로,승용차,승용차,보행자,보행자,910758  ,1502026 ,126.53917152,33.50639227
2017,2017021902,22,야간,일,1,1,0,0,0,서울,성북구,차량단독,전도,전도,운전자법규위반,과속,단일로,고가도로위,승용차,승용차,없음,없음,961449  ,1957289 ,127.06318855,37.61422896
2017,2017021904,08,야간,일,1,1,0,0,0,경남,창원시(통합),차대사람,기타,기타,운전자법규위반,안전운전 의무 불이행,단일로,기타단일로,승용차,승용차,보행자,보행자,1098689 ,1694551 ,128.58467864,35.24151734
2017,2017021917,10,주간,일,1,1,0,0,0,경기,오산시,차대차,측면충돌,측면충돌,운전자법규위반,안전운전 의무 불이행,교차로,교차로내,승용차,승용차,이륜차,이륜차,961136  ,1906681 ,127.0623019,37.15805676
2017,2017021919,50,야간,일,1,1,0,0,0,제주,제주시,차대차,추돌,추돌,운전자법규위반,안전운전 의무 불이행,단일로,기타단일로,승용차,승용차,사륜오토바이(ATV),사륜오토바이(ATV),885370  ,1490777 ,126.26731578,33.40253192
2017,2017021920,04,야간,일,1,5,0,4,0,경기,안성시,차대차,정면충돌,정면충돌,운전자법규위반,안전운전 의무 불이행,단일로,기타단일로,화물차,화물차,승합차,승합차,976648  ,1882870 ,127.23774009,36.94393474
2017,2017021921,13,야간,일,1,1,0,0,0,경기,용인시,차대차,정면충돌,정면충돌,운전자법규위반,과속,교차로,교차로횡단보도내,승용차,승용차,승용차,승용차,962948  ,1919208 ,127.08208631,37.27104703
2017,2017022006,50,주간,월,1,2,0,1,0,전남,보성군,차량단독,전도,전도,운전자법규위반,안전운전 의무 불이행,단일로,기타단일로,승용차,승용차,없음,없음,962075  ,1631645 ,127.08718542,34.67734593
2017,2017022010,50,주간,월,1,1,0,0,0,경기,고양시,차대차,측면충돌,측면충돌,운전자법규위반,안전운전 의무 불이행,단일로,기타단일로,승용차,승용차,화물차,화물차,938727  ,1960552 ,126.80547193,37.64240398
2017,2017022011,55,주간,월,1,1,0,0,0,충북,괴산군,차대사람,길가장자리구역통행중,길가장자리구역통행중,운전자법규위반,안전운전 의무 불이행,단일로,기타단일로,승용차,승용차,보행자,보행자,1026264 ,1853594 ,127.79395268,36.67994669
2017,2017022014,37,주간,월,1,1,0,0,0,경기,용인시,차대사람,횡단중,횡단중,운전자법규위반,안전운전 의무 불이행,교차로,교차로부근,승용차,승용차,보행자,보행자,981026  ,1914937 ,127.28609706,37.23309251
2017,2017022019,10,야간,월,1,1,0,0,0,서울,강북구,차대사람,기타,기타,운전자법규위반,안전운전 의무 불이행,교차로,교차로내,화물차,화물차,보행자,보행자,958815  ,1960189 ,127.0331808,37.64025292
2017,2017022020,00,야간,월,1,2,0,1,0,전북,군산시,차대사람,횡단중,횡단중,운전자법규위반,과속,교차로,교차로내,승용차,승용차,보행자,보행자,925982  ,1775707 ,126.67833076,35.97527301
2017,2017022020,02,야간,월,1,1,0,0,0,경북,칠곡군,차량단독,공작물충돌,공작물충돌,운전자법규위반,안전운전 의무 불이행,단일로,기타단일로,승용차,승용차,없음,없음,1101893 ,1780964 ,128.63080676,36.02018865
2017,2017022021,55,야간,월,1,4,3,0,0,충남,홍성군,차대차,측면충돌,측면충돌,운전자법규위반,중앙선 침범,단일로,기타단일로,승용차,승용차,승용차,승용차,925306  ,1848190 ,126.66456948,36.62866363
2017,2017022022,14,야간,월,1,1,0,0,0,인천,남구,차대사람,횡단중,횡단중,운전자법규위반,안전운전 의무 불이행,단일로,기타단일로,승합차,승합차,보행자,보행자,925887  ,1941101 ,126.6619095,37.46615309
2017,2017022104,48,야간,화,1,1,0,0,0,충남,아산시,차대차,추돌,추돌,운전자법규위반,안전운전 의무 불이행,단일로,기타단일로,승용차,승용차,승합차,승합차,960188  ,1868182 ,127.05365754,36.81098002
2017,2017022106,45,주간,화,1,1,0,0,0,경남,양산시,차대차,측면충돌,측면충돌,운전자법규위반,안전거리 미확보,단일로,기타단일로,특수차,특수차,원동기장치자전거,원동기장치자전거,1139484 ,1708018 ,129.0352207,35.35805766
2017,2017022106,48,주간,화,1,1,0,0,0,경기,광주시,차대사람,횡단중,횡단중,운전자법규위반,안전운전 의무 불이행,단일로,기타단일로,승용차,승용차,보행자,보행자,986032  ,1927915 ,127.34228786,37.35016405
2017,2017022111,00,주간,화,3,3,0,0,0,경기,광주시,차대차,측면충돌,측면충돌,운전자법규위반,부당한 회전,단일로,기타단일로,화물차,화물차,화물차,화물차,981688  ,1931457 ,127.29315255,37.38201542
2017,2017022116,00,주간,화,1,1,0,0,0,경북,상주시,차대차,측면충돌,측면충돌,운전자법규위반,교차로 통행방법 위반,교차로,교차로내,승용차,승용차,이륜차,이륜차,1059354 ,1823825 ,128.16199513,36.41010353
2017,2017022118,30,야간,화,1,1,0,0,0,경북,경산시,차대사람,기타,기타,운전자법규위반,안전운전 의무 불이행,교차로,교차로내,승용차,승용차,보행자,보행자,1119531 ,1769226 ,128.82474056,35.91238211
2017,2017022119,24,야간,화,1,1,0,0,0,전남,여수시,차대차,기타,기타,운전자법규위반,안전운전 의무 불이행,단일로,기타단일로,승합차,승합차,화물차,화물차,1020894 ,1638956 ,127.72826465,34.74483922
2017,2017022123,04,야간,화,1,1,0,0,0,경남,함안군,차대사람,횡단중,횡단중,운전자법규위반,안전운전 의무 불이행,단일로,기타단일로,승용차,승용차,보행자,보행자,1081338 ,1697837 ,128.39432424,35.27270259
2017,2017022206,44,주간,수,1,1,0,0,0,전북,군산시,차대사람,횡단중,횡단중,운전자법규위반,안전운전 의무 불이행,교차로,교차로내,승용차,승용차,보행자,보행자,926948  ,1773763 ,126.68989968,35.9578621
2017,2017022206,35,주간,수,1,1,0,0,0,충북,음성군,차대사람,횡단중,횡단중,운전자법규위반,안전운전 의무 불이행,단일로,기타단일로,승용차,승용차,보행자,보행자,1007212 ,1884577 ,127.58101264,36.95958442
2017,2017022213,20,주간,수,1,1,0,0,0,세종,세종,차량단독,기타,기타,운전자법규위반,안전운전 의무 불이행,단일로,기타단일로,화물차,화물차,없음,없음,990940  ,1836958 ,127.398794,36.53029253
2017,2017022214,30,주간,수,1,2,1,0,0,전남,여수시,차대차,정면충돌,정면충돌,운전자법규위반,중앙선 침범,단일로,기타단일로,화물차,화물차,특수차,특수차,1017485 ,1648946 ,127.69122974,34.83499019
2017,2017022214,30,주간,수,3,3,0,0,0,경남,함안군,차대차,추돌,추돌,운전자법규위반,안전운전 의무 불이행,단일로,기타단일로,화물차,화물차,승용차,승용차,1091556 ,1699457 ,128.50683895,35.28642532
2017,2017022215,50,주간,수,1,1,0,0,0,경기,시흥시,차대차,추돌,추돌,운전자법규위반,안전운전 의무 불이행,단일로,기타단일로,이륜차,이륜차,승용차,승용차,938221  ,1940453 ,126.80142972,37.46121952
2017,2017022217,30,주간,수,1,43,1,41,0,충북,단양군,차량단독,기타,기타,운전자법규위반,과속,단일로,기타단일로,승합차,승합차,없음,없음,1070623 ,1889487 ,128.2937359,37.00121906
2017,2017022219,40,야간,수,1,1,0,0,0,충북,진천군,차대사람,횡단중,횡단중,운전자법규위반,안전운전 의무 불이행,교차로,교차로횡단보도내,승합차,승합차,보행자,보행자,994762  ,1874587 ,127.44123049,36.86954208
2017,2017022220,15,야간,수,1,1,0,0,0,대구,달서구,차대차,측면충돌,측면충돌,운전자법규위반,신호위반,교차로,교차로내,원동기장치자전거,원동기장치자전거,화물차,화물차,1093087 ,1760566 ,128.53070336,35.83719077
2017,2017022220,20,야간,수,1,3,1,1,0,전남,여수시,차대차,정면충돌,정면충돌,운전자법규위반,중앙선 침범,단일로,기타단일로,승용차,승용차,승용차,승용차,1013779 ,1644938 ,127.65063235,34.79890428
2017,2017022302,14,야간,목,1,1,0,0,0,충북,제천시,차대사람,횡단중,횡단중,운전자법규위반,과속,단일로,기타단일로,승용차,승용차,보행자,보행자,1065359 ,1907571 ,128.23615268,37.16460112
2017,2017022304,59,야간,목,1,1,0,0,0,서울,송파구,차대사람,횡단중,횡단중,운전자법규위반,신호위반,교차로,교차로내,승용차,승용차,보행자,보행자,968669  ,1944100 ,127.14555839,37.49562557
2017,2017022306,40,주간,목,1,1,0,0,0,전북,김제시,차대사람,횡단중,횡단중,운전자법규위반,보행자 보호의무 위반,교차로,교차로횡단보도내,승용차,승용차,보행자,보행자,945385  ,1756576 ,126.89552087,35.80411658
2017,2017022310,27,주간,목,1,1,0,0,0,경북,안동시,차량단독,전도전복,전도전복,운전자법규위반,안전운전 의무 불이행,단일로,기타단일로,건설기계,건설기계,없음,없음,1092934 ,1844336 ,128.53894605,36.59232045
2017,2017022312,59,주간,목,1,1,0,0,0,서울,은평구,차대사람,횡단중,횡단중,운전자법규위반,보행자 보호의무 위반,교차로,교차로횡단보도내,승합차,승합차,보행자,보행자,948723  ,1959621 ,126.91883586,37.63462549
2017,2017022317,00,주간,목,1,1,0,0,0,충북,청주시,차대차,측면충돌,측면충돌,운전자법규위반,안전운전 의무 불이행,교차로,교차로내,건설기계,건설기계,자전거,자전거,999190  ,1848268 ,127.49093987,36.63229552
2017,2017022322,00,야간,목,1,1,0,0,0,대구,동구,차대차,기타,기타,운전자법규위반,안전운전 의무 불이행,단일로,기타단일로,승용차,승용차,승용차,승용차,1101133 ,1764885 ,128.62032551,35.87532709
2017,2017022401,10,야간,금,1,1,0,0,0,경기,오산시,차대차,기타,기타,운전자법규위반,안전운전 의무 불이행,단일로,기타단일로,승용차,승용차,승용차,승용차,961037  ,1904044 ,127.06132427,37.13428287
2017,2017022403,08,야간,금,1,1,0,0,0,충남,태안군,차량단독,전도전복,전도전복,운전자법규위반,안전거리 미확보,단일로,기타단일로,승용차,승용차,없음,없음,896854  ,1836025 ,126.34802236,36.51636137
2017,2017022406,45,주간,금,1,1,0,0,0,경기,평택시,차대사람,횡단중,횡단중,운전자법규위반,보행자 보호의무 위반,교차로,교차로횡단보도내,승합차,승합차,보행자,보행자,949556  ,1894080 ,126.93273716,37.04392006
2017,2017022410,45,주간,금,1,1,0,0,0,서울,동작구,차대사람,횡단중,횡단중,운전자법규위반,안전운전 의무 불이행,교차로,교차로내,승용차,승용차,보행자,보행자,950312  ,1944217 ,126.93788871,37.49587455
2017,2017022411,57,주간,금,1,1,0,0,0,제주,서귀포시,차량단독,전도전복,전도전복,운전자법규위반,안전운전 의무 불이행,단일로,기타단일로,화물차,화물차,없음,없음,902522  ,1477376 ,126.45317936,33.28337201
2017,2017022413,30,주간,금,1,2,1,0,0,경기,양평군,차량단독,공작물충돌,공작물충돌,운전자법규위반,안전운전 의무 불이행,교차로,교차로내,화물차,화물차,없음,없음,988819  ,1947070 ,127.37346534,37.52286004
2017,2017022413,30,주간,금,1,1,0,0,0,전북,부안군,차대차,측면충돌,측면충돌,운전자법규위반,신호위반,교차로,교차로내,원동기장치자전거,원동기장치자전거,승용차,승용차,927339  ,1748450 ,126.69654021,35.72968731
2017,2017022415,25,주간,금,1,3,2,0,0,충남,공주시,차대차,정면충돌,정면충돌,운전자법규위반,중앙선 침범,단일로,교량위,화물차,화물차,화물차,화물차,963127  ,1828149 ,127.08852974,36.45021137
2017,2017022419,30,야간,금,1,1,0,0,0,충북,충주시,차대사람,횡단중,횡단중,운전자법규위반,신호위반,교차로,교차로횡단보도내,승용차,승용차,보행자,보행자,1029524 ,1885852 ,127.83169157,36.97064222
2017,2017022420,23,야간,금,1,4,1,1,1,서울,송파구,차대차,측면충돌,측면충돌,운전자법규위반,안전운전 의무 불이행,단일로,기타단일로,승용차,승용차,승용차,승용차,967459  ,1942040 ,127.12877932,37.47504547
2017,2017022501,05,야간,토,1,1,0,0,0,충남,보령시,차대차,기타,기타,운전자법규위반,안전운전 의무 불이행,교차로,교차로부근,승용차,승용차,화물차,화물차,919528  ,1813944 ,126.60351374,36.31949552
2017,2017022501,10,야간,토,1,1,0,0,0,광주,북구,차량단독,공작물충돌,공작물충돌,운전자법규위반,안전운전 의무 불이행,단일로,기타단일로,화물차,화물차,없음,없음,941029  ,1693458 ,126.85190215,35.23478737
2017,2017022503,10,야간,토,1,1,0,0,0,부산,남구,차대사람,횡단중,횡단중,운전자법규위반,안전운전 의무 불이행,교차로,교차로부근,화물차,화물차,보행자,보행자,1143605 ,1682174 ,129.07604861,35.12452426
2017,2017022514,40,주간,토,1,2,0,1,0,전남,진도군,차량단독,전도,전도,운전자법규위반,안전운전 의무 불이행,단일로,기타단일로,사륜오토바이(ATV),사륜오토바이(ATV),없음,없음,878094  ,1603426 ,126.17342525,34.41748406
2017,2017022515,05,주간,토,1,3,1,1,0,전북,무주군,차대차,추돌,추돌,운전자법규위반,안전운전 의무 불이행,교차로,교차로부근,승합차,승합차,승용차,승용차,1013708 ,1775294 ,127.65238517,35.97414343
2017,2017022517,50,주간,토,1,1,0,0,0,경남,사천시,차대사람,횡단중,횡단중,운전자법규위반,안전운전 의무 불이행,단일로,기타단일로,승용차,승용차,보행자,보행자,1052978 ,1660357 ,128.08012014,34.9366554
2017,2017022517,55,주간,토,1,2,0,1,0,경북,김천시,차량단독,전도,전도,운전자법규위반,안전운전 의무 불이행,단일로,기타단일로,승용차,승용차,없음,없음,1056766 ,1783100 ,128.13017952,36.04312202
2017,2017022518,48,야간,토,1,1,0,0,0,전북,전주시,차대사람,횡단중,횡단중,운전자법규위반,과속,교차로,교차로내,승용차,승용차,보행자,보행자,960788  ,1755006 ,127.06607309,35.79069776
2017,2017022600,20,야간,일,1,1,0,0,0,대전,중구,차대차,추돌,추돌,운전자법규위반,안전운전 의무 불이행,단일로,기타단일로,원동기장치자전거,원동기장치자전거,승합차,승합차,990265  ,1813794 ,127.39154466,36.32145583
2017,2017022602,22,야간,일,1,1,0,0,0,전남,구례군,차량단독,전도,전도,운전자법규위반,안전운전 의무 불이행,단일로,기타단일로,승용차,승용차,없음,없음,999020  ,1688530 ,127.48862008,35.19239395
2017,2017022620,50,야간,일,1,1,0,0,0,충남,당진시,차대사람,횡단중,횡단중,운전자법규위반,안전운전 의무 불이행,단일로,기타단일로,승용차,승용차,보행자,보행자,936564  ,1882769 ,126.78759779,36.94117718
2017,2017022620,40,야간,일,1,1,0,0,0,광주,북구,차대사람,기타,기타,운전자법규위반,안전운전 의무 불이행,단일로,기타단일로,승용차,승용차,보행자,보행자,945766  ,1688908 ,126.9019796,35.20325589
2017,2017022702,06,야간,월,1,1,0,0,0,경기,안양시,차량단독,전도전복,전도전복,운전자법규위반,안전운전 의무 불이행,단일로,기타단일로,이륜차,이륜차,없음,없음,946992  ,1934030 ,126.9010645,37.40387191
2017,2017022704,00,야간,월,1,2,0,1,0,전북,익산시,차대차,추돌,추돌,운전자법규위반,안전운전 의무 불이행,단일로,기타단일로,승용차,승용차,화물차,화물차,942987  ,1768454 ,126.86813195,35.91106762
2017,2017022706,40,주간,월,1,1,0,0,0,충남,서천군,차대사람,차도통행중,차도통행중,운전자법규위반,안전운전 의무 불이행,단일로,기타단일로,승용차,승용차,보행자,보행자,939167  ,1789245 ,126.82420026,36.09827469
2017,2017022707,30,주간,월,1,1,0,0,0,충북,진천군,차량단독,전도전복,전도전복,운전자법규위반,안전운전 의무 불이행,단일로,기타단일로,승용차,승용차,없음,없음,981898  ,1877810 ,127.29682207,36.89843697
2017,2017022710,05,주간,월,1,1,0,0,0,경북,구미시,차대차,후진중충돌,후진중충돌,운전자법규위반,안전운전 의무 불이행,단일로,기타단일로,건설기계,건설기계,자전거,자전거,1076198 ,1793303 ,128.34686867,36.1337725
2017,2017022711,50,주간,월,1,1,0,0,0,경기,파주시,차량단독,기타,기타,운전자법규위반,기타(운전자법규위반),단일로,기타단일로,자전거,자전거,없음,없음,928003  ,1967518 ,126.68323821,37.70440677
2017,2017022714,45,주간,월,1,1,0,0,0,충남,홍성군,차대차,정면충돌,정면충돌,운전자법규위반,교차로 통행방법 위반,교차로,교차로내,승용차,승용차,이륜차,이륜차,925060  ,1845502 ,126.66208055,36.60441455