발생년,발생년월일시,발생분,주야,요일,사망자수,사상자수,중상자수,경상자수,부상신고자수,발생지시도,발생지시군구,사고유형_대분류,사고유형_중분류,사고유형,법규위반_대분류,법규위반,도로형태_대분류,도로형태,당사자종별_1당_대분류,당사자종별_1당,당사자종별_2당_대분류,당사자종별_2당,발생위치X_UTMK,발생위치Y_UTMK,경도,위도
2017,2017022714,50,주간,월,1,5,4,0,0,충남,논산시,차대차,정면충돌,정면충돌,운전자법규위반,중앙선 침범,단일로,기타단일로,승용차,승용차,승용차,승용차,957433  ,1796333 ,127.02672797,36.16314872
2017,2017022715,37,주간,월,1,3,2,0,0,강원,속초시,차대차,추돌,추돌,운전자법규위반,안전운전 의무 불이행,단일로,기타단일로,화물차,화물차,승용차,승용차,1093213 ,2023460 ,128.56466325,38.20661099
2017,2017022717,50,주간,월,1,1,0,0,0,경남,밀양시,차대차,추돌,추돌,운전자법규위반,과속,교차로,교차로부근,화물차,화물차,원동기장치자전거,원동기장치자전거,1125044 ,1732869 ,128.88015442,35.58398184
2017,2017022719,02,야간,월,1,1,0,0,0,서울,도봉구,차대사람,차도통행중,차도통행중,운전자법규위반,안전운전 의무 불이행,기타,기타,화물차,화물차,보행자,보행자,960104  ,1961467 ,127.04772095,37.65182864
2017,2017022721,45,야간,월,1,1,0,0,0,충북,증평군,차대사람,횡단중,횡단중,운전자법규위반,안전운전 의무 불이행,교차로,교차로내,화물차,화물차,보행자,보행자,1007733 ,1865559 ,127.58667113,36.78814041
2017,2017022722,12,야간,월,1,1,0,0,0,서울,강서구,차대사람,차도통행중,차도통행중,운전자법규위반,안전운전 의무 불이행,단일로,기타단일로,승합차,승합차,보행자,보행자,942646  ,1950584 ,126.85067221,37.55281617
2017,2017022801,36,야간,화,1,1,0,0,0,인천,중구,차대차,추돌,추돌,운전자법규위반,안전운전 의무 불이행,단일로,기타단일로,승용차,승용차,승용차,승용차,918666  ,1944019 ,126.57993921,37.49184434
2017,2017022803,20,야간,화,1,1,0,0,0,광주,동구,차대차,기타,기타,운전자법규위반,안전운전 의무 불이행,단일로,기타단일로,승용차,승용차,승용차,승용차,948643  ,1685046 ,126.93610142,35.15935792
2017,2017022805,42,야간,화,1,1,0,0,0,광주,북구,차대사람,횡단중,횡단중,운전자법규위반,과속,교차로,교차로내,승용차,승용차,보행자,보행자,942956  ,1689335 ,126.87336473,35.19772355
2017,2017022809,55,주간,화,1,1,0,0,0,경기,수원시,차대사람,횡단중,횡단중,운전자법규위반,안전운전 의무 불이행,단일로,기타단일로,승용차,승용차,보행자,보행자,953166  ,1923121 ,126.97151124,37.30587638
2017,2017022810,20,주간,화,1,4,3,0,0,충남,천안시,차대차,정면충돌,정면충돌,운전자법규위반,중앙선 침범,단일로,기타단일로,승용차,승용차,승합차,승합차,971435  ,1863799 ,127.17991279,36.77187541
2017,2017022811,40,주간,화,1,1,0,0,0,경기,이천시,차량단독,전도,전도,운전자법규위반,안전운전 의무 불이행,교차로,교차로부근,이륜차,이륜차,없음,없음,995283  ,1925477 ,127.44675597,37.32828128
2017,2017022812,44,주간,화,1,1,0,0,0,경기,파주시,차대차,측면충돌,측면충돌,운전자법규위반,교차로 통행방법 위반,교차로,교차로내,원동기장치자전거,원동기장치자전거,화물차,화물차,946052  ,1978325 ,126.88717765,37.8030482
2017,2017022812,55,주간,화,1,2,1,0,0,제주,제주시,차대차,측면충돌,측면충돌,운전자법규위반,교차로 통행방법 위반,교차로,교차로내,이륜차,이륜차,승용차,승용차,913400  ,1503950 ,126.56742725,33.52396105
2017,2017022814,05,주간,화,1,2,1,0,0,경기,연천군,차량단독,전도전복,전도전복,운전자법규위반,안전운전 의무 불이행,단일로,기타단일로,건설기계,건설기계,없음,없음,965633  ,2020590 ,127.1075777,38.18491694
2017,2017022815,12,주간,화,1,4,0,3,0,전북,완주군,차대차,추돌,추돌,운전자법규위반,안전운전 의무 불이행,단일로,기타단일로,화물차,화물차,특수차,특수차,961057  ,1769017 ,127.06836567,35.91703035
2017,2017022818,50,야간,화,1,1,0,0,0,전북,전주시,차대사람,횡단중,횡단중,운전자법규위반,안전운전 의무 불이행,교차로,교차로부근,승용차,승용차,보행자,보행자,968476  ,1764804 ,127.15076134,35.87931368
2017,2017022819,20,야간,화,1,1,0,0,0,경기,의왕시,차대사람,횡단중,횡단중,운전자법규위반,과속,단일로,기타단일로,승용차,승용차,보행자,보행자,953799  ,1927043 ,126.97840965,37.34125926
2017,2017022823,20,야간,화,1,2,1,0,0,서울,강동구,차대차,기타,기타,운전자법규위반,중앙선 침범,교차로,교차로부근,원동기장치자전거,원동기장치자전거,승합차,승합차,968026  ,1948333 ,127.13810019,37.53375751
2017,2017030100,45,야간,수,1,1,0,0,0,부산,해운대구,차대차,측면충돌,측면충돌,운전자법규위반,신호위반,교차로,교차로내,승용차,승용차,승용차,승용차,1152563 ,1687895 ,129.17537141,35.17477806
2017,2017030100,53,야간,수,1,1,0,0,0,충북,보은군,차량단독,전도,전도,운전자법규위반,안전운전 의무 불이행,교차로,교차로부근,승용차,승용차,없음,없음,1020562 ,1830984 ,127.72953101,36.47625802
2017,2017030101,15,야간,수,1,3,2,0,0,서울,강남구,차대사람,횡단중,횡단중,운전자법규위반,과속,단일로,기타단일로,승용차,승용차,보행자,보행자,958821  ,1944637 ,127.03412275,37.50007897
2017,2017030102,30,야간,수,1,1,0,0,0,서울,서대문구,차대차,측면충돌,측면충돌,운전자법규위반,안전거리 미확보,단일로,기타단일로,승용차,승용차,이륜차,이륜차,948581  ,1952405 ,126.91773366,37.56957943
2017,2017030105,15,야간,수,1,1,0,0,0,서울,강동구,차대사람,보도통행중,보도통행중,운전자법규위반,과속,교차로,교차로횡단보도내,승용차,승용차,보행자,보행자,967500  ,1948568 ,127.12908438,37.53707988
2017,2017030106,10,주간,수,1,1,0,0,0,경북,구미시,차대사람,횡단중,횡단중,운전자법규위반,안전운전 의무 불이행,교차로,교차로부근,승합차,승합차,보행자,보행자,1076672 ,1792175 ,128.3520263,36.1235665
2017,2017030114,56,주간,수,1,1,0,0,0,경남,창원시(통합),차량단독,전도,전도,운전자법규위반,안전운전 의무 불이행,교차로,교차로부근,승용차,승용차,없음,없음,1109881 ,1706894 ,128.70931976,35.35162452
2017,2017030119,50,야간,수,1,1,0,0,0,부산,사하구,차대사람,횡단중,횡단중,운전자법규위반,안전운전 의무 불이행,교차로,교차로내,승용차,승용차,보행자,보행자,1134281 ,1676744 ,128.97286353,35.07686129
2017,2017030119,43,야간,수,1,1,0,0,0,부산,해운대구,차량단독,기타,기타,운전자법규위반,안전운전 의무 불이행,단일로,기타단일로,이륜차,이륜차,없음,없음,1148816 ,1692893 ,129.13520621,35.21984581
2017,2017030120,00,야간,수,1,1,0,0,0,충남,논산시,차대차,추돌,추돌,운전자법규위반,교차로 통행방법 위반,교차로,교차로내,승용차,승용차,자전거,자전거,963876  ,1792009 ,127.09856003,36.12442738
2017,2017030123,25,야간,수,1,1,0,0,0,경남,거제시,차대사람,기타,기타,운전자법규위반,안전운전 의무 불이행,단일로,기타단일로,승용차,승용차,보행자,보행자,1110135 ,1648943 ,128.70440782,34.82915111
2017,2017030206,38,주간,목,1,1,0,0,0,경기,수원시,차대사람,횡단중,횡단중,운전자법규위반,안전운전 의무 불이행,단일로,기타단일로,화물차,화물차,보행자,보행자,956516  ,1920972 ,127.00943813,37.28666883
2017,2017030208,50,주간,목,1,1,0,0,0,전북,완주군,차대차,측면충돌,측면충돌,운전자법규위반,안전운전 의무 불이행,교차로,교차로내,화물차,화물차,원동기장치자전거,원동기장치자전거,962445  ,1769098 ,127.08374571,35.91781495
2017,2017030212,53,주간,목,1,2,0,1,0,서울,강동구,차대사람,횡단중,횡단중,운전자법규위반,보행자 보호의무 위반,단일로,기타단일로,자전거,자전거,보행자,보행자,967596  ,1948573 ,127.1332227,37.53590572
2017,2017030213,22,주간,목,1,2,1,0,0,경남,거창군,차대차,측면충돌,측면충돌,운전자법규위반,중앙선 침범,단일로,기타단일로,사륜오토바이(ATV),사륜오토바이(ATV),화물차,화물차,1028153 ,1753306 ,127.8114882,35.77574968
2017,2017030218,29,야간,목,1,4,1,2,0,제주,제주시,차대차,추돌,추돌,운전자법규위반,안전운전 의무 불이행,단일로,기타단일로,화물차,화물차,승용차,승용차,913042  ,1500673 ,126.56389078,33.49437857
2017,2017030218,00,야간,목,1,1,0,0,0,전남,장흥군,차대차,측면충돌,측면충돌,운전자법규위반,안전운전 의무 불이행,교차로,교차로내,사륜오토바이(ATV),사륜오토바이(ATV),승용차,승용차,945190  ,1636853 ,126.90067454,34.72535202
2017,2017030219,24,야간,목,1,1,0,0,0,경북,울진군,차대사람,횡단중,횡단중,운전자법규위반,안전운전 의무 불이행,단일로,기타단일로,승용차,승용차,보행자,보행자,1176199 ,1857215 ,129.47237508,36.69661086
2017,2017030220,05,야간,목,1,1,0,0,0,경기,부천시,차대사람,횡단중,횡단중,운전자법규위반,안전운전 의무 불이행,교차로,교차로부근,승용차,승용차,보행자,보행자,936801  ,1946598 ,126.78484627,37.51650828
2017,2017030302,06,야간,금,1,1,0,0,0,인천,남구,차량단독,공작물충돌,공작물충돌,운전자법규위반,안전운전 의무 불이행,단일로,기타단일로,이륜차,이륜차,없음,없음,925048  ,1941366 ,126.65362503,37.46817524
2017,2017030308,15,주간,금,1,1,0,0,0,전남,장흥군,차대사람,횡단중,횡단중,운전자법규위반,안전운전 의무 불이행,교차로,교차로내,화물차,화물차,보행자,보행자,951883  ,1621757 ,126.9753137,34.58882575
2017,2017030309,10,주간,금,1,1,0,0,0,광주,광산구,차대사람,횡단중,횡단중,운전자법규위반,보행자 보호의무 위반,교차로,교차로내,화물차,화물차,보행자,보행자,940473  ,1691106 ,126.84596219,35.21354765
2017,2017030309,00,주간,금,1,1,0,0,0,전북,정읍시,차대차,측면충돌,측면충돌,운전자법규위반,직진 및 우회전차의 통행방해,교차로,교차로내,승용차,승용차,자전거,자전거,940941  ,1731673 ,126.84816681,35.57933823
2017,2017030310,30,주간,금,1,1,0,0,0,경남,김해시,차대사람,횡단중,횡단중,운전자법규위반,안전운전 의무 불이행,단일로,기타단일로,승용차,승용차,보행자,보행자,1118814 ,1690173 ,128.80519112,35.19986651
2017,2017030310,35,주간,금,1,1,0,0,0,대구,수성구,차대사람,횡단중,횡단중,운전자법규위반,안전운전 의무 불이행,교차로,교차로부근,건설기계,건설기계,보행자,보행자,1100874 ,1758003 ,128.61658689,35.81331629
2017,2017030312,40,주간,금,1,1,0,0,0,경남,진주시,차대사람,길가장자리구역통행중,길가장자리구역통행중,운전자법규위반,교차로 통행방법 위반,교차로,교차로내,승용차,승용차,보행자,보행자,1056067 ,1688801 ,128.11586702,35.19296373
2017,2017030318,45,야간,금,1,1,0,0,0,경남,진주시,차대사람,횡단중,횡단중,운전자법규위반,신호위반,교차로,교차로내,승용차,승용차,보행자,보행자,1075225 ,1683963 ,128.32584956,35.14809017
2017,2017030319,35,야간,금,1,1,0,0,0,경북,성주군,차대차,기타,기타,운전자법규위반,안전운전 의무 불이행,기타,기타,승용차,승용차,화물차,화물차,1079333 ,1763733 ,128.378745,35.86695119
2017,2017030319,35,야간,금,1,1,0,0,0,충북,청주시,차대사람,횡단중,횡단중,운전자법규위반,안전운전 의무 불이행,단일로,기타단일로,이륜차,이륜차,보행자,보행자,997492  ,1850626 ,127.47193944,36.65354986
2017,2017030411,30,주간,토,1,2,0,1,0,경기,양주시,차대차,정면충돌,정면충돌,운전자법규위반,중앙선 침범,단일로,기타단일로,승용차,승용차,화물차,화물차,951629  ,1970583 ,126.95104283,37.7335833
2017,2017030411,12,주간,토,1,1,0,0,0,서울,강동구,차대차,기타,기타,운전자법규위반,안전운전 의무 불이행,교차로,교차로내,자전거,자전거,건설기계,건설기계,970958  ,1950920 ,127.1711833,37.55717234
2017,2017030411,50,주간,토,1,2,0,1,0,경북,영덕군,차량단독,전도,전도,운전자법규위반,안전운전 의무 불이행,교차로,교차로내,원동기장치자전거,원동기장치자전거,없음,없음,1167825 ,1841103 ,129.37516208,36.55295515
2017,2017030412,40,주간,토,1,3,0,2,0,충남,논산시,차대차,추돌,추돌,운전자법규위반,안전운전 의무 불이행,교차로,교차로부근,화물차,화물차,승용차,승용차,975578  ,1805395 ,127.22818412,36.24547492
2017,2017030412,33,주간,토,1,1,0,0,0,울산,울주군,차대차,측면충돌,측면충돌,운전자법규위반,안전거리 미확보,단일로,기타단일로,화물차,화물차,이륜차,이륜차,1160560 ,1714240 ,129.26832389,35.41096517
2017,2017030414,08,주간,토,1,1,0,0,0,부산,금정구,차대차,기타,기타,운전자법규위반,안전운전 의무 불이행,단일로,기타단일로,자전거,자전거,화물차,화물차,1144628 ,1693505 ,129.08925905,35.22651206
2017,2017030417,15,주간,토,1,1,0,0,0,경기,화성시,차대차,정면충돌,정면충돌,운전자법규위반,중앙선 침범,단일로,기타단일로,승용차,승용차,승용차,승용차,967350  ,1911650 ,127.13206723,37.20308497
2017,2017030421,08,야간,토,1,2,0,1,0,충남,예산군,차대차,추돌,추돌,운전자법규위반,안전거리 미확보,단일로,기타단일로,승용차,승용차,승합차,승합차,937027  ,1854699 ,126.79512089,36.68818457
2017,2017030423,44,야간,토,1,1,0,0,0,경북,영천시,차량단독,전도전복,전도전복,운전자법규위반,안전운전 의무 불이행,단일로,기타단일로,이륜차,이륜차,없음,없음,1124687 ,1771101 ,128.88216302,35.92863833
2017,2017030500,35,야간,일,1,1,0,0,0,충남,아산시,차량단독,전도전복,전도전복,운전자법규위반,안전운전 의무 불이행,단일로,기타단일로,승용차,승용차,없음,없음,955253  ,1861719 ,126.9987114,36.75249933
2017,2017030506,52,주간,일,1,1,0,0,0,서울,강서구,차량단독,공작물충돌,공작물충돌,운전자법규위반,안전운전 의무 불이행,단일로,기타단일로,승용차,승용차,없음,없음,941903  ,1947741 ,126.84248597,37.52714563
2017,2017030512,05,주간,일,1,3,0,2,0,경북,문경시,차대차,측면충돌,측면충돌,운전자법규위반,신호위반,교차로,교차로내,승용차,승용차,승용차,승용차,1055972 ,1854591 ,128.12651105,36.68764912
2017,2017030514,55,주간,일,1,1,0,0,0,경북,경주시,차대사람,보도통행중,보도통행중,운전자법규위반,기타(운전자법규위반),단일로,기타단일로,승용차,승용차,보행자,보행자,1155791 ,1765370 ,129.22573076,35.87251567
2017,2017030516,55,주간,일,1,1,0,0,0,경남,창원시(통합),차량단독,전도전복,전도전복,운전자법규위반,안전운전 의무 불이행,단일로,기타단일로,원동기장치자전거,원동기장치자전거,없음,없음,1103151 ,1692355 ,128.63343615,35.22127027
2017,2017030518,50,야간,일,1,1,0,0,0,경북,안동시,차대사람,횡단중,횡단중,운전자법규위반,안전운전 의무 불이행,단일로,기타단일로,승용차,승용차,보행자,보행자,1104808 ,1842902 ,128.67147115,36.57816466
2017,2017030518,56,야간,일,1,1,0,0,0,전남,나주시,차대차,정면충돌,정면충돌,운전자법규위반,중앙선 침범,단일로,기타단일로,화물차,화물차,원동기장치자전거,원동기장치자전거,931855  ,1670866 ,126.75303439,35.03051222
2017,2017030520,30,야간,일,1,1,0,0,0,충남,논산시,차대사람,횡단중,횡단중,운전자법규위반,안전운전 의무 불이행,교차로,교차로부근,승용차,승용차,보행자,보행자,974625  ,1804575 ,127.21760397,36.23805767
2017,2017030521,31,야간,일,1,1,0,0,0,경기,여주시,차량단독,전도전복,전도전복,운전자법규위반,안전운전 의무 불이행,단일로,기타단일로,원동기장치자전거,원동기장치자전거,없음,없음,1001685 ,1934717 ,127.5190408,37.41157985
2017,2017030521,40,야간,일,1,3,2,0,0,경기,용인시,차대차,측면충돌,측면충돌,운전자법규위반,신호위반,교차로,교차로부근,승용차,승용차,승용차,승용차,964777  ,1923356 ,127.10251871,37.30850717
2017,2017030600,25,야간,월,1,2,0,1,0,경기,안양시,차대차,측면충돌,측면충돌,운전자법규위반,신호위반,교차로,교차로내,원동기장치자전거,원동기장치자전거,승용차,승용차,951765  ,1931154 ,126.95517976,37.37821018
2017,2017030600,15,야간,월,1,1,0,0,0,경기,평택시,차대차,측면충돌,측면충돌,운전자법규위반,안전운전 의무 불이행,단일로,기타단일로,승용차,승용차,화물차,화물차,963115  ,1904955 ,127.08467454,37.14257888
2017,2017030604,35,야간,월,1,1,0,0,0,전북,완주군,차대차,추돌,추돌,운전자법규위반,안전운전 의무 불이행,단일로,기타단일로,승용차,승용차,화물차,화물차,969647  ,1770074 ,127.16353301,35.92686467
2017,2017030605,30,야간,월,1,2,0,1,0,경기,고양시,차대차,추돌,추돌,운전자법규위반,안전운전 의무 불이행,단일로,기타단일로,화물차,화물차,화물차,화물차,940443  ,1956365 ,126.82526268,37.60478008
2017,2017030607,50,주간,월,1,2,1,0,0,인천,중구,차대차,측면충돌,측면충돌,운전자법규위반,신호위반,교차로,교차로내,화물차,화물차,승용차,승용차,912013  ,1943422 ,126.504761,37.48585394
2017,2017030609,30,주간,월,1,1,0,0,0,경기,남양주시,차대사람,기타,기타,운전자법규위반,안전운전 의무 불이행,단일로,기타단일로,승합차,승합차,보행자,보행자,977316  ,1961339 ,127.24284544,37.65126165
2017,2017030610,40,주간,월,1,1,0,0,0,경기,평택시,차대사람,기타,기타,운전자법규위반,안전운전 의무 불이행,단일로,기타단일로,화물차,화물차,보행자,보행자,964122  ,1894141 ,127.09653026,37.04514
2017,2017030613,20,주간,월,1,1,0,0,0,전남,고흥군,차량단독,전도,전도,운전자법규위반,안전운전 의무 불이행,단일로,기타단일로,농기계,농기계,없음,없음,983610  ,1615730 ,127.32139091,34.53524376
2017,2017030618,35,야간,월,1,1,0,0,0,경기,오산시,차대사람,횡단중,횡단중,운전자법규위반,보행자 보호의무 위반,교차로,교차로횡단보도내,건설기계,건설기계,보행자,보행자,961040  ,1908067 ,127.06114852,37.17054605
2017,2017030623,20,야간,월,1,1,0,0,0,충남,천안시,차대차,기타,기타,운전자법규위반,안전운전 의무 불이행,단일로,기타단일로,승용차,승용차,특수차,특수차,974445  ,1877436 ,127.21318258,36.89489306
2017,2017030623,32,야간,월,1,1,0,0,0,경북,영양군,차량단독,전도,전도,운전자법규위반,안전운전 의무 불이행,단일로,기타단일로,화물차,화물차,없음,없음,1150926 ,1836374 ,129.18549706,36.51316074
2017,2017030701,20,야간,화,1,1,0,0,0,경기,의정부시,차량단독,전도,전도,운전자법규위반,안전운전 의무 불이행,단일로,기타단일로,이륜차,이륜차,없음,없음,961339  ,1969040 ,127.06131926,37.72013783
2017,2017030702,23,야간,화,1,1,0,0,0,경북,포항시,차대차,추돌,추돌,운전자법규위반,안전운전 의무 불이행,교차로,교차로부근,승용차,승용차,건설기계,건설기계,1169680 ,1780012 ,129.38260941,36.00216021
2017,2017030704,35,야간,화,1,1,0,0,0,경기,성남시,차대사람,횡단중,횡단중,운전자법규위반,안전운전 의무 불이행,단일로,기타단일로,승용차,승용차,보행자,보행자,970542  ,1940258 ,127.16690069,37.46105719
2017,2017030705,19,야간,화,1,1,0,0,0,서울,관악구,차대사람,횡단중,횡단중,운전자법규위반,안전운전 의무 불이행,교차로,교차로부근,승용차,승용차,보행자,보행자,953680  ,1941775 ,126.97614248,37.47403919
2017,2017030709,00,주간,화,1,1,0,0,0,서울,동대문구,차대차,측면충돌,측면충돌,운전자법규위반,안전운전 의무 불이행,교차로,교차로부근,자전거,자전거,건설기계,건설기계,961599  ,1955099 ,127.06500307,37.59449623
2017,2017030711,20,주간,화,1,1,0,0,0,전북,익산시,차대차,측면충돌,측면충돌,운전자법규위반,안전거리 미확보,단일로,기타단일로,자전거,자전거,승용차,승용차,951690  ,1789099 ,126.96332224,36.09766228
2017,2017030711,36,주간,화,1,2,1,0,0,전남,담양군,차대차,추돌,추돌,운전자법규위반,안전거리 미확보,단일로,기타단일로,화물차,화물차,승용차,승용차,950608  ,1695640 ,126.95704067,35.25497963
2017,2017030713,50,주간,화,1,2,1,0,0,전남,화순군,차대차,정면충돌,정면충돌,운전자법규위반,중앙선 침범,단일로,기타단일로,화물차,화물차,화물차,화물차,964158  ,1674339 ,127.10691529,35.06348536
2017,2017030716,30,주간,화,1,1,0,0,0,전북,김제시,차량단독,전도,전도,운전자법규위반,안전운전 의무 불이행,단일로,기타단일로,화물차,화물차,없음,없음,953971  ,1763131 ,126.99016914,35.86365562
2017,2017030717,40,주간,화,1,1,0,0,0,대구,달성군,차대차,측면충돌,측면충돌,운전자법규위반,안전운전 의무 불이행,교차로,교차로내,화물차,화물차,이륜차,이륜차,1082392 ,1739582 ,128.41014161,35.64897335
2017,2017030719,20,야간,화,1,1,0,0,0,강원,원주시,차대사람,횡단중,횡단중,운전자법규위반,안전운전 의무 불이행,단일로,기타단일로,승합차,승합차,보행자,보행자,1039917 ,1926600 ,127.95068954,37.33742317
2017,2017030720,50,야간,화,1,1,0,0,0,울산,울주군,차대사람,기타,기타,운전자법규위반,안전운전 의무 불이행,단일로,기타단일로,승용차,승용차,보행자,보행자,1164149 ,1722114 ,129.30942194,35.4813427
2017,2017030801,55,야간,수,1,1,0,0,0,대구,달서구,차대차,추돌,추돌,운전자법규위반,안전운전 의무 불이행,단일로,기타단일로,승용차,승용차,자전거,자전거,1093201 ,1757044 ,128.53155454,35.80543
2017,2017030801,55,야간,수,1,1,0,0,0,강원,평창군,차대사람,기타,기타,운전자법규위반,안전운전 의무 불이행,단일로,기타단일로,승용차,승용차,보행자,보행자,1105119 ,1964998 ,128.69208402,37.6784969
2017,2017030801,50,야간,수,1,1,0,0,0,경기,의정부시,차대사람,횡단중,횡단중,운전자법규위반,과속,단일로,기타단일로,승용차,승용차,보행자,보행자,959636  ,1967621 ,127.04207484,37.70727482
2017,2017030806,35,주간,수,1,7,5,1,0,경기,광주시,차대차,측면충돌,측면충돌,운전자법규위반,앞지르기 금지위반,교차로,교차로내,화물차,화물차,승합차,승합차,980288  ,1942087 ,127.27705466,37.47780239
2017,2017030807,20,주간,수,1,1,0,0,0,경북,안동시,차대차,추돌,추돌,운전자법규위반,안전운전 의무 불이행,단일로,기타단일로,이륜차,이륜차,화물차,화물차,1105314 ,1837166 ,128.6763419,36.52640922
2017,2017030812,15,주간,수,1,1,0,0,0,충북,청주시,차대차,추돌,추돌,운전자법규위반,안전운전 의무 불이행,단일로,기타단일로,화물차,화물차,화물차,화물차,998303  ,1850763 ,127.48101295,36.6547867
2017,2017030815,40,주간,수,1,2,0,1,0,경남,진주시,차대차,추돌,추돌,운전자법규위반,안전운전 의무 불이행,단일로,기타단일로,화물차,화물차,화물차,화물차,1062637 ,1676943 ,128.18713162,35.08565659
2017,2017030818,55,야간,수,1,1,0,0,0,전북,부안군,차량단독,전도,전도,운전자법규위반,안전운전 의무 불이행,단일로,기타단일로,원동기장치자전거,원동기장치자전거,없음,없음,931669  ,1748358 ,126.74442381,35.72916805
2017,2017030820,35,야간,수,1,1,0,0,0,강원,평창군,차대사람,횡단중,횡단중,운전자법규위반,안전운전 의무 불이행,단일로,기타단일로,승용차,승용차,보행자,보행자,1084396 ,1943711 ,128.45465888,37.4887937
2017,2017030820,59,야간,수,1,3,1,0,1,서울,강남구,차대차,추돌,추돌,운전자법규위반,과속,교차로,교차로부근,승용차,승용차,승용차,승용차,961025  ,1941975 ,127.05919795,37.47618095
2017,2017030901,05,야간,목,1,1,0,0,0,경기,성남시,차량단독,전도,전도,운전자법규위반,안전운전 의무 불이행,단일로,기타단일로,이륜차,이륜차,없음,없음,968031  ,1935671 ,127.13870664,37.41962846
2017,2017030903,15,야간,목,1,1,0,0,0,전남,진도군,차량단독,전도,전도,운전자법규위반,안전운전 의무 불이행,단일로,기타단일로,화물차,화물차,없음,없음,894548  ,1605379 ,126.35221849,34.4368672
2017,2017030905,20,야간,목,1,1,0,0,0,대전,동구,차대사람,횡단중,횡단중,운전자법규위반,안전운전 의무 불이행,교차로,교차로부근,화물차,화물차,보행자,보행자,994582  ,1815108 ,127.43963017,36.33333609
2017,2017030906,30,주간,목,1,2,0,1,0,강원,평창군,차대차,정면충돌,정면충돌,운전자법규위반,안전거리 미확보,단일로,기타단일로,승용차,승용차,승용차,승용차,1106272 ,1965102 ,128.70062898,37.67915107
2017,2017030908,44,주간,목,1,2,1,0,0,강원,춘천시,차대사람,횡단중,횡단중,운전자법규위반,안전운전 의무 불이행,단일로,기타단일로,승용차,승용차,보행자,보행자,1019982 ,1987719 ,127.72725038,37.88909218
2017,2017030913,30,주간,목,1,1,0,0,0,경남,양산시,차대차,정면충돌,정면충돌,운전자법규위반,신호위반,교차로,교차로부근,건설기계,건설기계,승용차,승용차,1151051 ,1713236 ,129.16345139,35.40340384
2017,2017030920,17,야간,목,1,1,0,0,0,전북,정읍시,차대사람,횡단중,횡단중,운전자법규위반,안전운전 의무 불이행,단일로,기타단일로,승용차,승용차,보행자,보행자,943069  ,1729043 ,126.87205169,35.55571218
2017,2017030923,40,야간,목,1,2,0,0,1,인천,계양구,차대차,추돌,추돌,운전자법규위반,안전운전 의무 불이행,단일로,기타단일로,화물차,화물차,화물차,화물차,934100  ,1952836 ,126.75372409,37.57254132
2017,2017030923,35,야간,목,1,1,0,0,0,서울,강북구,차대차,측면충돌,측면충돌,운전자법규위반,신호위반,교차로,교차로횡단보도내,이륜차,이륜차,이륜차,이륜차,957920  ,1959440 ,127.02307973,37.6334615
2017,2017031000,33,야간,금,1,1,0,0,0,충북,제천시,차대차,정면충돌,정면충돌,운전자법규위반,안전운전 의무 불이행,교차로,교차로부근,승용차,승용차,특수차,특수차,1064646 ,1902644 ,128.22769704,37.1202413
2017,2017031000,55,야간,금,1,1,0,0,0,경기,화성시,차대사람,차도통행중,차도통행중,운전자법규위반,안전운전 의무 불이행,단일로,기타단일로,화물차,화물차,보행자,보행자,937582  ,1911786 ,126.79661789,37.20279403
2017,2017031003,50,야간,금,3,3,0,0,0,경남,창원시(통합),차대차,정면충돌,정면충돌,운전자법규위반,중앙선 침범,단일로,교량위,승용차,승용차,승용차,승용차,1109203 ,1687974 ,128.69934283,35.18113403
2017,2017031006,00,주간,금,2,3,1,0,0,충남,공주시,차대차,추돌,추돌,운전자법규위반,안전운전 의무 불이행,단일로,터널안,화물차,화물차,화물차,화물차,950494  ,1842091 ,126.94666775,36.57532584
2017,2017031006,53,주간,금,1,1,0,0,0,충북,옥천군,차대사람,차도통행중,차도통행중,운전자법규위반,과속,단일로,기타단일로,승용차,승용차,보행자,보행자,1001292 ,1815523 ,127.51439675,36.33709188
2017,2017031014,44,주간,금,1,1,0,0,0,서울,마포구,차대사람,횡단중,횡단중,운전자법규위반,안전운전 의무 불이행,교차로,교차로횡단보도내,특수차,특수차,보행자,보행자,948217  ,1950126 ,126.9137729,37.54901817
2017,2017031018,45,야간,금,1,1,0,0,0,전북,임실군,차대차,측면충돌,측면충돌,운전자법규위반,안전운전 의무 불이행,단일로,기타단일로,특수차,특수차,승용차,승용차,981279  ,1735921 ,127.29327278,35.61922562
2017,2017031020,44,야간,금,1,1,0,0,0,경북,안동시,차대사람,길가장자리구역통행중,길가장자리구역통행중,운전자법규위반,안전운전 의무 불이행,단일로,기타단일로,승용차,승용차,보행자,보행자,1115081 ,1840059 ,128.78584579,36.55135765
2017,2017031021,34,야간,금,1,1,0,0,0,전북,전주시,차대사람,기타,기타,운전자법규위반,안전운전 의무 불이행,단일로,기타단일로,승합차,승합차,보행자,보행자,967891  ,1758712 ,127.14452577,35.82436924
2017,2017031021,32,야간,금,1,1,0,0,0,경북,경주시,차대사람,차도통행중,차도통행중,운전자법규위반,안전운전 의무 불이행,단일로,기타단일로,화물차,화물차,보행자,보행자,1163051 ,1754320 ,129.30383369,35.77176531
2017,2017031022,58,야간,금,1,1,0,0,0,부산,기장군,차량단독,전도,전도,운전자법규위반,안전운전 의무 불이행,단일로,기타단일로,이륜차,이륜차,없음,없음,1155668 ,1692186 ,129.21027723,35.21296876