발생년,발생년월일시,발생분,주야,요일,사망자수,사상자수,중상자수,경상자수,부상신고자수,발생지시도,발생지시군구,사고유형_대분류,사고유형_중분류,사고유형,법규위반_대분류,법규위반,도로형태_대분류,도로형태,당사자종별_1당_대분류,당사자종별_1당,당사자종별_2당_대분류,당사자종별_2당,발생위치X_UTMK,발생위치Y_UTMK,경도,위도
2017,2017031022,01,야간,금,1,1,0,0,0,전북,김제시,차량단독,공작물충돌,공작물충돌,운전자법규위반,안전운전 의무 불이행,단일로,기타단일로,원동기장치자전거,원동기장치자전거,없음,없음,944040  ,1767772 ,126.87984958,35.90497985
2017,2017031100,00,야간,토,1,1,0,0,0,경기,수원시,차대사람,횡단중,횡단중,운전자법규위반,안전운전 의무 불이행,기타,기타,승용차,승용차,보행자,보행자,957959  ,1918517 ,127.02585553,37.26460654
2017,2017031103,20,야간,토,1,1,0,0,0,전북,고창군,차대사람,기타,기타,운전자법규위반,안전운전 의무 불이행,단일로,기타단일로,화물차,화물차,보행자,보행자,922204  ,1712811 ,126.64319255,35.40798864
2017,2017031104,25,야간,토,1,1,0,0,0,전남,여수시,차대사람,횡단중,횡단중,운전자법규위반,과속,교차로,교차로횡단보도내,승용차,승용차,보행자,보행자,1014905 ,1641307 ,127.66287739,34.76614505
2017,2017031113,40,주간,토,1,1,0,0,0,경기,평택시,차대차,정면충돌,정면충돌,운전자법규위반,과속,교차로,교차로내,승용차,승용차,원동기장치자전거,원동기장치자전거,962224  ,1890223 ,127.07538326,37.00974809
2017,2017031115,20,주간,토,1,1,0,0,0,충남,천안시,차대차,정면충돌,정면충돌,운전자법규위반,신호위반,교차로,교차로내,이륜차,이륜차,건설기계,건설기계,966655  ,1859676 ,127.1265313,36.73455199
2017,2017031119,39,야간,토,1,1,0,0,0,경기,연천군,차대사람,횡단중,횡단중,운전자법규위반,과속,교차로,교차로내,승용차,승용차,보행자,보행자,961746  ,2003851 ,127.06409226,38.03390049
2017,2017031119,14,야간,토,1,1,0,0,0,인천,강화군,차대사람,횡단중,횡단중,운전자법규위반,보행자 보호의무 위반,단일로,기타단일로,승용차,승용차,보행자,보행자,910974  ,1972332 ,126.48949027,37.74629384
2017,2017031119,05,야간,토,1,10,3,6,0,경북,포항시,차대차,측면충돌,측면충돌,운전자법규위반,직진 및 우회전차의 통행방해,교차로,교차로내,화물차,화물차,승합차,승합차,1174120 ,1778729 ,129.43156462,35.98981621
2017,2017031204,27,야간,일,1,1,0,0,0,대전,동구,차량단독,전도전복,전도전복,운전자법규위반,안전운전 의무 불이행,단일로,기타단일로,원동기장치자전거,원동기장치자전거,없음,없음,994175  ,1816044 ,127.43508819,36.34177215
2017,2017031211,10,주간,일,1,1,0,0,0,경남,밀양시,차량단독,전도전복,전도전복,운전자법규위반,안전운전 의무 불이행,단일로,기타단일로,이륜차,이륜차,없음,없음,1110501 ,1711485 ,128.71676307,35.39294323
2017,2017031211,10,주간,일,1,1,0,0,0,충남,아산시,차량단독,전도,전도,운전자법규위반,안전운전 의무 불이행,교차로,교차로내,특수차,특수차,없음,없음,956383  ,1879297 ,127.01036125,36.91100634
2017,2017031213,50,주간,일,1,1,0,0,0,전남,여수시,차대차,측면충돌,측면충돌,운전자법규위반,안전거리 미확보,단일로,기타단일로,원동기장치자전거,원동기장치자전거,승용차,승용차,1020907 ,1638533 ,127.72795766,34.74125793
2017,2017031218,20,야간,일,1,1,0,0,0,충남,청양군,차대차,측면충돌,측면충돌,운전자법규위반,안전운전 의무 불이행,교차로,교차로내,승용차,승용차,이륜차,이륜차,937140  ,1830046 ,126.79839922,36.46596023
2017,2017031219,40,야간,일,1,3,2,0,0,전남,보성군,차대차,추돌,추돌,운전자법규위반,안전운전 의무 불이행,교차로,교차로부근,화물차,화물차,승합차,승합차,991099  ,1649633 ,127.40264418,34.84129668
2017,2017031221,20,야간,일,1,1,0,0,0,경기,시흥시,차대사람,기타,기타,운전자법규위반,과속,단일로,기타단일로,승합차,승합차,보행자,보행자,936344  ,1929096 ,126.78118568,37.35873046
2017,2017031222,40,야간,일,1,1,0,0,0,서울,성동구,차대차,기타,기타,운전자법규위반,안전운전 의무 불이행,교차로,교차로내,이륜차,이륜차,화물차,화물차,959708  ,1952047 ,127.04375081,37.56690688
2017,2017031304,47,야간,월,2,2,0,0,0,서울,영등포구,차대차,추돌,추돌,운전자법규위반,안전운전 의무 불이행,단일로,기타단일로,승용차,승용차,화물차,화물차,947562  ,1948627 ,126.90646523,37.53547046
2017,2017031305,25,야간,월,1,2,1,0,0,서울,강북구,차대차,정면충돌,정면충돌,운전자법규위반,신호위반,교차로,교차로내,승용차,승용차,원동기장치자전거,원동기장치자전거,957511  ,1957937 ,127.0185318,37.6198959
2017,2017031308,00,주간,월,1,3,0,2,0,세종,세종,차대차,측면충돌,측면충돌,정비불량,정비불량 제차의 운전금지위반,단일로,교량위,화물차,화물차,승용차,승용차,978821  ,1830020 ,127.26360794,36.46755397
2017,2017031308,56,주간,월,1,3,2,0,0,경기,고양시,차대차,추돌,추돌,운전자법규위반,안전운전 의무 불이행,단일로,교량위,승용차,승용차,승용차,승용차,940257  ,1956376 ,126.82315467,37.60486715
2017,2017031310,58,주간,월,1,1,0,0,0,전남,목포시,차대사람,횡단중,횡단중,운전자법규위반,안전운전 의무 불이행,교차로,교차로부근,승용차,승용차,보행자,보행자,897751  ,1643861 ,126.38236695,34.78418135
2017,2017031311,35,주간,월,1,1,0,0,0,강원,원주시,차대차,기타,기타,운전자법규위반,중앙선 침범,교차로,교차로내,승용차,승용차,이륜차,이륜차,1041732 ,1926755 ,127.9711226,37.33887501
2017,2017031312,27,주간,월,1,1,0,0,0,전남,보성군,차량단독,전도,전도,운전자법규위반,안전운전 의무 불이행,기타,기타,화물차,화물차,없음,없음,956068  ,1645172 ,127.01972886,34.80016001
2017,2017031312,43,주간,월,1,2,0,1,0,경기,양평군,차대차,측면충돌,측면충돌,운전자법규위반,신호위반,교차로,교차로내,원동기장치자전거,원동기장치자전거,화물차,화물차,1000150 ,1943164 ,127.50169675,37.48772046
2017,2017031316,00,주간,월,1,1,0,0,0,경북,의성군,차대차,측면충돌,측면충돌,운전자법규위반,앞지르기 금지위반,교차로,교차로부근,화물차,화물차,농기계,농기계,1084327 ,1817330 ,128.4397938,36.3496879
2017,2017031319,40,야간,월,1,1,0,0,0,경기,안성시,차대사람,기타,기타,운전자법규위반,안전운전 의무 불이행,단일로,기타단일로,승용차,승용차,보행자,보행자,974510  ,1883507 ,127.21370757,36.94962146
2017,2017031400,13,야간,화,1,1,0,0,0,전남,나주시,차대사람,차도통행중,차도통행중,운전자법규위반,안전운전 의무 불이행,교차로,교차로부근,승용차,승용차,보행자,보행자,937338  ,1671956 ,126.81297099,35.04068877
2017,2017031400,25,야간,화,1,1,0,0,0,부산,수영구,차량단독,전도전복,전도전복,운전자법규위반,안전운전 의무 불이행,교차로,교차로부근,이륜차,이륜차,없음,없음,1147409 ,1687823 ,129.11878525,35.17488953
2017,2017031403,42,야간,화,1,1,0,0,0,경기,시흥시,차대차,정면충돌,정면충돌,운전자법규위반,신호위반,교차로,교차로내,화물차,화물차,승용차,승용차,932501  ,1925937 ,126.73808103,37.3299864
2017,2017031407,50,주간,화,1,6,1,3,1,경기,안산시,차대차,추돌,추돌,운전자법규위반,안전운전 의무 불이행,단일로,기타단일로,화물차,화물차,승용차,승용차,953936  ,1952044 ,126.97839369,37.56660917
2017,2017031408,10,주간,화,1,1,0,0,0,충남,논산시,차대사람,차도통행중,차도통행중,운전자법규위반,안전운전 의무 불이행,교차로,교차로부근,승용차,승용차,보행자,보행자,956223  ,1796209 ,127.01328219,36.16197689
2017,2017031410,33,주간,화,1,1,0,0,0,경북,청송군,차량단독,도로이탈,도로이탈 기타,운전자법규위반,안전운전 의무 불이행,단일로,기타단일로,승용차,승용차,없음,없음,1143564 ,1837874 ,129.10358928,36.52781141
2017,2017031414,15,주간,화,1,1,0,0,0,부산,사상구,차대사람,횡단중,횡단중,운전자법규위반,안전운전 의무 불이행,교차로,교차로부근,승합차,승합차,보행자,보행자,1134795 ,1686171 ,128.98056786,35.1626958
2017,2017031419,40,야간,화,1,1,0,0,0,경북,안동시,차대사람,횡단중,횡단중,운전자법규위반,안전운전 의무 불이행,교차로,교차로내,화물차,화물차,보행자,보행자,1110278 ,1841314 ,128.73237108,36.56323557
2017,2017031422,40,야간,화,1,1,0,0,0,전남,신안군,차대차,기타,기타,운전자법규위반,안전운전 의무 불이행,단일로,기타단일로,화물차,화물차,화물차,화물차,877679  ,1668725 ,126.15946294,35.00609559
2017,2017031423,25,야간,화,1,1,0,0,0,광주,남구,차대사람,횡단중,횡단중,운전자법규위반,안전운전 의무 불이행,단일로,기타단일로,승용차,승용차,보행자,보행자,944707  ,1683175 ,126.89303146,35.14226718
2017,2017031500,45,야간,수,1,1,0,0,0,전남,순천시,차대사람,횡단중,횡단중,운전자법규위반,보행자 보호의무 위반,교차로,교차로횡단보도내,승용차,승용차,보행자,보행자,999922  ,1661233 ,127.49914578,34.94593979
2017,2017031500,33,야간,수,1,1,0,0,0,경기,안산시,차대사람,기타,기타,운전자법규위반,과속,단일로,기타단일로,승용차,승용차,보행자,보행자,939647  ,1928135 ,126.81855955,37.3502895
2017,2017031502,40,야간,수,1,1,0,0,0,전남,진도군,차량단독,기타,기타,운전자법규위반,안전운전 의무 불이행,단일로,기타단일로,승용차,승용차,없음,없음,886660  ,1619666 ,126.26437275,34.5642884
2017,2017031506,30,주간,수,1,5,0,4,0,경기,시흥시,차대차,추돌,추돌,운전자법규위반,안전거리 미확보,단일로,기타단일로,화물차,화물차,화물차,화물차,934216  ,1929951 ,126.75708179,37.36628822
2017,2017031507,00,주간,수,1,1,0,0,0,광주,광산구,차대차,정면충돌,정면충돌,운전자법규위반,안전운전 의무 불이행,교차로,교차로내,승합차,승합차,자전거,자전거,936492  ,1683229 ,126.80283145,35.14228044
2017,2017031512,55,주간,수,1,1,0,0,0,충남,서산시,차대차,측면충돌,측면충돌,운전자법규위반,신호위반,교차로,교차로내,이륜차,이륜차,건설기계,건설기계,913529  ,1853936 ,126.53221501,36.6794598
2017,2017031513,40,주간,수,1,1,0,0,0,경남,밀양시,차대차,측면충돌,측면충돌,운전자법규위반,안전운전 의무 불이행,교차로,교차로내,화물차,화물차,자전거,자전거,1112248 ,1723910 ,128.73770993,35.50475518
2017,2017031514,50,주간,수,1,1,0,0,0,경남,김해시,차대차,정면충돌,정면충돌,운전자법규위반,안전운전 의무 불이행,단일로,기타단일로,화물차,화물차,화물차,화물차,1116005 ,1697146 ,128.77532421,35.26305575
2017,2017031514,50,주간,수,1,1,0,0,0,서울,도봉구,차대차,추돌,추돌,운전자법규위반,안전운전 의무 불이행,교차로,교차로부근,이륜차,이륜차,승합차,승합차,957270  ,1962123 ,127.01555606,37.6576137
2017,2017031520,40,야간,수,1,1,0,0,0,충남,서산시,차대사람,횡단중,횡단중,운전자법규위반,안전운전 의무 불이행,단일로,기타단일로,화물차,화물차,보행자,보행자,909423  ,1865857 ,126.48485322,36.78652645
2017,2017031522,45,야간,수,1,1,0,0,0,전북,순창군,차대차,추돌,추돌,운전자법규위반,안전운전 의무 불이행,단일로,기타단일로,화물차,화물차,자전거,자전거,963848  ,1717468 ,127.10154634,35.45240011
2017,2017031523,55,야간,수,1,1,0,0,0,경기,의정부시,차대차,정면충돌,정면충돌,운전자법규위반,안전거리 미확보,단일로,기타단일로,이륜차,이륜차,승합차,승합차,959268  ,1973603 ,127.03756483,37.76117438
2017,2017031601,50,야간,목,1,1,0,0,0,강원,강릉시,차대차,추돌,추돌,운전자법규위반,과속,교차로,교차로부근,승용차,승용차,승합차,승합차,1124008 ,1975477 ,128.90802341,37.77055961
2017,2017031606,45,주간,목,1,4,0,2,1,경북,군위군,차량단독,공작물충돌,공작물충돌,운전자법규위반,안전운전 의무 불이행,단일로,기타단일로,승용차,승용차,없음,없음,1095395 ,1801465 ,128.56118707,36.20564755
2017,2017031608,00,주간,목,1,1,0,0,0,인천,남동구,차대사람,횡단중,횡단중,운전자법규위반,기타(운전자법규위반),단일로,기타단일로,화물차,화물차,보행자,보행자,931748  ,1933958 ,126.72884241,37.40222507
2017,2017031609,02,주간,목,1,1,0,0,0,광주,광산구,차대사람,횡단중,횡단중,운전자법규위반,안전운전 의무 불이행,교차로,교차로부근,화물차,화물차,보행자,보행자,936416  ,1683091 ,126.80199394,35.14124318
2017,2017031611,00,주간,목,1,1,0,0,0,부산,사하구,차대사람,횡단중,횡단중,운전자법규위반,안전운전 의무 불이행,교차로,교차로횡단보도내,화물차,화물차,보행자,보행자,1133085 ,1678853 ,128.96009332,35.09603564
2017,2017031613,50,주간,목,1,1,0,0,0,전북,완주군,차대차,추돌,추돌,운전자법규위반,안전운전 의무 불이행,단일로,기타단일로,화물차,화물차,화물차,화물차,974777  ,1750411 ,127.22102045,35.7497274
2017,2017031618,05,야간,목,1,2,0,1,0,부산,사상구,차대차,측면충돌,측면충돌,운전자법규위반,안전거리 미확보,단일로,기타단일로,화물차,화물차,승용차,승용차,1134164 ,1685135 ,128.97293576,35.15250318
2017,2017031619,53,야간,목,1,1,0,0,0,제주,서귀포시,차대사람,횡단중,횡단중,운전자법규위반,안전운전 의무 불이행,단일로,기타단일로,승용차,승용차,보행자,보행자,920059  ,1475318 ,126.64167124,33.26625431
2017,2017031621,45,야간,목,1,1,0,0,0,전남,나주시,차량단독,전복,전복,운전자법규위반,안전운전 의무 불이행,단일로,기타단일로,화물차,화물차,없음,없음,931443  ,1665904 ,126.74884179,34.98573687
2017,2017031623,00,야간,목,1,1,0,0,0,대전,서구,차대사람,기타,기타,운전자법규위반,안전운전 의무 불이행,단일로,기타단일로,승용차,승용차,보행자,보행자,990107  ,1817293 ,127.38973997,36.35299917
2017,2017031702,16,야간,금,1,1,0,0,0,대구,북구,차대사람,횡단중,횡단중,운전자법규위반,안전운전 의무 불이행,교차로,교차로내,승용차,승용차,보행자,보행자,1101241 ,1766788 ,128.62176362,35.8924703
2017,2017031703,10,야간,금,1,3,1,1,0,서울,중구,차대차,추돌,추돌,운전자법규위반,신호위반,교차로,교차로내,화물차,화물차,원동기장치자전거,원동기장치자전거,954306  ,1951985 ,126.98258691,37.56609583
2017,2017031704,40,야간,금,1,1,0,0,0,경기,화성시,차대차,기타,기타,운전자법규위반,안전운전 의무 불이행,교차로,교차로부근,승용차,승용차,화물차,화물차,948162  ,1901850 ,126.91652533,37.11388162
2017,2017031705,50,야간,금,1,1,0,0,0,경기,의정부시,차대차,추돌,추돌,운전자법규위반,안전운전 의무 불이행,단일로,기타단일로,승용차,승용차,화물차,화물차,961230  ,1969669 ,127.06004895,37.72580243
2017,2017031709,00,주간,금,1,1,0,0,0,전남,무안군,차대차,측면충돌,측면충돌,운전자법규위반,안전운전 의무 불이행,교차로,교차로부근,화물차,화물차,자전거,자전거,904940  ,1667710 ,126.45828683,34.99987613
2017,2017031714,00,주간,금,1,1,0,0,0,경남,통영시,차대차,정면충돌,정면충돌,운전자법규위반,안전운전 의무 불이행,교차로,교차로내,승용차,승용차,이륜차,이륜차,1084395 ,1648312 ,128.42289567,34.82592273
2017,2017031714,25,주간,금,1,1,0,0,0,서울,종로구,차대차,기타,기타,운전자법규위반,앞지르기 방법위반,단일로,기타단일로,승용차,승용차,이륜차,이륜차,953895  ,1956957 ,126.97762005,37.61088875
2017,2017031715,10,주간,금,1,1,0,0,0,강원,춘천시,차대차,추돌,추돌,운전자법규위반,안전운전 의무 불이행,단일로,기타단일로,이륜차,이륜차,승용차,승용차,1023636 ,1985788 ,127.76874279,37.87160056
2017,2017031719,45,야간,금,1,1,0,0,0,경기,평택시,차대차,정면충돌,정면충돌,운전자법규위반,차로위반(진로변경 위반),단일로,기타단일로,화물차,화물차,이륜차,이륜차,948359  ,1896167 ,126.91913367,37.06266691
2017,2017031719,07,야간,금,1,1,0,0,0,충남,공주시,차대차,측면충돌,측면충돌,운전자법규위반,직진 및 우회전차의 통행방해,교차로,교차로내,이륜차,이륜차,승합차,승합차,968504  ,1833424 ,127.14831644,36.49795755
2017,2017031723,20,야간,금,1,2,0,1,0,서울,성동구,차대차,정면충돌,정면충돌,운전자법규위반,안전운전 의무 불이행,교차로,교차로내,승용차,승용차,이륜차,이륜차,958132  ,1952121 ,127.02590118,37.56750355
2017,2017031800,20,야간,토,1,1,0,0,0,경기,동두천시,차대사람,횡단중,횡단중,운전자법규위반,보행자 보호의무 위반,교차로,교차로횡단보도내,승용차,승용차,보행자,보행자,960982  ,1987505 ,127.05627396,37.88654647
2017,2017031801,29,야간,토,1,2,1,0,0,경기,포천시,차대차,측면충돌,측면충돌,운전자법규위반,중앙선 침범,단일로,기타단일로,승합차,승합차,승용차,승용차,987449  ,2001872 ,127.3570132,38.01678519
2017,2017031801,19,야간,토,1,4,2,1,0,경기,용인시,차대차,추돌,추돌,운전자법규위반,안전운전 의무 불이행,단일로,기타단일로,승용차,승용차,승용차,승용차,965825  ,1921492 ,127.11443061,37.29174464
2017,2017031802,10,야간,토,1,2,0,1,0,경북,포항시,차대사람,차도통행중,차도통행중,운전자법규위반,안전운전 의무 불이행,단일로,기타단일로,승용차,승용차,보행자,보행자,1186597 ,1780613 ,129.57034097,36.00448332
2017,2017031804,20,야간,토,1,1,0,0,0,충남,서산시,차대사람,횡단중,횡단중,운전자법규위반,안전운전 의무 불이행,단일로,기타단일로,승용차,승용차,보행자,보행자,917184  ,1855587 ,126.57293826,36.69466686
2017,2017031805,45,야간,토,1,1,0,0,0,부산,기장군,차대차,정면충돌,정면충돌,운전자법규위반,신호위반,교차로,교차로내,승용차,승용차,이륜차,이륜차,1156576 ,1695801 ,129.22093731,35.24541313
2017,2017031806,30,주간,토,1,1,0,0,0,경기,시흥시,차대차,정면충돌,정면충돌,운전자법규위반,신호위반,교차로,교차로내,이륜차,이륜차,화물차,화물차,932218  ,1927630 ,126.73473202,37.34522498
2017,2017031809,55,주간,토,1,1,0,0,0,충북,청주시,차대사람,횡단중,횡단중,운전자법규위반,신호위반,교차로,교차로횡단보도내,승용차,승용차,보행자,보행자,1000314 ,1845418 ,127.50351103,36.60660304
2017,2017031811,05,주간,토,2,6,4,0,0,충남,당진시,차대차,정면충돌,정면충돌,운전자법규위반,과속,교차로,교차로부근,승용차,승용차,화물차,화물차,936489  ,1884293 ,126.7866275,36.95490917
2017,2017031815,40,주간,토,1,1,0,0,0,서울,관악구,차대사람,차도통행중,차도통행중,운전자법규위반,안전운전 의무 불이행,단일로,기타단일로,승용차,승용차,보행자,보행자,949342  ,1943322 ,126.92697741,37.48775499
2017,2017031816,55,주간,토,1,11,4,6,0,충북,충주시,차대차,추돌,추돌,운전자법규위반,안전운전 의무 불이행,단일로,터널안,화물차,화물차,화물차,화물차,1033785 ,1880333 ,127.87931476,36.92074884
2017,2017031819,58,야간,토,2,2,0,0,0,경북,안동시,차대차,추돌,추돌,운전자법규위반,안전운전 의무 불이행,단일로,기타단일로,화물차,화물차,건설기계,건설기계,1116101 ,1837896 ,128.79691433,36.5317395
2017,2017031820,57,야간,토,1,1,0,0,0,서울,서대문구,차대사람,횡단중,횡단중,운전자법규위반,안전운전 의무 불이행,단일로,기타단일로,승용차,승용차,보행자,보행자,947770  ,1952721 ,126.91358158,37.5701096
2017,2017031900,49,야간,일,1,1,0,0,0,경남,창원시(통합),차대차,측면충돌,측면충돌,운전자법규위반,안전운전 의무 불이행,단일로,기타단일로,승용차,승용차,승용차,승용차,1094858 ,1694138 ,128.54253127,35.23816392
2017,2017031901,13,야간,일,1,1,0,0,0,충북,영동군,차량단독,도로이탈,도로이탈 기타,운전자법규위반,안전운전 의무 불이행,단일로,기타단일로,승용차,승용차,없음,없음,1023154 ,1804358 ,127.75767254,36.23615709
2017,2017031902,48,야간,일,1,1,0,0,0,경기,평택시,차대사람,횡단중,횡단중,운전자법규위반,안전운전 의무 불이행,단일로,기타단일로,승용차,승용차,보행자,보행자,963726  ,1890461 ,127.09225446,37.01195267
2017,2017031903,04,야간,일,1,1,0,0,0,경남,거제시,차량단독,전도전복,전도전복,운전자법규위반,안전운전 의무 불이행,단일로,기타단일로,이륜차,이륜차,없음,없음,1101604 ,1656076 ,128.61199656,34.89434963
2017,2017031909,25,주간,일,1,1,0,0,0,서울,마포구,차대차,측면충돌,측면충돌,운전자법규위반,신호위반,교차로,교차로내,승용차,승용차,원동기장치자전거,원동기장치자전거,948036  ,1950701 ,126.91168319,37.55419051
2017,2017031914,35,주간,일,1,2,0,1,0,전북,군산시,차량단독,전도,전도,운전자법규위반,안전운전 의무 불이행,단일로,기타단일로,승용차,승용차,없음,없음,941891  ,1776266 ,126.85541403,35.98143181
2017,2017031920,45,야간,일,1,1,0,0,0,인천,연수구,차대사람,횡단중,횡단중,운전자법규위반,안전운전 의무 불이행,교차로,교차로내,승용차,승용차,보행자,보행자,925316  ,1935312 ,126.6560393,37.41393215
2017,2017031921,48,야간,일,1,1,0,0,0,경남,김해시,차대차,측면충돌,측면충돌,운전자법규위반,안전운전 의무 불이행,교차로,교차로부근,승용차,승용차,자전거,자전거,1125994 ,1693745 ,128.88459144,35.2311905
2017,2017031921,52,야간,일,1,1,0,0,0,대전,대덕구,차대사람,횡단중,횡단중,운전자법규위반,안전운전 의무 불이행,교차로,교차로부근,승용차,승용차,보행자,보행자,993360  ,1817940 ,127.42598994,36.35886009
2017,2017031922,45,야간,일,1,1,0,0,0,충북,청주시,차대사람,횡단중,횡단중,운전자법규위반,안전운전 의무 불이행,단일로,기타단일로,승합차,승합차,보행자,보행자,991103  ,1843960 ,127.40053392,36.59341766
2017,2017032009,50,주간,월,1,3,0,2,0,대구,달서구,차대차,추돌,추돌,운전자법규위반,안전운전 의무 불이행,교차로,교차로부근,승용차,승용차,화물차,화물차,1090957 ,1760354 ,128.50709814,35.83547958
2017,2017032015,00,주간,월,1,2,1,0,0,경남,하동군,차대차,측면충돌,측면충돌,운전자법규위반,중앙선 침범,기타,기타,화물차,화물차,화물차,화물차,1028813 ,1679377 ,127.81617301,35.10913921
2017,2017032015,25,주간,월,1,1,0,0,0,서울,서초구,차대차,추돌,추돌,운전자법규위반,차로위반(진로변경 위반),교차로,교차로부근,승용차,승용차,이륜차,이륜차,959380  ,1941031 ,127.04064582,37.46760141
2017,2017032018,40,야간,월,1,1,0,0,0,부산,사하구,차대사람,횡단중,횡단중,운전자법규위반,안전운전 의무 불이행,단일로,기타단일로,승용차,승용차,보행자,보행자,1133399 ,1678492 ,128.96347362,35.09274
2017,2017032020,20,야간,월,1,1,0,0,0,전북,정읍시,차대사람,횡단중,횡단중,운전자법규위반,안전운전 의무 불이행,단일로,기타단일로,화물차,화물차,보행자,보행자,958826  ,1736418 ,127.04531456,35.62302619
2017,2017032021,50,야간,월,1,1,0,0,0,경기,이천시,차량단독,공작물충돌,공작물충돌,운전자법규위반,안전운전 의무 불이행,단일로,기타단일로,승용차,승용차,없음,없음,997367  ,1910278 ,127.47033329,37.19128525
2017,2017032021,07,야간,월,1,1,0,0,0,서울,강남구,차대차,추돌,추돌,운전자법규위반,안전운전 의무 불이행,단일로,기타단일로,화물차,화물차,자전거,자전거,964078  ,1943702 ,127.09364184,37.49187097
2017,2017032101,45,야간,화,1,1,0,0,0,광주,북구,차대사람,횡단중,횡단중,운전자법규위반,과속,단일로,기타단일로,승용차,승용차,보행자,보행자,953936  ,1952044 ,126.8971968,35.17702971
2017,2017032103,55,야간,화,1,2,0,1,0,서울,강동구,차대차,추돌,추돌,운전자법규위반,안전운전 의무 불이행,단일로,교량위,승용차,승용차,화물차,화물차,965757  ,1949353 ,127.1123713,37.54286969
2017,2017032119,15,야간,화,1,1,0,0,0,광주,광산구,차대사람,기타,기타,운전자법규위반,안전운전 의무 불이행,단일로,기타단일로,화물차,화물차,보행자,보행자,937091  ,1686403 ,126.808135,35.17219493
2017,2017032119,50,야간,화,1,1,0,0,0,광주,광산구,차대차,측면충돌,측면충돌,운전자법규위반,안전거리 미확보,단일로,기타단일로,화물차,화물차,이륜차,이륜차,936676  ,1689353 ,126.80448122,35.19748907
2017,2017032120,00,야간,화,1,1,0,0,0,충남,서천군,차량단독,전도전복,전도전복,운전자법규위반,안전운전 의무 불이행,단일로,기타단일로,원동기장치자전거,원동기장치자전거,없음,없음,930529  ,1787760 ,126.72837809,36.08430784
2017,2017032121,03,야간,화,1,2,0,1,0,경북,군위군,차대차,정면충돌,정면충돌,운전자법규위반,중앙선 침범,단일로,기타단일로,화물차,화물차,화물차,화물차,1085078 ,1807427 ,128.44708229,36.26035369
2017,2017032121,58,야간,화,1,1,0,0,0,강원,동해시,차대사람,횡단중,횡단중,운전자법규위반,안전운전 의무 불이행,교차로,교차로부근,승용차,승용차,보행자,보행자,1138747 ,1944417 ,129.06942227,37.48858882
2017,2017032122,40,야간,화,1,1,0,0,0,경기,화성시,차대사람,차도통행중,차도통행중,운전자법규위반,안전운전 의무 불이행,단일로,기타단일로,승용차,승용차,보행자,보행자,944516  ,1915824 ,126.87445141,37.23962893
2017,2017032123,50,야간,화,1,2,1,0,0,대전,서구,차대차,측면충돌,측면충돌,운전자법규위반,안전운전 의무 불이행,단일로,기타단일로,화물차,화물차,이륜차,이륜차,984963  ,1811311 ,127.3325244,36.29900231
2017,2017032200,05,야간,수,1,2,1,0,0,경기,양주시,차량단독,공작물충돌,공작물충돌,운전자법규위반,안전운전 의무 불이행,교차로,교차로내,승용차,승용차,없음,없음,955457  ,1989689 ,126.99330897,37.90597662
2017,2017032206,20,주간,수,1,1,0,0,0,부산,북구,차대차,기타,기타,운전자법규위반,신호위반,교차로,교차로횡단보도내,승용차,승용차,자전거,자전거,1135717 ,1690071 ,128.99080408,35.19680543
2017,2017032206,23,주간,수,1,1,0,0,0,경기,의왕시,차대사람,횡단중,횡단중,운전자법규위반,안전운전 의무 불이행,교차로,교차로부근,승용차,승용차,보행자,보행자,953463  ,1931288 ,126.97434969,37.37950478
2017,2017032208,46,주간,수,1,3,1,1,0,경기,이천시,차대차,기타,기타,운전자법규위반,신호위반,교차로,교차로부근,승용차,승용차,승용차,승용차,993880  ,1916100 ,127.43099657,37.24374894
2017,2017032209,00,주간,수,1,1,0,0,0,전북,진안군,차대사람,횡단중,횡단중,운전자법규위반,안전운전 의무 불이행,교차로,교차로내,승용차,승용차,보행자,보행자,991505  ,1760753 ,127.40593057,35.84326011
2017,2017032212,35,주간,수,1,1,0,0,0,서울,금천구,차량단독,공작물충돌,공작물충돌,운전자법규위반,안전운전 의무 불이행,단일로,기타단일로,이륜차,이륜차,없음,없음,946639  ,1939271 ,126.89669721,37.45109022
2017,2017032214,00,주간,수,1,1,0,0,0,인천,서구,차대차,측면충돌,측면충돌,운전자법규위반,신호위반,교차로,교차로부근,이륜차,이륜차,화물차,화물차,926179  ,1956439 ,126.66366876,37.60441251
2017,2017032218,15,야간,수,1,1,0,0,0,울산,중구,차대사람,기타,기타,운전자법규위반,안전운전 의무 불이행,단일로,기타단일로,승용차,승용차,보행자,보행자,1164330 ,1730696 ,129.3131553,35.55865497
2017,2017032219,57,야간,수,1,1,0,0,0,강원,양구군,차대차,추돌,추돌,운전자법규위반,안전거리 미확보,단일로,기타단일로,화물차,화물차,농기계,농기계,1047329 ,2013236 ,128.03993586,38.11805284
2017,2017032222,20,야간,수,1,1,0,0,0,경북,예천군,차대사람,횡단중,횡단중,운전자법규위반,안전운전 의무 불이행,단일로,기타단일로,승용차,승용차,보행자,보행자,1085568 ,1850705 ,128.4573191,36.65041831
2017,2017032302,41,야간,목,1,1,0,0,0,경남,창원시(통합),차대사람,횡단중,횡단중,운전자법규위반,안전운전 의무 불이행,단일로,기타단일로,승용차,승용차,보행자,보행자,1098965 ,1692564 ,128.58747252,35.22357639