발생년,발생년월일시,발생분,주야,요일,사망자수,사상자수,중상자수,경상자수,부상신고자수,발생지시도,발생지시군구,사고유형_대분류,사고유형_중분류,사고유형,법규위반_대분류,법규위반,도로형태_대분류,도로형태,당사자종별_1당_대분류,당사자종별_1당,당사자종별_2당_대분류,당사자종별_2당,발생위치X_UTMK,발생위치Y_UTMK,경도,위도
2017,2017042000,17,야간,목,1,2,0,1,0,전북,김제시,차대사람,횡단중,횡단중,운전자법규위반,과속,교차로,교차로부근,승용차,승용차,보행자,보행자,953252  ,1757742 ,126.98252122,35.81503533
2017,2017042002,40,야간,목,1,1,0,0,0,서울,송파구,차대사람,기타,기타,운전자법규위반,안전운전 의무 불이행,단일로,기타단일로,화물차,화물차,보행자,보행자,965244  ,1945208 ,127.10676044,37.50548987
2017,2017042002,45,야간,목,1,2,0,1,0,전북,완주군,차대차,측면충돌,측면충돌,운전자법규위반,중앙선 침범,교차로,교차로내,승용차,승용차,승합차,승합차,970256  ,1769756 ,127.17015909,35.92380229
2017,2017042004,30,야간,목,1,1,0,0,0,경기,용인시,차대사람,횡단중,횡단중,운전자법규위반,안전운전 의무 불이행,단일로,기타단일로,승용차,승용차,보행자,보행자,974759  ,1914978 ,127.2154455,37.23331341
2017,2017042017,25,주간,목,1,3,1,1,0,광주,북구,차대차,추돌,추돌,운전자법규위반,안전운전 의무 불이행,단일로,기타단일로,특수차,특수차,화물차,화물차,943317  ,1688546 ,126.87738443,35.1906299
2017,2017042021,03,야간,목,1,1,0,0,0,경북,김천시,차대차,측면충돌,측면충돌,운전자법규위반,신호위반,교차로,교차로내,화물차,화물차,이륜차,이륜차,1053526 ,1792469 ,128.09484892,36.12777028
2017,2017042021,35,야간,목,1,1,0,0,0,경남,하동군,차대차,추돌,추돌,운전자법규위반,안전운전 의무 불이행,단일로,기타단일로,승용차,승용차,원동기장치자전거,원동기장치자전거,1028748 ,1668435 ,127.81508047,35.01047469
2017,2017042108,18,주간,금,1,1,0,0,0,서울,영등포구,차대사람,횡단중,횡단중,운전자법규위반,안전운전 의무 불이행,단일로,기타단일로,이륜차,이륜차,보행자,보행자,948348  ,1945997 ,126.91554632,37.51181022
2017,2017042109,50,주간,금,1,1,0,0,0,충북,청주시,차대사람,기타,기타,운전자법규위반,안전운전 의무 불이행,교차로,교차로내,건설기계,건설기계,보행자,보행자,983092  ,1848935 ,127.31086392,36.63815872
2017,2017042111,00,주간,금,1,3,1,1,0,전북,부안군,차대차,측면충돌,측면충돌,운전자법규위반,직진 및 우회전차의 통행방해,교차로,교차로내,농기계,농기계,화물차,화물차,929421  ,1752405 ,126.71921213,35.76549507
2017,2017042113,15,주간,금,1,2,0,1,0,충남,천안시,차대차,추돌,추돌,운전자법규위반,안전운전 의무 불이행,단일로,기타단일로,화물차,화물차,승용차,승용차,967487  ,1858810 ,127.13588651,36.72677418
2017,2017042114,45,주간,금,1,1,0,0,0,서울,영등포구,차대사람,차도통행중,차도통행중,운전자법규위반,안전운전 의무 불이행,단일로,기타단일로,승합차,승합차,보행자,보행자,949595  ,1946671 ,126.92924451,37.51773961
2017,2017042116,40,주간,금,1,1,0,0,0,경북,상주시,차대차,측면충돌,측면충돌,운전자법규위반,교차로 통행방법 위반,교차로,교차로내,화물차,화물차,자전거,자전거,1054825 ,1813883 ,128.11078349,36.32074694
2017,2017042120,00,야간,금,1,1,0,0,0,전북,익산시,차대사람,차도통행중,차도통행중,운전자법규위반,안전운전 의무 불이행,교차로,교차로부근,승용차,승용차,보행자,보행자,949710  ,1774114 ,126.90559612,36.05467895
2017,2017042121,40,야간,금,1,1,0,0,0,전남,무안군,차대차,추돌,추돌,운전자법규위반,안전운전 의무 불이행,단일로,기타단일로,승용차,승용차,원동기장치자전거,원동기장치자전거,902475  ,1656911 ,126.43143356,34.90541178
2017,2017042202,30,야간,토,1,1,0,0,0,경북,구미시,차량단독,전도전복,전도전복,운전자법규위반,안전운전 의무 불이행,단일로,기타단일로,원동기장치자전거,원동기장치자전거,없음,없음,1073878 ,1793325 ,128.32108856,36.13415035
2017,2017042202,45,야간,토,1,1,0,0,0,대구,동구,차량단독,공작물충돌,공작물충돌,운전자법규위반,안전운전 의무 불이행,단일로,기타단일로,승용차,승용차,없음,없음,1101936 ,1766017 ,128.62936426,35.88544807
2017,2017042202,13,야간,토,1,1,0,0,0,전남,화순군,차대사람,차도통행중,차도통행중,운전자법규위반,안전운전 의무 불이행,단일로,기타단일로,승용차,승용차,보행자,보행자,967715  ,1665473 ,127.14626928,34.98365871
2017,2017042203,28,야간,토,1,1,0,0,0,부산,연제구,차대사람,횡단중,횡단중,운전자법규위반,과속,단일로,기타단일로,승용차,승용차,보행자,보행자,1143700 ,1688504 ,129.07819253,35.18156796
2017,2017042219,43,야간,토,1,1,0,0,0,울산,남구,차대사람,횡단중,횡단중,운전자법규위반,안전운전 의무 불이행,단일로,기타단일로,승용차,승용차,보행자,보행자,1165844 ,1727145 ,129.32912561,35.52640095
2017,2017042219,20,야간,토,1,1,0,0,0,충북,청주시,차대차,정면충돌,정면충돌,운전자법규위반,중앙선 침범,단일로,기타단일로,이륜차,이륜차,화물차,화물차,1016458 ,1845629 ,127.68403146,36.60836317
2017,2017042221,25,야간,토,1,1,0,0,0,경기,수원시,차대사람,횡단중,횡단중,운전자법규위반,안전운전 의무 불이행,단일로,기타단일로,승용차,승용차,보행자,보행자,955164  ,1923495 ,126.99403386,37.30934601
2017,2017042221,05,야간,토,1,1,0,0,0,경북,구미시,차대사람,횡단중,횡단중,운전자법규위반,안전운전 의무 불이행,단일로,기타단일로,승용차,승용차,보행자,보행자,1082549 ,1793806 ,128.41749898,36.13778701
2017,2017042304,00,야간,일,3,4,1,0,0,전남,여수시,차대차,측면충돌,측면충돌,운전자법규위반,안전운전 의무 불이행,단일로,기타단일로,승용차,승용차,화물차,화물차,1013558 ,1638000 ,127.6481004,34.73645207
2017,2017042318,09,야간,일,1,1,0,0,0,경기,동두천시,차대사람,횡단중,횡단중,운전자법규위반,안전운전 의무 불이행,교차로,교차로내,승합차,승합차,보행자,보행자,961093  ,1990864 ,127.05735496,37.91682515
2017,2017042404,00,야간,월,1,1,0,0,0,경기,수원시,차대사람,횡단중,횡단중,운전자법규위반,신호위반,교차로,교차로내,승용차,승용차,보행자,보행자,959381  ,1919701 ,127.04182791,37.27534194
2017,2017042405,30,야간,월,1,1,0,0,0,서울,강동구,차대차,측면충돌,측면충돌,운전자법규위반,안전운전 의무 불이행,교차로,교차로횡단보도내,자전거,자전거,승용차,승용차,968066  ,1948351 ,127.13855214,37.53392114
2017,2017042407,56,주간,월,1,1,0,0,0,경기,파주시,차량단독,공작물충돌,공작물충돌,운전자법규위반,안전운전 의무 불이행,단일로,기타단일로,승용차,승용차,없음,없음,943312  ,1976632 ,126.85618682,37.78762378
2017,2017042408,20,주간,월,1,1,0,0,0,경북,경산시,차대차,측면충돌,측면충돌,운전자법규위반,안전운전 의무 불이행,교차로,교차로횡단보도내,화물차,화물차,자전거,자전거,1113583 ,1758799 ,128.75734886,35.81910261
2017,2017042408,17,주간,월,2,2,0,0,0,제주,서귀포시,차량단독,전도,전도,운전자법규위반,안전운전 의무 불이행,단일로,기타단일로,승용차,승용차,없음,없음,905812  ,1478088 ,126.48843185,33.29008572
2017,2017042409,53,주간,월,1,1,0,0,0,경기,하남시,차량단독,공작물충돌,공작물충돌,운전자법규위반,안전운전 의무 불이행,단일로,기타단일로,자전거,자전거,없음,없음,973483  ,1946034 ,127.19994775,37.51320858
2017,2017042409,00,주간,월,1,1,0,0,0,강원,강릉시,차대사람,횡단중,횡단중,운전자법규위반,안전운전 의무 불이행,교차로,교차로부근,건설기계,건설기계,보행자,보행자,1124770 ,1968656 ,128.91542118,37.70898429
2017,2017042411,00,주간,월,1,1,0,0,0,경남,합천군,차량단독,전도전복,전도전복,운전자법규위반,안전운전 의무 불이행,단일로,기타단일로,이륜차,이륜차,없음,없음,1072325 ,1728376 ,128.29794352,35.54873276
2017,2017042411,11,주간,월,1,1,0,0,0,충남,천안시,차대차,정면충돌,정면충돌,운전자법규위반,안전운전 의무 불이행,교차로,교차로내,건설기계,건설기계,농기계,농기계,966710  ,1861717 ,127.12705828,36.75295278
2017,2017042419,45,야간,월,1,1,0,0,0,경북,칠곡군,차량단독,전도전복,전도전복,운전자법규위반,안전운전 의무 불이행,단일로,기타단일로,이륜차,이륜차,없음,없음,1082267 ,1769681 ,128.41185503,35.92033008
2017,2017042420,03,야간,월,1,1,0,0,0,경기,포천시,차량단독,기타,기타,운전자법규위반,안전운전 의무 불이행,단일로,기타단일로,사륜오토바이(ATV),사륜오토바이(ATV),없음,없음,972523  ,2002483 ,127.18694758,38.02196226
2017,2017042420,00,야간,월,1,1,0,0,0,인천,남동구,차량단독,전도전복,전도전복,운전자법규위반,안전운전 의무 불이행,단일로,기타단일로,이륜차,이륜차,없음,없음,930451  ,1931760 ,126.71439605,37.38231805
2017,2017042421,45,야간,월,1,1,0,0,0,전북,전주시,차대차,추돌,추돌,운전자법규위반,안전운전 의무 불이행,단일로,기타단일로,승용차,승용차,특수차,특수차,971311  ,1757946 ,127.18241507,35.81756894
2017,2017042421,50,야간,월,1,1,0,0,0,전남,목포시,차대사람,기타,기타,운전자법규위반,안전운전 의무 불이행,단일로,기타단일로,화물차,화물차,보행자,보행자,899870  ,1644444 ,126.40552321,34.78962535
2017,2017042422,50,야간,월,1,1,0,0,0,대구,달서구,차량단독,전도,전도,운전자법규위반,안전운전 의무 불이행,교차로,교차로내,승용차,승용차,없음,없음,1088669 ,1761191 ,128.48186121,35.84323463
2017,2017042422,00,야간,월,1,1,0,0,0,광주,광산구,차대차,측면충돌,측면충돌,운전자법규위반,신호위반,교차로,교차로내,승용차,승용차,원동기장치자전거,원동기장치자전거,937857  ,1687338 ,126.81750557,35.17941477
2017,2017042503,40,야간,화,2,3,1,0,0,강원,홍천군,차대차,정면충돌,정면충돌,운전자법규위반,중앙선 침범,단일로,기타단일로,승용차,승용차,승용차,승용차,1043095 ,1978321 ,127.9895421,37.80358895
2017,2017042506,50,주간,화,1,1,0,0,0,대전,서구,차대차,기타,기타,운전자법규위반,중앙선 침범,단일로,기타단일로,자전거,자전거,승합차,승합차,986851  ,1811996 ,127.35354051,36.30520551
2017,2017042516,43,주간,화,1,1,0,0,0,서울,서초구,차량단독,전도,전도,운전자법규위반,안전운전 의무 불이행,단일로,기타단일로,승용차,승용차,없음,없음,956947  ,1942230 ,127.01306285,37.4782983
2017,2017042516,08,주간,화,2,5,2,1,0,부산,해운대구,차대차,추돌,추돌,운전자법규위반,안전운전 의무 불이행,단일로,기타단일로,승용차,승용차,승합차,승합차,1147938 ,1689315 ,129.12485494,35.18827355
2017,2017042518,05,야간,화,1,1,0,0,0,경북,안동시,차대사람,기타,기타,운전자법규위반,안전운전 의무 불이행,단일로,기타단일로,승합차,승합차,보행자,보행자,1109900 ,1841252 ,128.72813891,36.56272035
2017,2017042520,28,야간,화,1,1,0,0,0,경기,화성시,차대사람,횡단중,횡단중,운전자법규위반,안전운전 의무 불이행,단일로,기타단일로,승용차,승용차,보행자,보행자,938470  ,1896838 ,126.80785244,37.06811829
2017,2017042522,20,야간,화,1,2,0,1,0,충북,음성군,차대차,측면충돌,측면충돌,운전자법규위반,중앙선 침범,단일로,기타단일로,승용차,승용차,승용차,승용차,1009460 ,1897147 ,127.60642236,37.07287539
2017,2017042604,45,야간,수,1,1,0,0,0,서울,종로구,차대사람,기타,기타,운전자법규위반,안전운전 의무 불이행,단일로,기타단일로,승용차,승용차,보행자,보행자,955841  ,1952498 ,126.99993685,37.57079451
2017,2017042605,00,야간,수,1,1,0,0,0,서울,서초구,차대차,기타,기타,운전자법규위반,안전운전 의무 불이행,단일로,기타단일로,승용차,승용차,승합차,승합차,954903  ,1945368 ,126.98975329,37.50648457
2017,2017042611,33,주간,수,1,1,0,0,0,제주,제주시,차대차,기타,기타,운전자법규위반,안전거리 미확보,단일로,기타단일로,승용차,승용차,화물차,화물차,900866  ,1495295 ,126.43342818,33.44481963
2017,2017042612,00,주간,수,1,1,0,0,0,경기,김포시,차대사람,횡단중,횡단중,운전자법규위반,안전운전 의무 불이행,단일로,기타단일로,승용차,승용차,보행자,보행자,929169  ,1959615 ,126.69723218,37.6332717
2017,2017042614,00,주간,수,1,1,0,0,0,대구,동구,차대차,측면충돌,측면충돌,운전자법규위반,안전운전 의무 불이행,단일로,기타단일로,건설기계,건설기계,자전거,자전거,1103217 ,1765841 ,128.64353132,35.88372727
2017,2017042617,45,주간,수,1,1,0,0,0,경북,김천시,차대차,추돌,추돌,운전자법규위반,안전운전 의무 불이행,단일로,기타단일로,화물차,화물차,농기계,농기계,1064163 ,1795803 ,128.21332528,36.15718106
2017,2017042619,45,야간,수,1,1,0,0,0,경남,거창군,차대사람,길가장자리구역통행중,길가장자리구역통행중,운전자법규위반,안전운전 의무 불이행,단일로,기타단일로,승용차,승용차,보행자,보행자,1041287 ,1737160 ,127.95597125,35.62971151
2017,2017042702,00,야간,목,1,1,0,0,0,경북,울진군,차대사람,횡단중,횡단중,운전자법규위반,안전운전 의무 불이행,단일로,기타단일로,화물차,화물차,보행자,보행자,1161197 ,1899739 ,129.31356542,37.08241926
2017,2017042705,57,야간,목,1,1,0,0,0,충남,논산시,차대차,측면충돌,측면충돌,운전자법규위반,신호위반,교차로,교차로내,이륜차,이륜차,화물차,화물차,962365  ,1801404 ,127.0813187,36.20907011
2017,2017042706,25,주간,목,1,1,0,0,0,충남,청양군,차대차,측면충돌,측면충돌,운전자법규위반,직진 및 우회전차의 통행방해,교차로,교차로내,이륜차,이륜차,승합차,승합차,953622  ,1822886 ,126.9827806,36.40235305
2017,2017042707,05,주간,목,1,1,0,0,0,부산,사하구,차대차,정면충돌,정면충돌,운전자법규위반,신호위반,교차로,교차로내,이륜차,이륜차,승용차,승용차,1133552 ,1677689 ,128.96500134,35.08548146
2017,2017042709,33,주간,목,1,1,0,0,0,경남,함양군,차대차,측면충돌,측면충돌,운전자법규위반,신호위반,교차로,교차로내,자전거,자전거,승용차,승용차,1028653 ,1737266 ,127.81644817,35.63111455
2017,2017042710,28,주간,목,1,4,1,2,0,전북,완주군,차대차,정면충돌,정면충돌,운전자법규위반,안전운전 의무 불이행,단일로,기타단일로,승용차,승용차,승용차,승용차,957218  ,1758396 ,127.02638658,35.8211127
2017,2017042713,50,주간,목,1,1,0,0,0,전남,함평군,차대사람,횡단중,횡단중,운전자법규위반,안전운전 의무 불이행,교차로,교차로내,화물차,화물차,보행자,보행자,910572  ,1674477 ,126.51926813,35.0614018
2017,2017042716,04,주간,목,1,1,0,0,0,울산,울주군,차량단독,전도,전도,운전자법규위반,안전운전 의무 불이행,교차로,교차로부근,이륜차,이륜차,없음,없음,1164492 ,1715939 ,129.3119527,35.42563538
2017,2017042717,19,주간,목,1,3,1,1,0,전남,무안군,차대차,정면충돌,정면충돌,운전자법규위반,안전운전 의무 불이행,교차로,교차로내,화물차,화물차,승합차,승합차,892624  ,1678903 ,126.32189774,35.09955309
2017,2017042718,10,야간,목,1,1,0,0,0,전북,완주군,차대차,추돌,추돌,운전자법규위반,안전거리 미확보,교차로,교차로부근,원동기장치자전거,원동기장치자전거,승용차,승용차,957059  ,1759346 ,127.02457537,35.82967085
2017,2017042721,03,야간,목,1,1,0,0,0,경기,화성시,차대차,정면충돌,정면충돌,운전자법규위반,과속,교차로,교차로내,승용차,승용차,이륜차,이륜차,954186  ,1898070 ,126.98455806,37.0801233
2017,2017042721,00,야간,목,1,1,0,0,0,경기,성남시,차대사람,횡단중,횡단중,운전자법규위반,안전운전 의무 불이행,교차로,교차로부근,승용차,승용차,보행자,보행자,966985  ,1940123 ,127.12668634,37.45972015
2017,2017042721,55,야간,목,1,2,1,0,0,충북,보은군,차대차,추돌,추돌,운전자법규위반,안전운전 의무 불이행,단일로,기타단일로,화물차,화물차,화물차,화물차,1027269 ,1828670 ,127.80431802,36.45522956
2017,2017042800,06,야간,금,1,1,0,0,0,서울,영등포구,차대사람,횡단중,횡단중,운전자법규위반,안전운전 의무 불이행,단일로,교량위,승합차,승합차,보행자,보행자,945947  ,1948123 ,126.88822343,37.53083457
2017,2017042805,10,야간,금,1,1,0,0,0,경기,남양주시,차대사람,횡단중,횡단중,운전자법규위반,신호위반,교차로,교차로횡단보도내,화물차,화물차,보행자,보행자,970269  ,1965917 ,127.16277238,37.69232311
2017,2017042809,50,주간,금,1,1,0,0,0,부산,해운대구,차량단독,전도전복,전도전복,운전자법규위반,안전운전 의무 불이행,단일로,기타단일로,이륜차,이륜차,없음,없음,1148816 ,1692893 ,129.13507187,35.21988549
2017,2017042813,50,주간,금,1,1,0,0,0,전남,신안군,차량단독,기타,기타,운전자법규위반,안전운전 의무 불이행,단일로,기타단일로,농기계,농기계,없음,없음,876058  ,1636883 ,126.14641459,34.71883887
2017,2017042815,40,주간,금,1,2,1,0,0,경북,예천군,차량단독,전도,전도,운전자법규위반,안전운전 의무 불이행,단일로,기타단일로,화물차,화물차,없음,없음,1079116 ,1862459 ,128.38635928,36.75692474
2017,2017042819,10,야간,금,1,1,0,0,0,전남,고흥군,차량단독,전도,전도,운전자법규위반,안전운전 의무 불이행,단일로,기타단일로,원동기장치자전거,원동기장치자전거,없음,없음,988395  ,1630514 ,127.37333244,34.66885841
2017,2017042821,10,야간,금,1,1,0,0,0,경남,함안군,차대사람,횡단중,횡단중,운전자법규위반,안전운전 의무 불이행,교차로,교차로부근,승용차,승용차,보행자,보행자,1079863 ,1704208 ,128.37872891,35.33026186
2017,2017042823,47,야간,금,1,1,0,0,0,인천,남동구,차대차,측면충돌,측면충돌,운전자법규위반,신호위반,교차로,교차로내,이륜차,이륜차,승용차,승용차,933624  ,1939171 ,126.74956823,37.4493462
2017,2017042907,57,주간,토,1,1,0,0,0,경기,평택시,차대차,측면충돌,측면충돌,운전자법규위반,안전운전 의무 불이행,단일로,기타단일로,건설기계,건설기계,자전거,자전거,951328  ,1883842 ,126.95332421,36.95172811
2017,2017042912,05,주간,토,1,1,0,0,0,전남,해남군,차대차,측면충돌,측면충돌,운전자법규위반,중앙선 침범,교차로,교차로부근,이륜차,이륜차,화물차,화물차,919593  ,1601981 ,126.62510508,34.40848141
2017,2017042913,40,주간,토,1,2,0,1,0,충북,영동군,차대차,정면충돌,정면충돌,운전자법규위반,중앙선 침범,단일로,기타단일로,화물차,화물차,건설기계,건설기계,1035250 ,1799674 ,127.89207148,36.19356329
2017,2017042914,00,주간,토,2,5,0,3,0,전남,나주시,차대차,측면충돌,측면충돌,운전자법규위반,교차로 통행방법 위반,교차로,교차로내,승용차,승용차,건설기계,건설기계,940969  ,1669703 ,126.85277799,35.02060813
2017,2017042916,05,주간,토,1,2,1,0,0,충남,공주시,차대차,후진중충돌,후진중충돌,운전자법규위반,안전운전 의무 불이행,단일로,기타단일로,화물차,화물차,이륜차,이륜차,960687  ,1818465 ,127.06179271,36.36281251
2017,2017042917,17,주간,토,1,3,2,0,0,경기,평택시,차량단독,공작물충돌,공작물충돌,운전자법규위반,안전운전 의무 불이행,교차로,교차로부근,승용차,승용차,없음,없음,957532  ,1895956 ,127.02232137,37.06122531
2017,2017042917,00,주간,토,1,1,0,0,0,경북,상주시,차대사람,횡단중,횡단중,운전자법규위반,안전운전 의무 불이행,교차로,교차로내,화물차,화물차,보행자,보행자,1058374 ,1825338 ,128.15132952,36.42415187
2017,2017042918,45,야간,토,1,1,0,0,0,서울,강남구,차량단독,전도,전도,운전자법규위반,안전운전 의무 불이행,단일로,터널안,이륜차,이륜차,없음,없음,962545  ,1942822 ,127.0763454,37.48387823
2017,2017042919,15,야간,토,1,1,0,0,0,경북,경주시,차대사람,기타,기타,운전자법규위반,안전운전 의무 불이행,단일로,기타단일로,화물차,화물차,보행자,보행자,1154033 ,1763232 ,129.20582573,35.85353704
2017,2017042919,05,야간,토,1,1,0,0,0,전북,전주시,차대차,정면충돌,정면충돌,운전자법규위반,안전운전 의무 불이행,교차로,교차로부근,화물차,화물차,자전거,자전거,965105  ,1758822 ,127.11367815,35.82526583
2017,2017042920,40,야간,토,1,1,0,0,0,전남,목포시,차대사람,횡단중,횡단중,운전자법규위반,안전운전 의무 불이행,교차로,교차로횡단보도내,승용차,승용차,보행자,보행자,899789  ,1646277 ,126.40441831,34.80614026
2017,2017042920,10,야간,토,1,1,0,0,0,강원,춘천시,차대사람,횡단중,횡단중,운전자법규위반,안전운전 의무 불이행,단일로,기타단일로,건설기계,건설기계,보행자,보행자,1019521 ,1990368 ,127.72207931,37.91297758
2017,2017042920,25,야간,토,1,1,0,0,0,경남,하동군,차대사람,횡단중,횡단중,운전자법규위반,안전운전 의무 불이행,기타,기타,화물차,화물차,보행자,보행자,1021941 ,1675005 ,127.74064951,35.0698891
2017,2017042922,40,야간,토,1,1,0,0,0,경북,칠곡군,차대사람,횡단중,횡단중,운전자법규위반,안전운전 의무 불이행,단일로,기타단일로,화물차,화물차,보행자,보행자,1098692 ,1778420 ,128.59497084,35.997586
2017,2017043000,53,야간,일,1,2,1,0,0,서울,영등포구,차량단독,공작물충돌,공작물충돌,운전자법규위반,안전운전 의무 불이행,교차로,교차로내,승합차,승합차,없음,없음,945389  ,1947039 ,126.88198888,37.52103148
2017,2017043001,56,야간,일,1,1,0,0,0,제주,서귀포시,차대사람,기타,기타,운전자법규위반,안전운전 의무 불이행,교차로,교차로부근,승용차,승용차,보행자,보행자,912423  ,1473749 ,126.55984407,33.25151085
2017,2017043006,35,주간,일,1,2,1,0,0,서울,강북구,차대차,기타,기타,운전자법규위반,신호위반,단일로,기타단일로,승용차,승용차,승용차,승용차,959625  ,1959044 ,127.04242492,37.62996881
2017,2017043008,35,주간,일,1,4,1,2,0,전북,정읍시,차대차,정면충돌,정면충돌,운전자법규위반,중앙선 침범,기타,기타,승용차,승용차,승용차,승용차,952804  ,1743779 ,126.97994763,35.68837007
2017,2017043009,41,주간,일,1,1,0,0,0,광주,북구,차대사람,길가장자리구역통행중,길가장자리구역통행중,운전자법규위반,안전운전 의무 불이행,단일로,기타단일로,승용차,승용차,보행자,보행자,942731  ,1690279 ,126.87082756,35.20622241
2017,2017043010,10,주간,일,1,3,0,2,0,경북,경주시,차대차,측면충돌,측면충돌,운전자법규위반,중앙선 침범,단일로,기타단일로,이륜차,이륜차,승용차,승용차,1163869 ,1760556 ,129.3141568,35.82782632
2017,2017043010,41,주간,일,1,1,0,0,0,경북,경주시,차대사람,횡단중,횡단중,운전자법규위반,보행자 보호의무 위반,단일로,기타단일로,승용차,승용차,보행자,보행자,1156293 ,1760198 ,129.2302497,35.82583657
2017,2017043013,05,주간,일,1,2,0,1,0,경북,성주군,차량단독,도로이탈,도로이탈 기타,운전자법규위반,안전운전 의무 불이행,단일로,기타단일로,승용차,승용차,없음,없음,1070503 ,1772813 ,128.28175154,35.94948515
2017,2017043014,58,주간,일,1,4,3,0,0,전남,함평군,차량단독,전도전복,전도전복,운전자법규위반,안전운전 의무 불이행,단일로,기타단일로,승용차,승용차,없음,없음,920457  ,1686423 ,126.62651342,35.16993756
2017,2017043014,48,주간,일,1,1,0,0,0,경기,부천시,차대사람,횡단중,횡단중,운전자법규위반,안전운전 의무 불이행,교차로,교차로횡단보도내,승합차,승합차,보행자,보행자,938361  ,1941728 ,126.80290598,37.4727205
2017,2017043018,55,야간,일,1,1,0,0,0,충남,부여군,차량단독,전도전복,전도전복,운전자법규위반,안전운전 의무 불이행,교차로,교차로부근,사륜오토바이(ATV),사륜오토바이(ATV),없음,없음,931444  ,1809203 ,126.73666714,36.27767871
2017,2017043019,00,야간,일,1,1,0,0,0,충남,서산시,차대사람,횡단중,횡단중,운전자법규위반,기타(운전자법규위반),단일로,기타단일로,승용차,승용차,보행자,보행자,913563  ,1852712 ,126.53273362,36.6684302
2017,2017043019,40,야간,일,1,1,0,0,0,경기,가평군,차대사람,횡단중,횡단중,운전자법규위반,보행자 보호의무 위반,교차로,교차로부근,승용차,승용차,보행자,보행자,1001304 ,1979393 ,127.5148151,37.8142673
2017,2017043020,15,야간,일,1,1,0,0,0,충남,서천군,차대사람,횡단중,횡단중,운전자법규위반,과속,단일로,기타단일로,승용차,승용차,보행자,보행자,920379  ,1792033 ,126.61522042,36.12204886
2017,2017043021,55,야간,일,1,2,1,0,0,광주,광산구,차대차,추돌,추돌,운전자법규위반,과속,단일로,기타단일로,승용차,승용차,원동기장치자전거,원동기장치자전거,930026  ,1684319 ,126.73176302,35.15167919
2017,2017050100,30,야간,월,1,3,1,1,0,서울,구로구,차대사람,차도통행중,차도통행중,운전자법규위반,과속,단일로,기타단일로,이륜차,이륜차,보행자,보행자,946545  ,1942300 ,126.89541469,37.47838583
2017,2017050102,28,야간,월,1,2,0,1,0,경기,포천시,차대사람,횡단중,횡단중,운전자법규위반,안전운전 의무 불이행,교차로,교차로내,승용차,승용차,보행자,보행자,973235  ,1987672 ,127.19561085,37.88849439
2017,2017050103,45,야간,월,1,1,0,0,0,대구,수성구,차대사람,횡단중,횡단중,운전자법규위반,신호위반,교차로,교차로내,화물차,화물차,보행자,보행자,1103597 ,1764659 ,128.64758684,35.8730322
2017,2017050108,40,주간,월,1,1,0,0,0,충북,충주시,차량단독,전도,전도,운전자법규위반,안전운전 의무 불이행,단일로,기타단일로,승용차,승용차,없음,없음,1027592 ,1899727 ,127.81049531,37.09577354
2017,2017050109,20,주간,월,1,1,0,0,0,전북,김제시,차대차,측면충돌,측면충돌,운전자법규위반,안전운전 의무 불이행,교차로,교차로내,승용차,승용차,이륜차,이륜차,947029  ,1766279 ,126.91307154,35.89168602
2017,2017050111,35,주간,월,1,1,0,0,0,충남,당진시,차대사람,차도통행중,차도통행중,운전자법규위반,안전운전 의무 불이행,단일로,기타단일로,화물차,화물차,보행자,보행자,933191  ,1868515 ,126.7509768,36.81246061
2017,2017050116,42,주간,월,1,1,0,0,0,경기,의정부시,차대사람,횡단중,횡단중,운전자법규위반,안전운전 의무 불이행,교차로,교차로내,화물차,화물차,보행자,보행자,960466  ,1971878 ,127.05125938,37.74567954
2017,2017050117,31,주간,월,1,1,0,0,0,충남,아산시,차량단독,전도,전도,운전자법규위반,안전운전 의무 불이행,교차로,교차로내,이륜차,이륜차,없음,없음,961074  ,1882002 ,127.06288116,36.93559534
2017,2017050119,50,야간,월,1,1,0,0,0,경북,경산시,차대사람,횡단중,횡단중,운전자법규위반,안전운전 의무 불이행,단일로,기타단일로,승용차,승용차,보행자,보행자,1116008 ,1757949 ,128.78406392,35.81115698
2017,2017050121,30,야간,월,1,1,0,0,0,광주,북구,차대사람,기타,기타,운전자법규위반,안전운전 의무 불이행,기타,기타,승용차,승용차,보행자,보행자,943220  ,1687853 ,126.8759336,35.18471901
2017,2017050123,20,야간,월,1,1,0,0,0,전남,장흥군,차량단독,전도전복,전도전복,운전자법규위반,안전운전 의무 불이행,단일로,기타단일로,승용차,승용차,없음,없음,951018  ,1609328 ,126.96659701,34.47670332
2017,2017050123,58,야간,월,2,8,5,1,0,충북,영동군,차대차,기타,기타,운전자법규위반,안전운전 의무 불이행,단일로,기타단일로,승합차,승합차,승용차,승용차,1026784 ,1809341 ,127.79823976,36.28098717
2017,2017050200,50,야간,화,1,2,0,0,1,충북,보은군,차량단독,전도전복,전도전복,운전자법규위반,안전운전 의무 불이행,단일로,교량위,승용차,승용차,없음,없음,1010588 ,1831269 ,127.61819672,36.47898956
2017,2017050200,01,야간,화,2,2,0,0,0,부산,기장군,차량단독,공작물충돌,공작물충돌,운전자법규위반,안전운전 의무 불이행,단일로,기타단일로,승용차,승용차,없음,없음,1155613 ,1691967 ,129.20958366,35.21101222
2017,2017050200,10,야간,화,1,2,0,1,0,경기,김포시,차대차,추돌,추돌,운전자법규위반,안전운전 의무 불이행,교차로,교차로내,승용차,승용차,화물차,화물차,922464  ,1965058 ,126.62067008,37.68178451