발생년,발생년월일시,발생분,주야,요일,사망자수,사상자수,중상자수,경상자수,부상신고자수,발생지시도,발생지시군구,사고유형_대분류,사고유형_중분류,사고유형,법규위반_대분류,법규위반,도로형태_대분류,도로형태,당사자종별_1당_대분류,당사자종별_1당,당사자종별_2당_대분류,당사자종별_2당,발생위치X_UTMK,발생위치Y_UTMK,경도,위도
2017,2017050204,55,야간,화,1,2,1,0,0,강원,원주시,차대차,측면충돌,측면충돌,운전자법규위반,중앙선 침범,단일로,기타단일로,승합차,승합차,승용차,승용차,1039063 ,1930179 ,127.94117304,37.3698538
2017,2017050207,42,주간,화,1,1,0,0,0,대전,동구,차대사람,횡단중,횡단중,운전자법규위반,안전운전 의무 불이행,단일로,기타단일로,승용차,승용차,보행자,보행자,999795  ,1817121 ,127.49771527,36.35149937
2017,2017050209,16,주간,화,1,3,2,0,0,충북,충주시,차대차,정면충돌,정면충돌,운전자법규위반,안전거리 미확보,단일로,기타단일로,승용차,승용차,건설기계,건설기계,1037526 ,1891486 ,127.92186964,37.021143
2017,2017050300,50,야간,수,1,1,0,0,0,서울,용산구,차량단독,전도,전도,운전자법규위반,안전운전 의무 불이행,단일로,기타단일로,이륜차,이륜차,없음,없음,954280  ,1946856 ,126.98261208,37.51986567
2017,2017050300,00,야간,수,1,1,0,0,0,인천,중구,차대사람,차도통행중,차도통행중,운전자법규위반,안전운전 의무 불이행,단일로,기타단일로,승용차,승용차,보행자,보행자,910541  ,1940731 ,126.4884402,37.46146042
2017,2017050302,07,야간,수,1,2,0,1,0,전북,남원시,차대차,추돌,추돌,운전자법규위반,안전운전 의무 불이행,단일로,기타단일로,화물차,화물차,화물차,화물차,991510  ,1715462 ,127.40646301,35.43489501
2017,2017050303,13,야간,수,1,1,0,0,0,대구,수성구,차량단독,공작물충돌,공작물충돌,운전자법규위반,안전운전 의무 불이행,단일로,교량위,이륜차,이륜차,없음,없음,1101507 ,1757087 ,128.62344344,35.8050301
2017,2017050307,43,주간,수,1,4,2,1,0,경기,시흥시,차대차,측면충돌,측면충돌,운전자법규위반,직진 및 우회전차의 통행방해,교차로,교차로내,건설기계,건설기계,화물차,화물차,928393  ,1925920 ,126.69171625,37.3295255
2017,2017050309,20,주간,수,1,1,0,0,0,경북,경주시,차대사람,길가장자리구역통행중,길가장자리구역통행중,운전자법규위반,안전운전 의무 불이행,단일로,기타단일로,승용차,승용차,보행자,보행자,1140752 ,1744715 ,129.05554322,35.68864218
2017,2017050316,25,주간,수,1,1,0,0,0,충북,청주시,차대차,기타,기타,운전자법규위반,안전운전 의무 불이행,교차로,교차로부근,화물차,화물차,화물차,화물차,1015657 ,1850377 ,127.67517166,36.65117964
2017,2017050316,25,주간,수,1,1,0,0,0,전남,담양군,차대차,측면충돌,측면충돌,운전자법규위반,중앙선 침범,단일로,기타단일로,자전거,자전거,승용차,승용차,951166  ,1702576 ,126.96276146,35.31754625
2017,2017050318,50,야간,수,1,1,0,0,0,충남,청양군,차량단독,기타,기타,운전자법규위반,안전운전 의무 불이행,교차로,교차로내,화물차,화물차,없음,없음,947423  ,1813946 ,126.91425513,36.32144022
2017,2017050318,30,야간,수,1,1,0,0,0,충남,예산군,차량단독,공작물충돌,공작물충돌,운전자법규위반,안전운전 의무 불이행,단일로,기타단일로,사륜오토바이(ATV),사륜오토바이(ATV),없음,없음,941771  ,1848690 ,126.84867545,36.63431978
2017,2017050401,00,야간,목,1,1,0,0,0,충북,음성군,차량단독,전도,전도,운전자법규위반,안전운전 의무 불이행,단일로,기타단일로,원동기장치자전거,원동기장치자전거,없음,없음,1018877 ,1880924 ,127.71195418,36.92649293
2017,2017050401,22,야간,목,1,1,0,0,0,경기,안성시,차대차,정면충돌,정면충돌,운전자법규위반,중앙선 침범,단일로,기타단일로,승용차,승용차,화물차,화물차,993724  ,1897422 ,127.42939442,37.07538105
2017,2017050401,33,야간,목,1,1,0,0,0,대전,중구,차대사람,횡단중,횡단중,운전자법규위반,안전운전 의무 불이행,단일로,기타단일로,승용차,승용차,보행자,보행자,991882  ,1813816 ,127.40955903,36.32166916
2017,2017050405,50,야간,목,1,1,0,0,0,광주,북구,차대사람,횡단중,횡단중,운전자법규위반,신호위반,교차로,교차로부근,화물차,화물차,보행자,보행자,947144  ,1685671 ,126.91960314,35.16491566
2017,2017050406,20,주간,목,1,1,0,0,0,광주,광산구,차대사람,횡단중,횡단중,운전자법규위반,보행자 보호의무 위반,교차로,교차로부근,화물차,화물차,보행자,보행자,936432  ,1685491 ,126.8018119,35.16255558
2017,2017050410,07,주간,목,1,1,0,0,0,전남,목포시,차대차,기타,기타,운전자법규위반,안전거리 미확보,단일로,기타단일로,자전거,자전거,화물차,화물차,898691  ,1644314 ,126.39223441,34.78839871
2017,2017050413,18,주간,목,1,1,0,0,0,경남,거창군,차대차,기타,기타,운전자법규위반,안전거리 미확보,교차로,교차로부근,자전거,자전거,화물차,화물차,1037113 ,1742740 ,127.91013208,35.68018773
2017,2017050413,55,주간,목,1,1,0,0,0,강원,평창군,차량단독,전도,전도,운전자법규위반,안전운전 의무 불이행,단일로,기타단일로,농기계,농기계,없음,없음,1096090 ,1963619 ,128.58952824,37.66706012
2017,2017050413,51,주간,목,1,2,1,0,0,강원,철원군,차대차,측면충돌,측면충돌,운전자법규위반,직진 및 우회전차의 통행방해,교차로,교차로내,승용차,승용차,화물차,화물차,979576  ,2022231 ,127.26673814,38.20013064
2017,2017050413,10,주간,목,1,1,0,0,0,충남,논산시,차량단독,도로이탈,도로이탈 추락,운전자법규위반,안전운전 의무 불이행,단일로,기타단일로,농기계,농기계,없음,없음,968482  ,1811553 ,127.14895867,36.30078601
2017,2017050414,25,주간,목,1,1,0,0,0,서울,양천구,차대사람,기타,기타,운전자법규위반,안전운전 의무 불이행,단일로,기타단일로,화물차,화물차,보행자,보행자,942093  ,1946746 ,126.84471462,37.5181896
2017,2017050418,10,야간,목,1,1,0,0,0,충남,천안시,차량단독,전도전복,전도전복,운전자법규위반,안전운전 의무 불이행,단일로,기타단일로,승용차,승용차,없음,없음,969208  ,1868182 ,127.15478114,36.81131657
2017,2017050423,50,야간,목,1,1,0,0,0,서울,강북구,차대사람,차도통행중,차도통행중,운전자법규위반,안전운전 의무 불이행,교차로,교차로내,승용차,승용차,보행자,보행자,957462  ,1959194 ,127.01790341,37.63122317
2017,2017050500,45,야간,금,1,2,1,0,0,경북,구미시,차량단독,전복,전복,운전자법규위반,안전운전 의무 불이행,교차로,교차로부근,승용차,승용차,없음,없음,1077843 ,1790797 ,128.36490159,36.11105094
2017,2017050501,20,야간,금,1,1,0,0,0,경기,파주시,차량단독,전도전복,전도전복,운전자법규위반,안전운전 의무 불이행,교차로,교차로내,승용차,승용차,없음,없음,950325  ,1997762 ,126.93437588,37.97846915
2017,2017050506,15,주간,금,1,1,0,0,0,충남,서산시,차량단독,공작물충돌,공작물충돌,운전자법규위반,안전운전 의무 불이행,단일로,기타단일로,승용차,승용차,없음,없음,899497  ,1849731 ,126.37574545,36.64017951
2017,2017050506,50,주간,금,1,1,0,0,0,경기,용인시,차량단독,기타,기타,운전자법규위반,안전운전 의무 불이행,단일로,기타단일로,승용차,승용차,없음,없음,967937  ,1925526 ,127.13808393,37.32818144
2017,2017050507,15,주간,금,1,1,0,0,0,전남,여수시,차량단독,공작물충돌,공작물충돌,운전자법규위반,안전운전 의무 불이행,단일로,기타단일로,화물차,화물차,없음,없음,1017672 ,1641952 ,127.69312775,34.77191728
2017,2017050511,05,주간,금,1,4,0,3,0,경북,경주시,차대차,추돌,추돌,운전자법규위반,안전운전 의무 불이행,단일로,기타단일로,승합차,승합차,승용차,승용차,1156860 ,1761146 ,129.23671032,35.83428947
2017,2017050512,40,주간,금,1,2,1,0,0,경남,진주시,차대차,추돌,추돌,운전자법규위반,안전운전 의무 불이행,단일로,기타단일로,화물차,화물차,승합차,승합차,1055161 ,1685696 ,128.10570785,35.16501718
2017,2017050513,45,주간,금,1,3,1,1,0,강원,철원군,차대차,정면충돌,정면충돌,운전자법규위반,중앙선 침범,단일로,기타단일로,승용차,승용차,승용차,승용차,997584  ,2026022 ,127.47239393,38.23452575
2017,2017050517,05,주간,금,1,1,0,0,0,전남,곡성군,차량단독,도로이탈,도로이탈 기타,운전자법규위반,안전운전 의무 불이행,기타,기타,자전거,자전거,없음,없음,981174  ,1698168 ,127.29420689,35.27774656
2017,2017050520,25,야간,금,1,1,0,0,0,전남,여수시,차대사람,횡단중,횡단중,운전자법규위반,안전운전 의무 불이행,단일로,기타단일로,화물차,화물차,보행자,보행자,1017820 ,1639340 ,127.69468985,34.74836035
2017,2017050520,20,야간,금,1,1,0,0,0,전북,전주시,차대사람,횡단중,횡단중,운전자법규위반,보행자 보호의무 위반,교차로,교차로횡단보도내,화물차,화물차,보행자,보행자,965512  ,1763569 ,127.11797875,35.86807905
2017,2017050521,30,야간,금,1,1,0,0,0,충남,예산군,차대사람,횡단중,횡단중,운전자법규위반,안전운전 의무 불이행,단일로,기타단일로,승용차,승용차,보행자,보행자,935417  ,1854480 ,126.77711935,36.68610242
2017,2017050601,26,야간,토,1,1,0,0,0,대구,남구,차대사람,횡단중,횡단중,운전자법규위반,안전운전 의무 불이행,단일로,기타단일로,승용차,승용차,보행자,보행자,1098498 ,1761887 ,128.59077009,35.84857025
2017,2017050602,30,야간,토,1,2,0,1,0,충남,보령시,차대차,추돌,추돌,운전자법규위반,안전운전 의무 불이행,단일로,기타단일로,승용차,승용차,특수차,특수차,918335  ,1825992 ,126.58895917,36.42799866
2017,2017050603,45,야간,토,1,2,0,1,0,대전,동구,차대차,추돌,추돌,운전자법규위반,안전운전 의무 불이행,단일로,기타단일로,승용차,승용차,화물차,화물차,994646  ,1816970 ,127.44033048,36.35012317
2017,2017050603,28,야간,토,1,1,0,0,0,광주,북구,차대사람,횡단중,횡단중,운전자법규위반,과속,교차로,교차로내,승용차,승용차,보행자,보행자,946520  ,1686869 ,126.91258971,35.17577442
2017,2017050604,30,야간,토,1,1,0,0,0,서울,성북구,차량단독,전도,전도,운전자법규위반,안전운전 의무 불이행,단일로,기타단일로,이륜차,이륜차,없음,없음,956953  ,1954761 ,127.01239588,37.59124408
2017,2017050606,10,주간,토,1,2,0,1,0,경기,여주시,차대차,측면충돌,측면충돌,운전자법규위반,안전운전 의무 불이행,교차로,교차로내,화물차,화물차,승합차,승합차,1010741 ,1922316 ,127.62119522,37.29973811
2017,2017050609,30,주간,토,1,1,0,0,0,전남,고흥군,차량단독,전도,전도,운전자법규위반,안전운전 의무 불이행,단일로,기타단일로,화물차,화물차,없음,없음,986310  ,1611231 ,127.35090737,34.49505971
2017,2017050610,40,주간,토,1,1,0,0,0,충북,영동군,차대차,기타,기타,운전자법규위반,안전운전 의무 불이행,교차로,교차로내,이륜차,이륜차,화물차,화물차,1015655 ,1790008 ,127.67393317,36.10693323
2017,2017050611,35,주간,토,1,3,1,1,0,강원,평창군,차대차,측면충돌,측면충돌,운전자법규위반,안전운전 의무 불이행,단일로,기타단일로,승용차,승용차,승용차,승용차,1081588 ,1956297 ,128.42481434,37.6022741
2017,2017050613,50,주간,토,1,1,0,0,0,경기,의정부시,차대차,측면충돌,측면충돌,운전자법규위반,안전운전 의무 불이행,교차로,교차로부근,승용차,승용차,자전거,자전거,959308  ,1970650 ,127.03818436,37.73456079
2017,2017050614,18,주간,토,1,2,0,1,0,서울,동작구,차대차,측면충돌,측면충돌,운전자법규위반,신호위반,교차로,교차로부근,원동기장치자전거,원동기장치자전거,승합차,승합차,949566  ,1946147 ,126.92931733,37.51322959
2017,2017050615,46,주간,토,1,2,0,1,0,충남,보령시,차대차,기타,기타,운전자법규위반,신호위반,교차로,교차로내,승용차,승용차,건설기계,건설기계,920184  ,1817850 ,126.6104207,36.35476013
2017,2017050617,48,주간,토,1,1,0,0,0,인천,부평구,차대사람,횡단중,횡단중,운전자법규위반,보행자 보호의무 위반,교차로,교차로횡단보도내,건설기계,건설기계,보행자,보행자,929589  ,1945787 ,126.70332054,37.50867661
2017,2017050618,50,야간,토,1,3,0,2,0,제주,제주시,차대차,기타,기타,운전자법규위반,중앙선 침범,단일로,기타단일로,승용차,승용차,승용차,승용차,908953  ,1500921 ,126.51985269,33.49627478
2017,2017050621,05,야간,토,1,1,0,0,0,충북,충주시,차대사람,횡단중,횡단중,운전자법규위반,안전운전 의무 불이행,교차로,교차로부근,화물차,화물차,보행자,보행자,1025098 ,1883830 ,127.78190044,36.95254364
2017,2017050621,10,야간,토,1,1,0,0,0,전북,김제시,차대사람,기타,기타,운전자법규위반,과속,기타,기타,승용차,승용차,보행자,보행자,939823  ,1756669 ,126.83395718,35.80462977
2017,2017050622,20,야간,토,1,1,0,0,0,서울,성동구,차대사람,횡단중,횡단중,운전자법규위반,안전운전 의무 불이행,교차로,교차로횡단보도내,화물차,화물차,보행자,보행자,959285  ,1951076 ,127.03901501,37.55813638
2017,2017050622,34,야간,토,1,1,0,0,0,전남,해남군,차량단독,전도전복,전도전복,운전자법규위반,안전운전 의무 불이행,단일로,기타단일로,화물차,화물차,없음,없음,913022  ,1627214 ,126.55095374,34.63553547
2017,2017050702,40,야간,일,1,1,0,0,0,경기,용인시,차량단독,공작물충돌,공작물충돌,운전자법규위반,안전운전 의무 불이행,단일로,기타단일로,이륜차,이륜차,없음,없음,964418  ,1919096 ,127.09867159,37.27009485
2017,2017050704,25,야간,일,1,1,0,0,0,경남,김해시,차대사람,횡단중,횡단중,운전자법규위반,안전운전 의무 불이행,단일로,기타단일로,승용차,승용차,보행자,보행자,1126143 ,1694648 ,128.88636695,35.2393118
2017,2017050705,01,야간,일,1,1,0,0,0,울산,남구,차대사람,횡단중,횡단중,운전자법규위반,안전운전 의무 불이행,단일로,기타단일로,승용차,승용차,보행자,보행자,1163964 ,1728288 ,129.30863125,35.53701445
2017,2017050708,10,주간,일,1,4,1,2,0,경기,평택시,차대차,정면충돌,정면충돌,운전자법규위반,신호위반,교차로,교차로내,이륜차,이륜차,화물차,화물차,942042  ,1888690 ,126.84865875,36.99490152
2017,2017050710,40,주간,일,1,1,0,0,0,서울,성동구,차대사람,기타,기타,운전자법규위반,안전운전 의무 불이행,교차로,교차로내,승용차,승용차,보행자,보행자,957966  ,1951934 ,127.02403224,37.56581051
2017,2017050714,05,주간,일,1,2,1,0,0,강원,강릉시,차량단독,전도,전도,운전자법규위반,안전운전 의무 불이행,교차로,교차로내,승용차,승용차,없음,없음,1123408 ,1973527 ,128.9007471,37.7530006
2017,2017050719,20,야간,일,1,1,0,0,0,경북,경산시,차대차,기타,기타,운전자법규위반,안전운전 의무 불이행,단일로,기타단일로,이륜차,이륜차,화물차,화물차,1114444 ,1762616 ,128.76741303,35.85341354
2017,2017050722,42,야간,일,1,1,0,0,0,광주,북구,차대사람,횡단중,횡단중,운전자법규위반,안전운전 의무 불이행,교차로,교차로부근,승합차,승합차,보행자,보행자,943473  ,1686994 ,126.8792043,35.17664487
2017,2017050800,15,야간,월,1,1,0,0,0,제주,제주시,차량단독,전도,전도,운전자법규위반,안전운전 의무 불이행,교차로,교차로부근,이륜차,이륜차,없음,없음,895567  ,1498602 ,126.37604133,33.47413863
2017,2017050800,55,야간,월,1,2,1,0,0,전북,전주시,차량단독,전도전복,전도전복,운전자법규위반,안전운전 의무 불이행,단일로,지하차도(도로)내,승용차,승용차,없음,없음,969981  ,1760563 ,127.1677231,35.84121195
2017,2017050805,00,야간,월,1,1,0,0,0,전남,장흥군,차대차,추돌,추돌,운전자법규위반,안전운전 의무 불이행,단일로,기타단일로,승합차,승합차,농기계,농기계,948397  ,1619293 ,126.93698603,34.5662274
2017,2017050806,00,주간,월,1,1,0,0,0,대구,달성군,차대차,정면충돌,정면충돌,운전자법규위반,안전운전 의무 불이행,교차로,교차로내,화물차,화물차,원동기장치자전거,원동기장치자전거,1085952 ,1740748 ,128.44958678,35.65918152
2017,2017050813,50,주간,월,1,1,0,0,0,전북,장수군,차대차,측면충돌,측면충돌,운전자법규위반,안전운전 의무 불이행,교차로,교차로내,사륜오토바이(ATV),사륜오토바이(ATV),화물차,화물차,1009000 ,1747737 ,127.59951516,35.72590004
2017,2017050814,15,주간,월,1,1,0,0,0,경북,상주시,차대차,기타,기타,운전자법규위반,안전운전 의무 불이행,교차로,교차로내,화물차,화물차,원동기장치자전거,원동기장치자전거,1058068 ,1820039 ,128.1473697,36.37605224
2017,2017050814,30,주간,월,1,1,0,0,0,전남,영광군,차량단독,전도,전도,운전자법규위반,안전운전 의무 불이행,단일로,기타단일로,농기계,농기계,없음,없음,907600  ,1692124 ,126.48470566,35.220236
2017,2017050814,58,주간,월,1,4,2,1,0,전남,나주시,차대차,측면충돌,측면충돌,운전자법규위반,안전운전 의무 불이행,교차로,교차로내,승용차,승용차,승용차,승용차,921778  ,1661892 ,126.64107465,34.95013138
2017,2017050814,30,주간,월,1,1,0,0,0,전남,해남군,차대차,측면충돌,측면충돌,운전자법규위반,교차로 통행방법 위반,교차로,교차로내,화물차,화물차,이륜차,이륜차,923195  ,1619404 ,126.6623983,34.5662032
2017,2017050815,00,주간,월,1,3,0,1,1,대구,달성군,차대차,측면충돌,측면충돌,운전자법규위반,신호위반,교차로,교차로내,승용차,승용차,승용차,승용차,1083035 ,1741219 ,128.41741247,35.66367752
2017,2017050815,00,주간,월,1,1,0,0,0,충북,충주시,차대사람,횡단중,횡단중,운전자법규위반,안전운전 의무 불이행,교차로,교차로부근,화물차,화물차,보행자,보행자,1039343 ,1884411 ,127.94060159,36.95713599
2017,2017050817,20,주간,월,1,2,1,0,0,충남,부여군,차대차,정면충돌,정면충돌,운전자법규위반,교차로 통행방법 위반,교차로,교차로내,승용차,승용차,이륜차,이륜차,940958  ,1791703 ,126.84391119,36.12054458
2017,2017050818,55,야간,월,1,1,0,0,0,경북,경주시,차대차,측면충돌,측면충돌,운전자법규위반,신호위반,교차로,교차로내,자전거,자전거,승용차,승용차,1154163 ,1761979 ,129.20702274,35.84222436
2017,2017050900,20,야간,화,1,1,0,0,0,울산,남구,차대사람,횡단중,횡단중,운전자법규위반,과속,교차로,교차로부근,승용차,승용차,보행자,보행자,1165144 ,1729674 ,129.32192415,35.54930928
2017,2017050902,45,야간,화,1,1,0,0,0,경기,의정부시,차대사람,횡단중,횡단중,운전자법규위반,신호위반,단일로,기타단일로,화물차,화물차,보행자,보행자,959059  ,1971613 ,127.03530428,37.74322921
2017,2017050904,50,야간,화,1,1,0,0,0,인천,서구,차대사람,횡단중,횡단중,운전자법규위반,안전운전 의무 불이행,교차로,교차로내,이륜차,이륜차,보행자,보행자,924522  ,1956969 ,126.64484353,37.60905462
2017,2017050907,45,주간,화,1,1,0,0,0,강원,속초시,차대사람,차도통행중,차도통행중,운전자법규위반,신호위반,교차로,교차로부근,승합차,승합차,보행자,보행자,1095539 ,2023156 ,128.59118514,38.20362774
2017,2017050910,57,주간,화,1,1,0,0,0,경기,안산시,차대사람,차도통행중,차도통행중,운전자법규위반,안전운전 의무 불이행,단일로,기타단일로,화물차,화물차,보행자,보행자,943786  ,1927275 ,126.86535516,37.34279799
2017,2017050910,10,주간,화,1,1,0,0,0,충남,논산시,차대차,기타,기타,운전자법규위반,안전운전 의무 불이행,단일로,기타단일로,자전거,자전거,승용차,승용차,961400  ,1801809 ,127.0705636,36.2126833
2017,2017050914,15,주간,화,1,1,0,0,0,전북,정읍시,차대사람,횡단중,횡단중,운전자법규위반,안전운전 의무 불이행,교차로,교차로내,승용차,승용차,보행자,보행자,941775  ,1732107 ,126.85733988,35.5833006
2017,2017050915,20,주간,화,1,1,0,0,0,충북,음성군,차대사람,횡단중,횡단중,운전자법규위반,안전운전 의무 불이행,교차로,교차로내,승용차,승용차,보행자,보행자,1012351 ,1902264 ,127.63902948,37.1189677
2017,2017050916,30,주간,화,1,1,0,0,0,경기,안산시,차대사람,횡단중,횡단중,운전자법규위반,안전운전 의무 불이행,단일로,기타단일로,승용차,승용차,보행자,보행자,942523  ,1923446 ,126.85139369,37.3082085
2017,2017050917,01,주간,화,1,1,0,0,0,경기,평택시,차량단독,전도전복,전도전복,운전자법규위반,안전운전 의무 불이행,단일로,기타단일로,화물차,화물차,없음,없음,947739  ,1883164 ,126.91306191,36.94542419
2017,2017050917,30,주간,화,1,1,0,0,0,강원,춘천시,차대차,측면충돌,측면충돌,운전자법규위반,신호위반,교차로,교차로부근,화물차,화물차,자전거,자전거,1019920 ,1984752 ,127.72646339,37.86235191
2017,2017050919,38,야간,화,1,2,0,1,0,강원,태백시,차대사람,기타,기타,운전자법규위반,과속,단일로,기타단일로,승용차,승용차,보행자,보행자,1132553 ,1908376 ,128.99294119,37.16473865
2017,2017050919,50,야간,화,1,1,0,0,0,전북,전주시,차대사람,보도통행중,보도통행중,운전자법규위반,과속,교차로,교차로횡단보도내,승합차,승합차,보행자,보행자,968287  ,1756505 ,127.14899735,35.80448369
2017,2017050923,10,야간,화,1,1,0,0,0,대구,수성구,차대사람,횡단중,횡단중,운전자법규위반,안전운전 의무 불이행,단일로,기타단일로,승용차,승용차,보행자,보행자,1100769 ,1760455 ,128.61573417,35.83543062
2017,2017051000,52,야간,수,1,1,0,0,0,강원,강릉시,차량단독,공작물충돌,공작물충돌,운전자법규위반,과속,교차로,교차로부근,승용차,승용차,없음,없음,1124790 ,1978065 ,128.91729212,37.79384233
2017,2017051003,08,야간,수,1,1,0,0,0,대구,달서구,차대차,추돌,추돌,운전자법규위반,안전운전 의무 불이행,단일로,기타단일로,승용차,승용차,건설기계,건설기계,1090954 ,1758885 ,128.50689761,35.82223711
2017,2017051011,40,주간,수,1,1,0,0,0,대전,중구,차대사람,횡단중,횡단중,운전자법규위반,안전운전 의무 불이행,단일로,기타단일로,승용차,승용차,보행자,보행자,991500  ,1813781 ,127.40530363,36.32135032
2017,2017051011,40,주간,수,1,2,1,0,0,경기,파주시,차대차,추돌,추돌,운전자법규위반,안전운전 의무 불이행,단일로,지하차도(도로)내,승용차,승용차,화물차,화물차,931986  ,1970249 ,126.72816372,37.72932427
2017,2017051011,52,주간,수,1,1,0,0,0,충남,서산시,차량단독,전도,전도,운전자법규위반,안전거리 미확보,단일로,기타단일로,승용차,승용차,없음,없음,900283  ,1865666 ,126.38245803,36.78388672
2017,2017051013,35,주간,수,1,4,1,0,2,경북,경산시,차대차,정면충돌,정면충돌,운전자법규위반,중앙선 침범,단일로,기타단일로,승용차,승용차,승용차,승용차,1110794 ,1762410 ,128.72698257,35.85197156
2017,2017051013,20,주간,수,1,1,0,0,0,충남,홍성군,차량단독,전도전복,전도전복,운전자법규위반,안전운전 의무 불이행,단일로,기타단일로,농기계,농기계,없음,없음,926201  ,1831017 ,126.67622345,36.47393297
2017,2017051015,20,주간,수,1,1,0,0,0,경기,안양시,차대사람,횡단중,횡단중,운전자법규위반,신호위반,교차로,교차로횡단보도내,건설기계,건설기계,보행자,보행자,951708  ,1932725 ,126.95443337,37.39236731
2017,2017051016,32,주간,수,1,2,1,0,0,강원,속초시,차대차,기타,기타,운전자법규위반,안전운전 의무 불이행,교차로,교차로내,이륜차,이륜차,승용차,승용차,1092349 ,2021642 ,128.5548981,38.18961196
2017,2017051020,07,야간,수,1,1,0,0,0,전북,순창군,차대사람,횡단중,횡단중,운전자법규위반,안전운전 의무 불이행,단일로,교량위,승용차,승용차,보행자,보행자,964642  ,1709162 ,127.11072685,35.37749813
2017,2017051104,54,야간,목,1,2,1,0,0,충남,공주시,차대차,기타,기타,운전자법규위반,안전운전 의무 불이행,단일로,기타단일로,승용차,승용차,화물차,화물차,960748  ,1809192 ,127.06330357,36.28624595
2017,2017051106,00,주간,목,1,1,0,0,0,전남,함평군,차대차,기타,기타,운전자법규위반,안전운전 의무 불이행,단일로,기타단일로,화물차,화물차,이륜차,이륜차,906457  ,1679050 ,126.47363004,35.10225813
2017,2017051109,50,주간,목,1,1,0,0,0,경기,남양주시,차량단독,전도전복,전도전복,운전자법규위반,안전운전 의무 불이행,단일로,기타단일로,이륜차,이륜차,없음,없음,973582  ,1954710 ,127.20075546,37.59141223
2017,2017051111,04,주간,목,1,1,0,0,0,광주,남구,차대사람,횡단중,횡단중,운전자법규위반,신호위반,교차로,교차로부근,화물차,화물차,보행자,보행자,945431  ,1682125 ,126.90102841,35.13285078
2017,2017051112,50,주간,목,1,2,1,0,0,경북,성주군,차대차,추돌,추돌,운전자법규위반,안전운전 의무 불이행,단일로,교량위,이륜차,이륜차,화물차,화물차,1080271 ,1765349 ,128.3892966,35.88144306
2017,2017051114,20,주간,목,1,1,0,0,0,경기,평택시,차량단독,공작물충돌,공작물충돌,운전자법규위반,안전운전 의무 불이행,단일로,기타단일로,이륜차,이륜차,없음,없음,946827  ,1887982 ,126.90248049,36.98880252
2017,2017051114,15,주간,목,1,2,1,0,0,충남,서산시,차대사람,횡단중,횡단중,운전자법규위반,안전운전 의무 불이행,교차로,교차로부근,승용차,승용차,보행자,보행자,904907  ,1874445 ,126.43317354,36.86348854
2017,2017051115,20,주간,목,5,14,1,8,0,강원,평창군,차대차,추돌,추돌,운전자법규위반,안전운전 의무 불이행,단일로,기타단일로,승합차,승합차,승합차,승합차,1073759 ,1951258 ,128.32986818,37.55687783
2017,2017051118,00,야간,목,1,2,1,0,0,경기,고양시,차량단독,전도전복,전도전복,운전자법규위반,안전운전 의무 불이행,단일로,기타단일로,이륜차,이륜차,없음,없음,951927  ,1963406 ,126.95489855,37.66891307
2017,2017051120,55,야간,목,1,1,0,0,0,울산,중구,차대사람,횡단중,횡단중,운전자법규위반,안전운전 의무 불이행,단일로,기타단일로,화물차,화물차,보행자,보행자,1166177 ,1729947 ,129.33337138,35.55159685
2017,2017051122,22,야간,목,1,1,0,0,0,충남,예산군,차대차,정면충돌,정면충돌,운전자법규위반,안전운전 의무 불이행,단일로,기타단일로,화물차,화물차,화물차,화물차,933298  ,1853031 ,126.75352929,36.67289457
2017,2017051202,20,야간,금,1,1,0,0,0,경남,창원시(통합),차대사람,차도통행중,차도통행중,운전자법규위반,안전운전 의무 불이행,단일로,기타단일로,화물차,화물차,보행자,보행자,1109813 ,1682868 ,128.70536165,35.13503588
2017,2017051210,58,주간,금,1,1,0,0,0,경기,안성시,차대사람,횡단중,횡단중,운전자법규위반,안전운전 의무 불이행,교차로,교차로내,승용차,승용차,보행자,보행자,998049  ,1899315 ,127.47804614,37.09246411
2017,2017051211,35,주간,금,1,1,0,0,0,경북,경주시,차량단독,전도전복,전도전복,운전자법규위반,안전운전 의무 불이행,단일로,기타단일로,승용차,승용차,없음,없음,1164094 ,1746026 ,129.31367111,35.69684777
2017,2017051215,00,주간,금,1,3,0,2,0,강원,횡성군,차대차,추돌,추돌,운전자법규위반,안전운전 의무 불이행,단일로,기타단일로,승용차,승용차,화물차,화물차,1040314 ,1957153 ,127.89982896,37.58984076
2017,2017051215,40,주간,금,1,6,0,5,0,대전,서구,차대차,측면충돌,측면충돌,운전자법규위반,안전운전 의무 불이행,단일로,기타단일로,승용차,승용차,승용차,승용차,986680  ,1811685 ,127.35164115,36.30239935
2017,2017051217,20,주간,금,1,2,1,0,0,전남,담양군,차량단독,전도전복,전도전복,운전자법규위반,안전운전 의무 불이행,단일로,기타단일로,화물차,화물차,없음,없음,943325  ,1700705 ,126.87663377,35.30026247
2017,2017051217,37,주간,금,1,1,0,0,0,경북,경주시,차대차,측면충돌,측면충돌,운전자법규위반,안전운전 의무 불이행,교차로,교차로내,화물차,화물차,이륜차,이륜차,1157285 ,1767301 ,129.24262795,35.88969009