발생년,발생년월일시,발생분,주야,요일,사망자수,사상자수,중상자수,경상자수,부상신고자수,발생지시도,발생지시군구,사고유형_대분류,사고유형_중분류,사고유형,법규위반_대분류,법규위반,도로형태_대분류,도로형태,당사자종별_1당_대분류,당사자종별_1당,당사자종별_2당_대분류,당사자종별_2당,발생위치X_UTMK,발생위치Y_UTMK,경도,위도
2017,2017060305,40,야간,토,1,1,0,0,0,경북,상주시,차대차,측면충돌,측면충돌,운전자법규위반,교차로 통행방법 위반,교차로,교차로내,이륜차,이륜차,화물차,화물차,1041910 ,1814186 ,127.96692389,36.32412711
2017,2017060305,28,야간,토,1,3,0,2,0,충남,천안시,차대차,측면충돌,측면충돌,운전자법규위반,신호위반,교차로,교차로내,승용차,승용차,승용차,승용차,968416  ,1867704 ,127.14592178,36.80698151
2017,2017060306,20,주간,토,1,1,0,0,0,제주,서귀포시,차대차,기타,기타,운전자법규위반,안전운전 의무 불이행,단일로,기타단일로,이륜차,이륜차,승용차,승용차,946960  ,1496741 ,126.92923227,33.46113539
2017,2017060308,58,주간,토,1,1,0,0,0,충남,천안시,차대사람,횡단중,횡단중,운전자법규위반,안전운전 의무 불이행,단일로,기타단일로,승용차,승용차,보행자,보행자,967964  ,1866740 ,127.14089521,36.79827628
2017,2017060311,10,주간,토,1,2,1,0,0,경기,하남시,차대차,정면충돌,정면충돌,운전자법규위반,안전거리 미확보,단일로,기타단일로,승합차,승합차,이륜차,이륜차,975470  ,1948575 ,127.22234646,37.53616692
2017,2017060313,43,주간,토,1,1,0,0,0,충남,예산군,차량단독,전도전복,전도전복,운전자법규위반,안전운전 의무 불이행,단일로,기타단일로,화물차,화물차,없음,없음,928860  ,1856615 ,126.70353416,36.7048792
2017,2017060315,14,주간,토,1,2,0,1,0,충남,보령시,차대차,정면충돌,정면충돌,운전자법규위반,중앙선 침범,단일로,기타단일로,이륜차,이륜차,승용차,승용차,914730  ,1800158 ,126.55157223,36.19481136
2017,2017060317,15,주간,토,1,1,0,0,0,경북,경주시,차대사람,횡단중,횡단중,운전자법규위반,안전운전 의무 불이행,단일로,기타단일로,화물차,화물차,보행자,보행자,1160960 ,1780958 ,129.28609624,36.01216437
2017,2017060320,30,야간,토,1,1,0,0,0,전남,보성군,차대차,측면충돌,측면충돌,운전자법규위반,안전운전 의무 불이행,단일로,기타단일로,화물차,화물차,농기계,농기계,969012  ,1658714 ,127.16073086,34.92275099
2017,2017060320,50,야간,토,1,1,0,0,0,경기,김포시,차대사람,횡단중,횡단중,운전자법규위반,안전운전 의무 불이행,단일로,기타단일로,승용차,승용차,보행자,보행자,923617  ,1966329 ,126.63361153,37.69333597
2017,2017060320,15,야간,토,1,1,0,0,0,경남,함안군,차대사람,기타,기타,운전자법규위반,중앙선 침범,단일로,기타단일로,화물차,화물차,보행자,보행자,1084602 ,1706444 ,128.4310972,35.35003085
2017,2017060321,35,야간,토,1,1,0,0,0,서울,강서구,차대사람,차도통행중,차도통행중,운전자법규위반,안전운전 의무 불이행,기타,기타,이륜차,이륜차,보행자,보행자,939199  ,1951918 ,126.81153922,37.56461836
2017,2017060400,51,야간,일,1,1,0,0,0,전북,군산시,차대사람,기타,기타,운전자법규위반,안전운전 의무 불이행,교차로,교차로내,승용차,승용차,보행자,보행자,927063  ,1774208 ,126.69106589,35.96192163
2017,2017060402,05,야간,일,1,3,0,2,0,경기,수원시,차대사람,보도통행중,보도통행중,운전자법규위반,보행자 보호의무 위반,교차로,교차로횡단보도내,승용차,승용차,보행자,보행자,956462  ,1921621 ,127.00879092,37.29251616
2017,2017060404,40,야간,일,1,1,0,0,0,경남,통영시,차대사람,횡단중,횡단중,운전자법규위반,안전운전 의무 불이행,단일로,기타단일로,승용차,승용차,보행자,보행자,1081148 ,1646063 ,128.38717476,34.80590848
2017,2017060407,20,주간,일,1,1,0,0,0,경남,밀양시,차량단독,전복,전복,운전자법규위반,안전운전 의무 불이행,단일로,기타단일로,승용차,승용차,없음,없음,1118222 ,1712366 ,128.80189028,35.39999889
2017,2017060408,20,주간,일,1,1,0,0,0,충북,진천군,차량단독,전도전복,전도전복,운전자법규위반,안전운전 의무 불이행,단일로,기타단일로,이륜차,이륜차,없음,없음,994952  ,1873051 ,127.44337248,36.85569663
2017,2017060410,55,주간,일,1,1,0,0,0,경북,청송군,차량단독,전도전복,전도전복,운전자법규위반,안전운전 의무 불이행,단일로,기타단일로,이륜차,이륜차,없음,없음,1139205 ,1812082 ,129.05028958,36.29601846
2017,2017060411,50,주간,일,1,1,0,0,0,강원,인제군,차량단독,전도전복,전도전복,운전자법규위반,안전운전 의무 불이행,단일로,기타단일로,이륜차,이륜차,없음,없음,1077377 ,2025070 ,128.38398453,38.22262043
2017,2017060412,10,주간,일,1,1,0,0,0,경북,구미시,차량단독,전도,전도,운전자법규위반,안전운전 의무 불이행,교차로,교차로내,승용차,승용차,없음,없음,1077607 ,1792329 ,128.36243072,36.12488042
2017,2017060413,45,주간,일,1,3,1,1,0,강원,인제군,차대차,추돌,추돌,운전자법규위반,안전운전 의무 불이행,교차로,교차로부근,이륜차,이륜차,이륜차,이륜차,1049088 ,1991006 ,128.05847944,37.91761231
2017,2017060414,29,주간,일,1,1,0,0,0,경북,상주시,차대사람,차도통행중,차도통행중,운전자법규위반,안전운전 의무 불이행,단일로,기타단일로,건설기계,건설기계,보행자,보행자,1066029 ,1831022 ,128.23705173,36.47454521
2017,2017060414,48,주간,일,1,1,0,0,0,서울,강남구,차대사람,차도통행중,차도통행중,운전자법규위반,안전운전 의무 불이행,단일로,기타단일로,승용차,승용차,보행자,보행자,960391  ,1942881 ,127.05197893,37.48432015
2017,2017060415,00,주간,일,1,1,0,0,0,경북,군위군,차대사람,횡단중,횡단중,운전자법규위반,안전운전 의무 불이행,단일로,기타단일로,승용차,승용차,보행자,보행자,1098102 ,1804374 ,128.59165954,36.23159843
2017,2017060415,01,주간,일,1,2,0,1,0,경기,군포시,차대차,추돌,추돌,운전자법규위반,안전운전 의무 불이행,단일로,기타단일로,승용차,승용차,승용차,승용차,947977  ,1925094 ,126.91282138,37.32338401
2017,2017060417,10,주간,일,1,2,1,0,0,경기,의정부시,차대차,정면충돌,정면충돌,운전자법규위반,중앙선 침범,교차로,교차로부근,이륜차,이륜차,승용차,승용차,960116  ,1971289 ,127.04731907,37.74035568
2017,2017060418,30,야간,일,1,1,0,0,0,강원,양양군,차량단독,전도전복,전도전복,운전자법규위반,안전운전 의무 불이행,단일로,기타단일로,이륜차,이륜차,없음,없음,1098916 ,2011271 ,128.62944811,38.09530718
2017,2017060419,55,야간,일,1,1,0,0,0,전남,나주시,차대차,정면충돌,정면충돌,운전자법규위반,중앙선 침범,교차로,교차로부근,원동기장치자전거,원동기장치자전거,승용차,승용차,941517  ,1657911 ,126.85972502,34.91405334
2017,2017060501,35,야간,월,1,1,0,0,0,전북,남원시,차대사람,기타,기타,운전자법규위반,안전운전 의무 불이행,단일로,기타단일로,승용차,승용차,보행자,보행자,989580  ,1713035 ,127.38523068,35.41299292
2017,2017060507,07,주간,월,1,1,0,0,0,경기,고양시,차대사람,기타,기타,운전자법규위반,안전운전 의무 불이행,기타,기타,건설기계,건설기계,보행자,보행자,943298  ,1967628 ,126.85673065,37.7064724
2017,2017060508,10,주간,월,1,1,0,0,0,제주,서귀포시,차량단독,전도전복,전도전복,운전자법규위반,안전운전 의무 불이행,단일로,기타단일로,화물차,화물차,없음,없음,902669  ,1480038 ,126.45447141,33.30739239
2017,2017060509,25,주간,월,1,1,0,0,0,경남,거창군,차대차,기타,기타,운전자법규위반,과속,교차로,교차로내,화물차,화물차,이륜차,이륜차,1036728 ,1742714 ,127.90587639,35.67996773
2017,2017060509,30,주간,월,1,1,0,0,0,경기,의정부시,차량단독,전도전복,전도전복,운전자법규위반,안전운전 의무 불이행,기타,기타,이륜차,이륜차,없음,없음,958885  ,1970170 ,127.03341101,37.73021564
2017,2017060513,10,주간,월,1,2,1,0,0,경기,파주시,차대사람,횡단중,횡단중,운전자법규위반,기타(운전자법규위반),단일로,기타단일로,승용차,승용차,보행자,보행자,941247  ,1992572 ,126.83143937,37.93115259
2017,2017060513,33,주간,월,1,1,0,0,0,충북,음성군,차량단독,전도전복,전도전복,운전자법규위반,안전운전 의무 불이행,단일로,기타단일로,화물차,화물차,없음,없음,997495  ,1887152 ,127.47185269,36.98282099
2017,2017060516,05,주간,월,1,1,0,0,0,서울,강동구,차대사람,보도통행중,보도통행중,운전자법규위반,안전운전 의무 불이행,단일로,기타단일로,화물차,화물차,보행자,보행자,970400  ,1950977 ,127.16486336,37.55766834
2017,2017060518,28,야간,월,1,6,0,5,0,충북,보은군,차대차,추돌,추돌,운전자법규위반,안전운전 의무 불이행,단일로,기타단일로,화물차,화물차,승용차,승용차,1020410 ,1835537 ,127.72795453,36.51730713
2017,2017060519,53,야간,월,1,1,0,0,0,전남,순천시,차량단독,전도,전도,운전자법규위반,안전운전 의무 불이행,교차로,교차로부근,승합차,승합차,없음,없음,994855  ,1661032 ,127.44365575,34.94411421
2017,2017060520,42,야간,월,1,1,0,0,0,경기,화성시,차대사람,횡단중,횡단중,운전자법규위반,안전운전 의무 불이행,단일로,기타단일로,승합차,승합차,보행자,보행자,937559  ,1900768 ,126.7972784,37.10348157
2017,2017060521,10,야간,월,1,2,0,1,0,충북,청주시,차대차,추돌,추돌,운전자법규위반,중앙선 침범,단일로,기타단일로,화물차,화물차,화물차,화물차,1000964 ,1836764 ,127.51076826,36.52858604
2017,2017060601,50,야간,화,2,2,0,0,0,대전,중구,차대사람,차도통행중,차도통행중,운전자법규위반,과속,단일로,교량위,승합차,승합차,보행자,보행자,994270  ,1813751 ,127.4361637,36.32110032
2017,2017060603,55,야간,화,1,1,0,0,0,경기,고양시,차대사람,횡단중,횡단중,운전자법규위반,안전운전 의무 불이행,교차로,교차로내,화물차,화물차,보행자,보행자,932130  ,1966451 ,126.73015196,37.69510538
2017,2017060607,48,주간,화,1,3,0,2,0,경기,평택시,차대차,정면충돌,정면충돌,운전자법규위반,과속,단일로,기타단일로,승용차,승용차,승용차,승용차,957919  ,1882746 ,127.02741178,36.94216625
2017,2017060610,35,주간,화,1,1,0,0,0,경북,구미시,차대차,추돌,추돌,운전자법규위반,안전운전 의무 불이행,단일로,기타단일로,화물차,화물차,화물차,화물차,1080246 ,1788356 ,128.3913495,36.08885035
2017,2017060613,52,주간,화,1,1,0,0,0,경북,영천시,차량단독,기타,기타,운전자법규위반,안전운전 의무 불이행,교차로,교차로부근,화물차,화물차,없음,없음,1122775 ,1780160 ,128.86237619,36.01053317
2017,2017060621,30,야간,화,1,1,0,0,0,경기,화성시,차대사람,횡단중,횡단중,운전자법규위반,신호위반,단일로,기타단일로,승용차,승용차,보행자,보행자,950100  ,1910034 ,126.9377921,37.18775561
2017,2017060702,04,야간,수,1,1,0,0,0,충남,천안시,차대차,기타,기타,운전자법규위반,안전운전 의무 불이행,단일로,기타단일로,승용차,승용차,이륜차,이륜차,966800  ,1867556 ,127.12781211,36.80559204
2017,2017060711,00,주간,수,1,4,2,1,0,전남,화순군,차대차,정면충돌,정면충돌,운전자법규위반,중앙선 침범,단일로,기타단일로,승용차,승용차,승합차,승합차,949345  ,1651704 ,126.94584041,34.85874862
2017,2017060714,10,주간,수,1,1,0,0,0,대전,중구,차대사람,횡단중,횡단중,운전자법규위반,안전운전 의무 불이행,교차로,교차로부근,승용차,승용차,보행자,보행자,992792  ,1813445 ,127.41970057,36.31833167
2017,2017060717,00,주간,수,1,1,0,0,0,충남,아산시,차대차,추돌,추돌,운전자법규위반,안전운전 의무 불이행,교차로,교차로부근,원동기장치자전거,원동기장치자전거,화물차,화물차,962137  ,1864431 ,127.07569424,36.77724665
2017,2017060720,18,야간,수,1,1,0,0,0,전남,영암군,차대사람,횡단중,횡단중,운전자법규위반,안전운전 의무 불이행,단일로,기타단일로,화물차,화물차,보행자,보행자,926941  ,1644841 ,126.70167792,34.79540624
2017,2017060721,35,야간,수,1,1,0,0,0,전남,보성군,차대사람,횡단중,횡단중,운전자법규위반,안전운전 의무 불이행,교차로,교차로내,승용차,승용차,보행자,보행자,960642  ,1640109 ,127.06996814,34.75469137
2017,2017060722,00,야간,수,1,1,0,0,0,전남,강진군,차량단독,공작물충돌,공작물충돌,운전자법규위반,안전운전 의무 불이행,단일로,기타단일로,승용차,승용차,없음,없음,931818  ,1633403 ,126.75559327,34.69270348
2017,2017060723,50,야간,수,1,2,1,0,0,대구,동구,차대차,측면충돌,측면충돌,운전자법규위반,안전운전 의무 불이행,단일로,기타단일로,승용차,승용차,이륜차,이륜차,1111042 ,1764405 ,128.73000631,35.86992655
2017,2017060801,08,야간,목,1,2,1,0,0,전남,영광군,차량단독,공작물충돌,공작물충돌,운전자법규위반,과속,단일로,기타단일로,승용차,승용차,없음,없음,915822  ,1700216 ,126.57420896,35.29391643
2017,2017060805,12,야간,목,1,3,1,1,0,충북,청주시,차량단독,기타,기타,운전자법규위반,안전운전 의무 불이행,단일로,기타단일로,이륜차,이륜차,없음,없음,994767  ,1843804 ,127.4414975,36.59203846
2017,2017060815,13,주간,목,1,1,0,0,0,경기,이천시,차량단독,도로이탈,도로이탈 추락,운전자법규위반,안전운전 의무 불이행,단일로,기타단일로,농기계,농기계,없음,없음,1001980 ,1904013 ,127.52229259,37.13481302
2017,2017060815,20,주간,목,1,1,0,0,0,충남,보령시,차대사람,기타,기타,운전자법규위반,안전운전 의무 불이행,단일로,기타단일로,화물차,화물차,보행자,보행자,916413  ,1809721 ,126.56926802,36.28116286
2017,2017060816,38,주간,목,1,1,0,0,0,경기,안산시,차대사람,횡단중,횡단중,운전자법규위반,과속,교차로,교차로내,승용차,승용차,보행자,보행자,942957  ,1921255 ,126.85645921,37.28848687
2017,2017060820,55,야간,목,1,1,0,0,0,경북,경산시,차량단독,전도전복,전도전복,운전자법규위반,안전운전 의무 불이행,단일로,기타단일로,이륜차,이륜차,없음,없음,1115573 ,1762640 ,128.77992909,35.85349271
2017,2017060901,20,야간,금,1,1,0,0,0,서울,강남구,차대차,측면충돌,측면충돌,운전자법규위반,신호위반,교차로,교차로내,이륜차,이륜차,승용차,승용차,960084  ,1941711 ,127.04856997,37.47376123
2017,2017060907,50,주간,금,1,1,0,0,0,충남,예산군,차대사람,횡단중,횡단중,운전자법규위반,안전운전 의무 불이행,단일로,기타단일로,화물차,화물차,보행자,보행자,944188  ,1847179 ,126.87581934,36.62084366
2017,2017060910,30,주간,금,1,2,1,0,0,제주,제주시,차대차,측면충돌,측면충돌,운전자법규위반,안전운전 의무 불이행,교차로,교차로부근,이륜차,이륜차,화물차,화물차,885923  ,1492773 ,126.27300823,33.42059019
2017,2017060914,30,주간,금,1,1,0,0,0,경기,시흥시,차대사람,보도통행중,보도통행중,운전자법규위반,중앙선 침범,단일로,기타단일로,특수차,특수차,보행자,보행자,932121  ,1927967 ,126.73360609,37.34825531
2017,2017060915,40,주간,금,1,2,0,1,0,경기,여주시,차대차,정면충돌,정면충돌,운전자법규위반,중앙선 침범,단일로,기타단일로,승용차,승용차,승용차,승용차,1005575 ,1931663 ,127.56297543,37.3840364
2017,2017060917,05,주간,금,1,4,3,0,0,전북,군산시,차대차,정면충돌,정면충돌,운전자법규위반,중앙선 침범,단일로,기타단일로,승용차,승용차,화물차,화물차,918245  ,1773593 ,126.59341672,35.95563936
2017,2017060918,45,야간,금,1,1,0,0,0,전남,여수시,차량단독,전도전복,전도전복,운전자법규위반,안전운전 의무 불이행,단일로,기타단일로,원동기장치자전거,원동기장치자전거,없음,없음,1024134 ,1636777 ,127.76359859,34.72511808
2017,2017060920,50,야간,금,1,1,0,0,0,충북,음성군,차대사람,횡단중,횡단중,운전자법규위반,안전운전 의무 불이행,교차로,교차로부근,승용차,승용차,보행자,보행자,1006377 ,1887090 ,127.5716543,36.98224381
2017,2017061002,45,야간,토,1,1,0,0,0,경기,이천시,차대사람,기타,기타,운전자법규위반,안전운전 의무 불이행,단일로,기타단일로,승용차,승용차,보행자,보행자,1006742 ,1907252 ,127.57593657,37.16398779
2017,2017061002,05,야간,토,1,1,0,0,0,경기,성남시,차대차,추돌,추돌,운전자법규위반,안전운전 의무 불이행,교차로,교차로내,승용차,승용차,이륜차,이륜차,964824  ,1933858 ,127.10255026,37.40317052
2017,2017061003,28,야간,토,1,1,0,0,0,울산,울주군,차량단독,전도,전도,운전자법규위반,안전운전 의무 불이행,단일로,기타단일로,승용차,승용차,없음,없음,1163704 ,1713780 ,129.30284276,35.40630764
2017,2017061003,00,야간,토,1,2,1,0,0,충남,논산시,차량단독,공작물충돌,공작물충돌,운전자법규위반,안전운전 의무 불이행,단일로,기타단일로,승용차,승용차,없음,없음,975126  ,1799474 ,127.22334145,36.19208256
2017,2017061006,25,주간,토,1,1,0,0,0,부산,동래구,차대차,측면충돌,측면충돌,운전자법규위반,신호위반,단일로,기타단일로,승용차,승용차,자전거,자전거,1144426 ,1690706 ,129.08654905,35.20131196
2017,2017061009,30,주간,토,1,1,0,0,0,인천,중구,차대차,측면충돌,측면충돌,운전자법규위반,신호위반,교차로,교차로내,특수차,특수차,화물차,화물차,923067  ,1940261 ,126.63011117,37.45835197
2017,2017061011,40,주간,토,1,1,0,0,0,충북,청주시,차대사람,기타,기타,운전자법규위반,안전운전 의무 불이행,단일로,기타단일로,승용차,승용차,보행자,보행자,992759  ,1829124 ,127.41918678,36.45968306
2017,2017061013,55,주간,토,1,1,0,0,0,경북,경산시,차량단독,전도,전도,운전자법규위반,안전운전 의무 불이행,단일로,기타단일로,이륜차,이륜차,없음,없음,1124572 ,1753344 ,128.87811603,35.76859937
2017,2017061015,40,주간,토,1,1,0,0,0,충남,논산시,차대사람,기타,기타,운전자법규위반,과속,단일로,기타단일로,승용차,승용차,보행자,보행자,963703  ,1802504 ,127.09615237,36.21903819
2017,2017061020,30,야간,토,1,1,0,0,0,경기,김포시,차대사람,기타,기타,운전자법규위반,안전운전 의무 불이행,단일로,기타단일로,승용차,승용차,보행자,보행자,916987  ,1968191 ,126.55820617,37.70954011
2017,2017061021,14,야간,토,1,1,0,0,0,경기,용인시,차대사람,횡단중,횡단중,운전자법규위반,안전운전 의무 불이행,단일로,기타단일로,승용차,승용차,보행자,보행자,963129  ,1923676 ,127.08390605,37.31132764
2017,2017061023,55,야간,토,1,1,0,0,0,경북,영천시,차대사람,횡단중,횡단중,운전자법규위반,안전운전 의무 불이행,단일로,기타단일로,승용차,승용차,보행자,보행자,1136984 ,1767568 ,129.01782651,35.89514921
2017,2017061107,28,주간,일,1,1,0,0,0,경북,상주시,차대차,측면충돌,측면충돌,운전자법규위반,신호위반,교차로,교차로내,화물차,화물차,승용차,승용차,1058523 ,1824410 ,128.15277138,36.41542817
2017,2017061108,17,주간,일,1,1,0,0,0,대구,동구,차대차,측면충돌,측면충돌,운전자법규위반,안전운전 의무 불이행,단일로,기타단일로,승용차,승용차,원동기장치자전거,원동기장치자전거,1108842 ,1773940 ,128.70694688,35.95612274
2017,2017061113,07,주간,일,1,1,0,0,0,충북,진천군,차대차,측면충돌,측면충돌,운전자법규위반,안전운전 의무 불이행,단일로,기타단일로,승용차,승용차,이륜차,이륜차,994220  ,1872797 ,127.43516298,36.85340272
2017,2017061115,05,주간,일,1,1,0,0,0,광주,동구,차대차,측면충돌,측면충돌,운전자법규위반,부당한 회전,교차로,교차로내,자전거,자전거,승합차,승합차,947181  ,1685304 ,126.92028829,35.16151771
2017,2017061117,31,주간,일,1,1,0,0,0,경기,안산시,차대차,기타,기타,운전자법규위반,과속,단일로,기타단일로,이륜차,이륜차,승합차,승합차,936172  ,1926583 ,126.77946005,37.33606851
2017,2017061202,35,야간,월,1,2,0,1,0,제주,서귀포시,차대사람,기타,기타,운전자법규위반,과속,단일로,기타단일로,승용차,승용차,보행자,보행자,890180  ,1477410 ,126.32065698,33.28249187
2017,2017061208,07,주간,월,1,1,0,0,0,경남,창원시(통합),차대차,측면충돌,측면충돌,운전자법규위반,안전운전 의무 불이행,교차로,교차로내,이륜차,이륜차,화물차,화물차,1100081 ,1696180 ,128.60017385,35.25606536
2017,2017061208,29,주간,월,1,1,0,0,0,경기,파주시,차대차,측면충돌,측면충돌,운전자법규위반,중앙선 침범,단일로,기타단일로,원동기장치자전거,원동기장치자전거,승용차,승용차,939786  ,1981403 ,126.81574742,37.83039704
2017,2017061210,30,주간,월,1,1,0,0,0,경기,의정부시,차대사람,횡단중,횡단중,운전자법규위반,보행자 보호의무 위반,교차로,교차로횡단보도내,승용차,승용차,보행자,보행자,960921  ,1970214 ,127.05651331,37.7307014
2017,2017061210,58,주간,월,1,1,0,0,0,충남,천안시,차량단독,전도전복,전도전복,운전자법규위반,안전운전 의무 불이행,단일로,기타단일로,이륜차,이륜차,없음,없음,978999  ,1862974 ,127.26469371,36.76463612
2017,2017061211,20,주간,월,1,2,1,0,0,대구,북구,차대차,추돌,추돌,운전자법규위반,안전운전 의무 불이행,단일로,기타단일로,화물차,화물차,화물차,화물차,1097308 ,1768535 ,128.57840616,35.90861771
2017,2017061213,42,주간,월,1,1,0,0,0,서울,영등포구,차대차,정면충돌,정면충돌,운전자법규위반,안전운전 의무 불이행,기타,기타,화물차,화물차,자전거,자전거,947477  ,1945262 ,126.90574377,37.50513637
2017,2017061220,30,야간,월,1,1,0,0,0,경기,남양주시,차대사람,횡단중,횡단중,운전자법규위반,안전운전 의무 불이행,단일로,기타단일로,화물차,화물차,보행자,보행자,977369  ,1949705 ,127.24380607,37.54640077
2017,2017061220,28,야간,월,1,1,0,0,0,울산,울주군,차대사람,기타,기타,운전자법규위반,안전운전 의무 불이행,단일로,기타단일로,승용차,승용차,보행자,보행자,1163976 ,1723019 ,129.30769849,35.48952733
2017,2017061222,15,야간,월,1,1,0,0,0,경남,창원시(통합),차대차,정면충돌,정면충돌,운전자법규위반,중앙선 침범,단일로,기타단일로,승용차,승용차,승용차,승용차,1103404 ,1693519 ,128.63636197,35.23173805
2017,2017061223,58,야간,월,1,1,0,0,0,대구,달서구,차대차,측면충돌,측면충돌,운전자법규위반,과속,교차로,교차로횡단보도내,승용차,승용차,자전거,자전거,1092813 ,1757427 ,128.52730521,35.80891943
2017,2017061300,44,야간,화,1,1,0,0,0,충북,청주시,차대사람,횡단중,횡단중,운전자법규위반,과속,단일로,기타단일로,승용차,승용차,보행자,보행자,999215  ,1846155 ,127.49122166,36.61324684
2017,2017061300,25,야간,화,1,1,0,0,0,전남,진도군,차량단독,공작물충돌,공작물충돌,운전자법규위반,안전운전 의무 불이행,단일로,기타단일로,화물차,화물차,없음,없음,876771  ,1604489 ,126.15889813,34.42687414
2017,2017061304,04,야간,화,1,2,1,0,0,경기,광주시,차대차,측면충돌,측면충돌,운전자법규위반,중앙선 침범,교차로,교차로내,이륜차,이륜차,화물차,화물차,979079  ,1938208 ,127.26349096,37.44281185
2017,2017061305,15,야간,화,1,1,0,0,0,경북,군위군,차대사람,횡단중,횡단중,운전자법규위반,중앙선 침범,단일로,기타단일로,화물차,화물차,보행자,보행자,1101588 ,1799252 ,128.6297805,36.18506919
2017,2017061313,45,주간,화,1,1,0,0,0,강원,원주시,차량단독,전도전복,전도전복,운전자법규위반,안전운전 의무 불이행,단일로,기타단일로,농기계,농기계,없음,없음,1022397 ,1911153 ,127.77333772,37.25338433
2017,2017061314,00,주간,화,1,2,0,1,0,충북,영동군,차대차,측면충돌,측면충돌,운전자법규위반,중앙선 침범,단일로,기타단일로,화물차,화물차,승용차,승용차,1043661 ,1795245 ,127.98537458,36.1532913
2017,2017061315,10,주간,화,1,10,7,2,0,경기,의정부시,차대차,정면충돌,정면충돌,운전자법규위반,안전운전 의무 불이행,단일로,기타단일로,승합차,승합차,건설기계,건설기계,962063  ,1969758 ,127.06949671,37.72663949
2017,2017061315,30,주간,화,1,1,0,0,0,전북,남원시,차량단독,전도전복,전도전복,운전자법규위반,안전운전 의무 불이행,단일로,기타단일로,개인형이동수단(PM),개인형이동수단(PM),없음,없음,984025  ,1714697 ,127.3240137,35.42790515
2017,2017061318,40,야간,화,1,1,0,0,0,경북,구미시,차대차,측면충돌,측면충돌,운전자법규위반,중앙선 침범,단일로,기타단일로,이륜차,이륜차,승용차,승용차,1075645 ,1792774 ,128.34067234,36.12904698
2017,2017061319,56,야간,화,1,2,0,0,1,경기,이천시,차대차,정면충돌,정면충돌,운전자법규위반,안전운전 의무 불이행,단일로,기타단일로,승용차,승용차,화물차,화물차,1001989 ,1921504 ,127.52244057,37.29247868
2017,2017061320,11,야간,화,1,1,0,0,0,경남,사천시,차대사람,횡단중,횡단중,운전자법규위반,안전운전 의무 불이행,단일로,기타단일로,승용차,승용차,보행자,보행자,1055037 ,1675577 ,128.10367283,35.07378337
2017,2017061322,00,야간,화,1,1,0,0,0,충남,아산시,차대사람,횡단중,횡단중,운전자법규위반,안전운전 의무 불이행,단일로,기타단일로,승용차,승용차,보행자,보행자,955357  ,1863629 ,126.99976464,36.76972183
2017,2017061323,20,야간,화,1,2,0,1,0,경기,양주시,차대차,추돌,추돌,운전자법규위반,안전운전 의무 불이행,교차로,교차로부근,승용차,승용차,승합차,승합차,961499  ,1982431 ,127.06242378,37.8408373
2017,2017061323,27,야간,화,1,3,2,0,0,대구,북구,차대차,추돌,추돌,운전자법규위반,안전운전 의무 불이행,단일로,기타단일로,승용차,승용차,승용차,승용차,1094576 ,1767186 ,128.54797331,35.89672512
2017,2017061406,40,주간,수,1,1,0,0,0,경기,고양시,차대사람,횡단중,횡단중,운전자법규위반,안전운전 의무 불이행,단일로,기타단일로,승용차,승용차,보행자,보행자,936835  ,1964204 ,126.78371149,37.67519023
2017,2017061410,00,주간,수,1,1,0,0,0,대전,서구,차대사람,길가장자리구역통행중,길가장자리구역통행중,운전자법규위반,안전운전 의무 불이행,단일로,기타단일로,승용차,승용차,보행자,보행자,988977  ,1816362 ,127.37715904,36.34459355
2017,2017061412,40,주간,수,1,2,0,1,0,경북,김천시,차대차,측면충돌,측면충돌,운전자법규위반,중앙선 침범,단일로,기타단일로,승용차,승용차,화물차,화물차,1064578 ,1792667 ,128.21768111,36.12888239
2017,2017061412,47,주간,수,1,1,0,0,0,인천,부평구,차대사람,기타,기타,운전자법규위반,안전운전 의무 불이행,교차로,교차로내,승합차,승합차,보행자,보행자,933245  ,1943007 ,126.74493603,37.48389253
2017,2017061415,37,주간,수,1,3,2,0,0,경북,군위군,차대차,정면충돌,정면충돌,운전자법규위반,중앙선 침범,단일로,기타단일로,화물차,화물차,화물차,화물차,954112  ,1950024 ,128.59260289,36.14816356
2017,2017061416,25,주간,수,1,1,0,0,0,제주,제주시,차량단독,전도전복,전도전복,운전자법규위반,안전운전 의무 불이행,단일로,기타단일로,농기계,농기계,없음,없음,930112  ,1506207 ,126.74720283,33.54554078
2017,2017061417,50,주간,수,1,1,0,0,0,경남,거창군,차량단독,도로이탈,도로이탈 추락,운전자법규위반,안전운전 의무 불이행,단일로,기타단일로,원동기장치자전거,원동기장치자전거,없음,없음,1046601 ,1741239 ,128.0148927,35.66625179
2017,2017061417,55,주간,수,1,3,1,1,0,충남,천안시,차량단독,공작물충돌,공작물충돌,운전자법규위반,안전운전 의무 불이행,단일로,기타단일로,화물차,화물차,없음,없음,971424  ,1863153 ,127.17981374,36.76605162
2017,2017061502,38,야간,목,1,1,0,0,0,충남,천안시,차대사람,차도통행중,차도통행중,운전자법규위반,안전운전 의무 불이행,단일로,기타단일로,승용차,승용차,보행자,보행자,967321  ,1866738 ,127.13368778,36.79823628
2017,2017061503,48,야간,목,1,1,0,0,0,인천,강화군,차량단독,도로이탈,도로이탈 기타,운전자법규위반,안전운전 의무 불이행,단일로,기타단일로,이륜차,이륜차,없음,없음,903731  ,1956274 ,126.4094104,37.60084952