발생년,발생년월일시,발생분,주야,요일,사망자수,사상자수,중상자수,경상자수,부상신고자수,발생지시도,발생지시군구,사고유형_대분류,사고유형_중분류,사고유형,법규위반_대분류,법규위반,도로형태_대분류,도로형태,당사자종별_1당_대분류,당사자종별_1당,당사자종별_2당_대분류,당사자종별_2당,발생위치X_UTMK,발생위치Y_UTMK,경도,위도
2017,2017061503,30,야간,목,1,1,0,0,0,충북,청주시,차대사람,횡단중,횡단중,운전자법규위반,안전운전 의무 불이행,교차로,교차로내,승용차,승용차,보행자,보행자,999041  ,1849986 ,127.4892711,36.64778311
2017,2017061513,45,주간,목,1,1,0,0,0,광주,북구,차대사람,횡단중,횡단중,운전자법규위반,보행자 보호의무 위반,단일로,기타단일로,승용차,승용차,보행자,보행자,946424  ,1687897 ,126.91155278,35.18494871
2017,2017061513,55,주간,목,1,1,0,0,0,경기,가평군,차대사람,횡단중,횡단중,운전자법규위반,신호위반,교차로,교차로내,화물차,화물차,보행자,보행자,1000568 ,1982319 ,127.5064555,37.84064057
2017,2017061514,57,주간,목,1,1,0,0,0,전남,진도군,차대차,측면충돌,측면충돌,운전자법규위반,안전운전 의무 불이행,단일로,기타단일로,사륜오토바이(ATV),사륜오토바이(ATV),승용차,승용차,882175  ,1606167 ,126.21750946,34.44267477
2017,2017061515,20,주간,목,1,1,0,0,0,충북,청주시,차대사람,횡단중,횡단중,운전자법규위반,안전운전 의무 불이행,교차로,교차로부근,승합차,승합차,보행자,보행자,988948  ,1851819 ,127.3763285,36.66424379
2017,2017061515,25,주간,목,1,1,0,0,0,서울,금천구,차대사람,보도통행중,보도통행중,운전자법규위반,기타(운전자법규위반),단일로,기타단일로,승합차,승합차,보행자,보행자,947218  ,1937937 ,126.90230813,37.43946592
2017,2017061515,05,주간,목,1,1,0,0,0,충남,천안시,차대사람,횡단중,횡단중,운전자법규위반,안전운전 의무 불이행,교차로,교차로내,승합차,승합차,보행자,보행자,968739  ,1866967 ,127.14957304,36.8003485
2017,2017061516,10,주간,목,1,10,2,7,0,대전,유성구,차대차,추돌,추돌,운전자법규위반,안전운전 의무 불이행,단일로,기타단일로,화물차,화물차,화물차,화물차,984343  ,1821655 ,127.32541108,36.39224754
2017,2017061520,30,야간,목,1,1,0,0,0,충북,제천시,차대사람,기타,기타,운전자법규위반,안전운전 의무 불이행,교차로,교차로내,승용차,승용차,보행자,보행자,1059019 ,1903674 ,128.16444112,37.1298972
2017,2017061520,31,야간,목,1,1,0,0,0,경북,청도군,차대사람,횡단중,횡단중,운전자법규위반,안전운전 의무 불이행,단일로,기타단일로,화물차,화물차,보행자,보행자,1101221 ,1738966 ,128.61802627,35.64166907
2017,2017061520,30,야간,목,1,1,0,0,0,전북,남원시,차량단독,전도전복,전도전복,운전자법규위반,안전운전 의무 불이행,단일로,기타단일로,이륜차,이륜차,없음,없음,989227  ,1711915 ,127.38135743,35.40289033
2017,2017061521,05,야간,목,1,3,2,0,0,대구,달서구,차대차,추돌,추돌,운전자법규위반,안전운전 의무 불이행,단일로,기타단일로,승용차,승용차,화물차,화물차,1091783 ,1759179 ,128.51610747,35.82481024
2017,2017061523,23,야간,목,1,1,0,0,0,충남,예산군,차대사람,기타,기타,운전자법규위반,안전운전 의무 불이행,단일로,기타단일로,승용차,승용차,보행자,보행자,931036  ,1854607 ,126.72807507,36.68693943
2017,2017061523,20,야간,목,1,1,0,0,0,충남,홍성군,차량단독,전도전복,전도전복,운전자법규위반,안전운전 의무 불이행,단일로,기타단일로,자전거,자전거,없음,없음,929778  ,1851819 ,126.71425087,36.66171608
2017,2017061600,52,야간,금,1,1,0,0,0,서울,구로구,차대사람,기타,기타,운전자법규위반,안전운전 의무 불이행,단일로,기타단일로,승용차,승용차,보행자,보행자,943326  ,1945405 ,126.85877006,37.50617965
2017,2017061600,19,야간,금,2,9,3,3,1,경기,성남시,차대차,추돌,추돌,운전자법규위반,과속,단일로,기타단일로,승용차,승용차,승용차,승용차,968209  ,1940478 ,127.14051102,37.46296287
2017,2017061604,35,야간,금,1,1,0,0,0,부산,사상구,차대사람,횡단중,횡단중,운전자법규위반,안전운전 의무 불이행,단일로,기타단일로,승용차,승용차,보행자,보행자,1135134 ,1686419 ,128.9838034,35.16396265
2017,2017061605,17,야간,금,1,2,0,1,0,경기,부천시,차대사람,기타,기타,운전자법규위반,과속,단일로,기타단일로,승용차,승용차,보행자,보행자,938863  ,1944201 ,126.80837742,37.49504309
2017,2017061607,55,주간,금,1,1,0,0,0,전북,익산시,차량단독,전도전복,전도전복,운전자법규위반,안전운전 의무 불이행,단일로,기타단일로,승용차,승용차,없음,없음,951463  ,1771220 ,126.96155489,35.93662505
2017,2017061608,35,주간,금,1,1,0,0,0,대전,서구,차대차,측면충돌,측면충돌,운전자법규위반,신호위반,교차로,교차로내,승용차,승용차,원동기장치자전거,원동기장치자전거,985159  ,1811298 ,127.3347076,36.29888815
2017,2017061608,30,주간,금,1,1,0,0,0,경북,포항시,차대사람,차도통행중,차도통행중,운전자법규위반,과속,단일로,기타단일로,승용차,승용차,보행자,보행자,1169369 ,1783717 ,129.37995358,36.03560025
2017,2017061609,20,주간,금,1,3,2,0,0,전남,영암군,차대차,추돌,추돌,운전자법규위반,안전운전 의무 불이행,단일로,기타단일로,화물차,화물차,승합차,승합차,898309  ,1638614 ,126.38940764,34.73604706
2017,2017061610,15,주간,금,1,1,0,0,0,경북,봉화군,차대차,기타,기타,운전자법규위반,안전운전 의무 불이행,교차로,교차로부근,농기계,농기계,화물차,화물차,1117287 ,1876890 ,128.81613986,36.88302816
2017,2017061610,00,주간,금,1,1,0,0,0,경기,고양시,차대사람,횡단중,횡단중,운전자법규위반,보행자 보호의무 위반,단일로,기타단일로,승용차,승용차,보행자,보행자,947182  ,1968836 ,126.90070363,37.71759207
2017,2017061612,25,주간,금,1,1,0,0,0,인천,계양구,차대차,측면충돌,측면충돌,운전자법규위반,중앙선 침범,교차로,교차로부근,자전거,자전거,승용차,승용차,933381  ,1951082 ,126.74574192,37.55668114
2017,2017061614,53,주간,금,1,1,0,0,0,서울,용산구,차대사람,기타,기타,운전자법규위반,안전운전 의무 불이행,단일로,기타단일로,승용차,승용차,보행자,보행자,956427  ,1947971 ,127.0068415,37.53001942
2017,2017061615,45,주간,금,1,2,0,1,0,대구,수성구,차대차,측면충돌,측면충돌,운전자법규위반,중앙선 침범,단일로,기타단일로,이륜차,이륜차,승용차,승용차,1101015 ,1757783 ,128.61811957,35.8113186
2017,2017061616,37,주간,금,1,1,0,0,0,경기,부천시,차대사람,횡단중,횡단중,운전자법규위반,보행자 보호의무 위반,교차로,교차로내,승합차,승합차,보행자,보행자,935445  ,1945953 ,126.7695597,37.51060105
2017,2017061617,30,주간,금,1,1,0,0,0,광주,서구,차대사람,횡단중,횡단중,운전자법규위반,안전운전 의무 불이행,교차로,교차로부근,화물차,화물차,보행자,보행자,941136  ,1685803 ,126.85348038,35.16574582
2017,2017061619,40,야간,금,1,1,0,0,0,충남,당진시,차대사람,횡단중,횡단중,운전자법규위반,안전운전 의무 불이행,단일로,기타단일로,화물차,화물차,보행자,보행자,918767  ,1880564 ,126.58799034,36.91993572
2017,2017061704,00,야간,토,1,2,1,0,0,서울,도봉구,차대차,기타,기타,운전자법규위반,안전운전 의무 불이행,단일로,지하차도(도로)내,이륜차,이륜차,승용차,승용차,960377  ,1960790 ,127.05085247,37.64573856
2017,2017061708,30,주간,토,1,1,0,0,0,경북,청도군,차량단독,기타,기타,운전자법규위반,안전운전 의무 불이행,단일로,기타단일로,농기계,농기계,없음,없음,1111319 ,1742800 ,128.73007071,35.67514337
2017,2017061711,55,주간,토,1,1,0,0,0,서울,강서구,차대차,측면충돌,측면충돌,운전자법규위반,부당한 회전,단일로,기타단일로,자전거,자전거,승합차,승합차,939664  ,1952626 ,126.81674587,37.5710301
2017,2017061715,30,주간,토,1,1,0,0,0,경북,영주시,차량단독,전도전복,전도전복,운전자법규위반,안전운전 의무 불이행,단일로,기타단일로,이륜차,이륜차,없음,없음,1101622 ,1865874 ,128.63891552,36.78555894
2017,2017061716,00,주간,토,1,1,0,0,0,전북,전주시,차대사람,보도통행중,보도통행중,운전자법규위반,보행자 보호의무 위반,교차로,교차로횡단보도내,승용차,승용차,보행자,보행자,964984  ,1759959 ,127.11228873,35.8355127
2017,2017061720,00,야간,토,1,2,0,1,0,충북,청주시,차대차,정면충돌,정면충돌,운전자법규위반,신호위반,교차로,교차로내,이륜차,이륜차,승용차,승용차,999457  ,1847485 ,127.49392691,36.62523697
2017,2017061723,30,야간,토,1,2,0,1,0,광주,북구,차대차,추돌,추돌,운전자법규위반,안전운전 의무 불이행,교차로,교차로부근,승용차,승용차,승합차,승합차,944841  ,1693600 ,126.89378477,35.23628478
2017,2017061800,22,야간,일,1,1,0,0,0,서울,마포구,차대사람,차도통행중,차도통행중,운전자법규위반,안전운전 의무 불이행,단일로,기타단일로,승용차,승용차,보행자,보행자,946211  ,1951382 ,126.89097233,37.56022366
2017,2017061800,25,야간,일,1,3,2,0,0,전남,영광군,차량단독,공작물충돌,공작물충돌,운전자법규위반,안전운전 의무 불이행,단일로,기타단일로,승용차,승용차,없음,없음,903889  ,1710389 ,126.44179314,35.38455441
2017,2017061804,30,야간,일,1,3,2,0,0,서울,영등포구,차대차,정면충돌,정면충돌,운전자법규위반,중앙선 침범,단일로,기타단일로,승용차,승용차,승용차,승용차,947537  ,1948280 ,126.90620707,37.53234148
2017,2017061806,04,주간,일,1,2,0,1,0,경북,포항시,차대차,측면충돌,측면충돌,운전자법규위반,신호위반,교차로,교차로내,승용차,승용차,원동기장치자전거,원동기장치자전거,1169245 ,1787803 ,129.37945336,36.07244077
2017,2017061810,35,주간,일,1,1,0,0,0,경북,청도군,차대사람,길가장자리구역통행중,길가장자리구역통행중,운전자법규위반,안전운전 의무 불이행,단일로,기타단일로,화물차,화물차,보행자,보행자,1135555 ,1761087 ,129.00089557,35.83693474
2017,2017061812,10,주간,일,1,1,0,0,0,강원,인제군,차량단독,전도,전도,운전자법규위반,안전운전 의무 불이행,단일로,기타단일로,이륜차,이륜차,없음,없음,1077439 ,2025056 ,128.38469124,38.22248893
2017,2017061817,48,주간,일,1,1,0,0,0,충북,청주시,차대차,측면충돌,측면충돌,운전자법규위반,안전운전 의무 불이행,단일로,기타단일로,이륜차,이륜차,승용차,승용차,1003715 ,1837737 ,127.54150271,36.53735104
2017,2017061821,18,야간,일,1,1,0,0,0,경북,청도군,차대사람,횡단중,횡단중,운전자법규위반,보행자 보호의무 위반,교차로,교차로내,승용차,승용차,보행자,보행자,1111553 ,1740030 ,128.73227209,35.65014715
2017,2017061903,15,야간,월,1,1,0,0,0,전북,전주시,차대사람,기타,기타,운전자법규위반,안전운전 의무 불이행,교차로,교차로부근,승용차,승용차,보행자,보행자,965976  ,1756631 ,127.12341408,35.80554232
2017,2017061904,00,야간,월,1,1,0,0,0,경기,성남시,차대차,기타,기타,운전자법규위반,중앙선 침범,단일로,기타단일로,승합차,승합차,승용차,승용차,969745  ,1937412 ,127.15800547,37.43537878
2017,2017061905,34,야간,월,1,1,0,0,0,부산,사하구,차량단독,기타,기타,운전자법규위반,안전운전 의무 불이행,단일로,기타단일로,이륜차,이륜차,없음,없음,1134833 ,1673624 ,128.9773482,35.06207408
2017,2017061906,04,주간,월,1,1,0,0,0,광주,광산구,차대차,측면충돌,측면충돌,운전자법규위반,신호위반,교차로,교차로내,화물차,화물차,자전거,자전거,935838  ,1682195 ,126.79568467,35.13290201
2017,2017061906,20,주간,월,1,1,0,0,0,전남,장성군,차량단독,공작물충돌,공작물충돌,운전자법규위반,안전운전 의무 불이행,단일로,기타단일로,승용차,승용차,없음,없음,930124  ,1695032 ,126.73200492,35.24826222
2017,2017061906,14,주간,월,1,1,0,0,0,충남,아산시,차량단독,전도,전도,운전자법규위반,안전운전 의무 불이행,단일로,기타단일로,사륜오토바이(ATV),사륜오토바이(ATV),없음,없음,950621  ,1867960 ,126.94641798,36.80852793
2017,2017061907,50,주간,월,1,1,0,0,0,경북,구미시,차대차,측면충돌,측면충돌,운전자법규위반,과속,단일로,기타단일로,승합차,승합차,자전거,자전거,1076283 ,1806019 ,128.34904987,36.2483963
2017,2017061912,10,주간,월,1,1,0,0,0,경북,경산시,차량단독,도로이탈,도로이탈 추락,운전자법규위반,안전운전 의무 불이행,단일로,기타단일로,원동기장치자전거,원동기장치자전거,없음,없음,1111916 ,1751495 ,128.73787784,35.75345483
2017,2017061920,50,야간,월,1,1,0,0,0,경기,여주시,차량단독,전도전복,전도전복,운전자법규위반,안전운전 의무 불이행,단일로,기타단일로,화물차,화물차,없음,없음,1021599 ,1919439 ,127.74362622,37.27361622
2017,2017061922,55,야간,월,1,1,0,0,0,경북,영덕군,차대사람,횡단중,횡단중,운전자법규위반,안전운전 의무 불이행,단일로,기타단일로,승용차,승용차,보행자,보행자,1168829 ,1818201 ,129.38159467,36.34553403
2017,2017061923,20,야간,월,1,3,2,0,0,대구,달서구,차량단독,공작물충돌,공작물충돌,운전자법규위반,안전운전 의무 불이행,기타,기타,승용차,승용차,없음,없음,1093027 ,1762246 ,128.53023497,35.85234119
2017,2017062005,19,야간,화,1,1,0,0,0,대구,서구,차대사람,횡단중,횡단중,운전자법규위반,기타(운전자법규위반),교차로,교차로내,승용차,승용차,보행자,보행자,1095325 ,1764744 ,128.55597921,35.87463881
2017,2017062006,40,주간,화,1,1,0,0,0,제주,제주시,차대차,측면충돌,측면충돌,운전자법규위반,안전운전 의무 불이행,교차로,교차로내,농기계,농기계,승용차,승용차,929429  ,1507089 ,126.7397768,33.5534504
2017,2017062008,40,주간,화,1,2,1,0,0,서울,송파구,차대차,측면충돌,측면충돌,운전자법규위반,안전운전 의무 불이행,교차로,교차로횡단보도내,승합차,승합차,자전거,자전거,965808  ,1944341 ,127.11318189,37.49769627
2017,2017062009,55,주간,화,1,1,0,0,0,강원,강릉시,차대사람,기타,기타,운전자법규위반,안전운전 의무 불이행,교차로,교차로내,화물차,화물차,보행자,보행자,1123461 ,1972933 ,128.90141384,37.74766803
2017,2017062009,45,주간,화,1,1,0,0,0,경남,양산시,차대차,측면충돌,측면충돌,운전자법규위반,부당한 회전,교차로,교차로횡단보도내,이륜차,이륜차,화물차,화물차,1136489 ,1701207 ,129.00113102,35.29707855
2017,2017062010,40,주간,화,1,1,0,0,0,강원,삼척시,차량단독,공작물충돌,공작물충돌,운전자법규위반,안전운전 의무 불이행,단일로,기타단일로,승용차,승용차,없음,없음,1152956 ,1931798 ,129.22746668,37.37265189
2017,2017062011,58,주간,화,1,1,0,0,0,경남,합천군,차량단독,전도전복,전도전복,운전자법규위반,안전운전 의무 불이행,단일로,기타단일로,이륜차,이륜차,없음,없음,1058185 ,1730264 ,128.14208603,35.56668644
2017,2017062011,53,주간,화,1,1,0,0,0,서울,용산구,차대사람,횡단중,횡단중,운전자법규위반,안전운전 의무 불이행,단일로,기타단일로,승용차,승용차,보행자,보행자,952936  ,1947426 ,126.96736685,37.52493562
2017,2017062016,20,주간,화,1,2,1,0,0,부산,남구,차대차,기타,기타,운전자법규위반,안전운전 의무 불이행,단일로,기타단일로,이륜차,이륜차,승용차,승용차,1145882 ,1683032 ,129.10118122,35.13193054
2017,2017062019,25,야간,화,1,1,0,0,0,경북,상주시,차대차,측면충돌,측면충돌,운전자법규위반,안전운전 의무 불이행,단일로,기타단일로,화물차,화물차,자전거,자전거,1055465 ,1820441 ,128.11838047,36.37982994
2017,2017062020,30,야간,화,1,1,0,0,0,경북,경산시,차대사람,차도통행중,차도통행중,운전자법규위반,안전운전 의무 불이행,단일로,기타단일로,승용차,승용차,보행자,보행자,1119418 ,1769011 ,128.82345622,35.91045798
2017,2017062023,30,야간,화,1,1,0,0,0,충북,청주시,차대사람,기타,기타,운전자법규위반,안전운전 의무 불이행,단일로,기타단일로,승용차,승용차,보행자,보행자,989391  ,1848163 ,127.38133622,36.6312902
2017,2017062100,30,야간,수,1,1,0,0,0,경기,화성시,차량단독,전도전복,전도전복,운전자법규위반,안전운전 의무 불이행,단일로,기타단일로,승용차,승용차,없음,없음,947929  ,1897303 ,126.91421845,37.07288287
2017,2017062101,40,야간,수,1,1,0,0,0,서울,광진구,차대사람,횡단중,횡단중,운전자법규위반,안전운전 의무 불이행,단일로,기타단일로,승용차,승용차,보행자,보행자,962289  ,1949613 ,127.07310134,37.54507777
2017,2017062101,05,야간,수,1,1,0,0,0,서울,서초구,차대사람,횡단중,횡단중,운전자법규위반,안전운전 의무 불이행,단일로,기타단일로,승용차,승용차,보행자,보행자,957862  ,1945076 ,127.02324831,37.50399254
2017,2017062110,05,주간,수,1,1,0,0,0,충북,제천시,차량단독,전도전복,전도전복,운전자법규위반,안전운전 의무 불이행,단일로,기타단일로,화물차,화물차,없음,없음,1063616 ,1897512 ,128.2156683,37.07405423
2017,2017062114,02,주간,수,1,1,0,0,0,전북,정읍시,차대차,측면충돌,측면충돌,운전자법규위반,직진 및 우회전차의 통행방해,교차로,교차로내,사륜오토바이(ATV),사륜오토바이(ATV),승용차,승용차,949955  ,1744551 ,126.94685015,35.69594408
2017,2017062121,55,야간,수,1,1,0,0,0,서울,중구,차대차,추돌,추돌,운전자법규위반,안전운전 의무 불이행,단일로,기타단일로,이륜차,이륜차,화물차,화물차,957011  ,1951843 ,127.01322409,37.56494621
2017,2017062123,33,야간,수,1,1,0,0,0,경북,경산시,차대사람,길가장자리구역통행중,길가장자리구역통행중,운전자법규위반,안전운전 의무 불이행,단일로,교량위,승용차,승용차,보행자,보행자,1119597 ,1769461 ,128.82550719,35.91449224
2017,2017062206,15,주간,목,1,1,0,0,0,제주,서귀포시,차대차,측면충돌,측면충돌,운전자법규위반,교차로 통행방법 위반,교차로,교차로내,화물차,화물차,이륜차,이륜차,912706  ,1473963 ,126.56286118,33.25346381
2017,2017062208,20,주간,목,1,1,0,0,0,경남,함안군,차대차,측면충돌,측면충돌,운전자법규위반,직진 및 우회전차의 통행방해,교차로,교차로내,이륜차,이륜차,승용차,승용차,1083045 ,1706269 ,128.41394564,35.34858387
2017,2017062213,15,주간,목,1,1,0,0,0,경북,의성군,차대차,추돌,추돌,운전자법규위반,안전운전 의무 불이행,기타,기타,화물차,화물차,농기계,농기계,1106621 ,1816132 ,128.6880451,36.33667766
2017,2017062213,05,주간,목,1,1,0,0,0,경남,김해시,차대차,측면충돌,측면충돌,운전자법규위반,부당한 회전,교차로,교차로내,이륜차,이륜차,건설기계,건설기계,1122693 ,1692591 ,128.84815257,35.22119713
2017,2017062214,45,주간,목,1,1,0,0,0,전북,남원시,차대차,측면충돌,측면충돌,운전자법규위반,교차로 통행방법 위반,교차로,교차로부근,이륜차,이륜차,화물차,화물차,974940  ,1709537 ,127.22408954,35.38119148
2017,2017062215,40,주간,목,1,1,0,0,0,경기,평택시,차대사람,기타,기타,운전자법규위반,안전운전 의무 불이행,교차로,교차로부근,건설기계,건설기계,보행자,보행자,964623  ,1894550 ,127.10214494,37.0488458
2017,2017062217,52,주간,목,1,1,0,0,0,서울,송파구,차대차,정면충돌,정면충돌,운전자법규위반,신호위반,교차로,교차로내,승용차,승용차,이륜차,이륜차,967141  ,1944824 ,127.12824039,37.5020982
2017,2017062218,10,야간,목,1,1,0,0,0,경기,광명시,차대사람,횡단중,횡단중,운전자법규위반,안전운전 의무 불이행,단일로,기타단일로,화물차,화물차,보행자,보행자,945925  ,1939433 ,126.88861322,37.45250888
2017,2017062220,25,야간,목,1,1,0,0,0,부산,부산진구,차대사람,횡단중,횡단중,운전자법규위반,보행자 보호의무 위반,교차로,교차로내,승합차,승합차,보행자,보행자,1142004 ,1685218 ,129.05900677,35.15218971
2017,2017062221,20,야간,목,1,1,0,0,0,경북,구미시,차대차,측면충돌,측면충돌,운전자법규위반,신호위반,교차로,교차로부근,이륜차,이륜차,승용차,승용차,1076365 ,1794864 ,128.34887613,36.14783137
2017,2017062221,05,야간,목,1,2,0,1,0,경기,이천시,차대차,추돌,추돌,운전자법규위반,안전운전 의무 불이행,단일로,기타단일로,승용차,승용차,불명,불명,998175  ,1920718 ,127.47941166,37.28539403
2017,2017062223,47,야간,목,1,4,0,0,3,서울,용산구,차대사람,차도통행중,차도통행중,운전자법규위반,안전운전 의무 불이행,단일로,기타단일로,승용차,승용차,보행자,보행자,951811  ,1947377 ,126.95463873,37.52443586
2017,2017062304,20,야간,금,1,1,0,0,0,강원,정선군,차량단독,공작물충돌,공작물충돌,운전자법규위반,안전운전 의무 불이행,단일로,기타단일로,승용차,승용차,없음,없음,1119112 ,1941406 ,128.84689671,37.4641976
2017,2017062306,56,주간,금,1,1,0,0,0,경기,안양시,차대차,측면충돌,측면충돌,운전자법규위반,안전운전 의무 불이행,교차로,교차로부근,승용차,승용차,원동기장치자전거,원동기장치자전거,951810  ,1931162 ,126.95568749,37.37828463
2017,2017062308,40,주간,금,1,1,0,0,0,경북,김천시,차량단독,전도전복,전도전복,운전자법규위반,안전운전 의무 불이행,단일로,기타단일로,농기계,농기계,없음,없음,1045312 ,1793750 ,128.00364177,36.13973752
2017,2017062310,00,주간,금,1,3,1,0,1,울산,북구,차대차,측면충돌,측면충돌,운전자법규위반,안전운전 의무 불이행,단일로,기타단일로,승용차,승용차,건설기계,건설기계,1166347 ,1742939 ,129.33792297,35.66865073
2017,2017062310,23,주간,금,1,1,0,0,0,충남,홍성군,차대사람,횡단중,횡단중,운전자법규위반,안전운전 의무 불이행,단일로,기타단일로,화물차,화물차,보행자,보행자,933108  ,1846778 ,126.75194843,36.61651544
2017,2017062310,20,주간,금,1,1,0,0,0,경기,양평군,차량단독,전도전복,전도전복,운전자법규위반,안전운전 의무 불이행,단일로,기타단일로,사륜오토바이(ATV),사륜오토바이(ATV),없음,없음,984525  ,1949289 ,127.32482382,37.5427991
2017,2017062312,00,주간,금,1,1,0,0,0,대구,달성군,차량단독,전도,전도,운전자법규위반,안전운전 의무 불이행,단일로,기타단일로,농기계,농기계,없음,없음,1089390 ,1738232 ,128.48728528,35.63619398
2017,2017062316,47,주간,금,1,1,0,0,0,대구,달성군,차대차,정면충돌,정면충돌,운전자법규위반,중앙선 침범,단일로,기타단일로,이륜차,이륜차,승합차,승합차,1089114 ,1756242 ,128.48623613,35.79857966
2017,2017062319,45,야간,금,1,1,0,0,0,서울,강동구,차대사람,횡단중,횡단중,운전자법규위반,신호위반,교차로,교차로내,화물차,화물차,보행자,보행자,967765  ,1950338 ,127.13505802,37.55182032
2017,2017062320,20,야간,금,1,2,0,1,0,강원,철원군,차대차,기타,기타,운전자법규위반,안전운전 의무 불이행,단일로,기타단일로,화물차,화물차,사륜오토바이(ATV),사륜오토바이(ATV),977386  ,2026216 ,127.24159946,38.23599299
2017,2017062405,30,야간,토,1,3,2,0,0,강원,원주시,차대차,측면충돌,측면충돌,운전자법규위반,신호위반,교차로,교차로내,화물차,화물차,화물차,화물차,1039135 ,1930639 ,127.94494185,37.37732113
2017,2017062406,40,주간,토,1,1,0,0,0,경남,진주시,차대차,추돌,추돌,운전자법규위반,안전운전 의무 불이행,단일로,기타단일로,화물차,화물차,농기계,농기계,1054428 ,1681234 ,128.09736532,35.12482448
2017,2017062408,26,주간,토,1,1,0,0,0,강원,인제군,차대사람,기타,기타,운전자법규위반,중앙선 침범,교차로,교차로부근,건설기계,건설기계,보행자,보행자,1061463 ,2024127 ,128.20210946,38.21535054
2017,2017062408,26,주간,토,1,1,0,0,0,부산,사하구,차대차,기타,기타,운전자법규위반,안전운전 의무 불이행,단일로,기타단일로,원동기장치자전거,원동기장치자전거,승용차,승용차,1135902 ,1676049 ,128.99053542,35.07038804
2017,2017062414,10,주간,토,1,1,0,0,0,경남,밀양시,차대차,측면충돌,측면충돌,운전자법규위반,신호위반,교차로,교차로내,이륜차,이륜차,승용차,승용차,1110701 ,1710015 ,128.71876551,35.37966925
2017,2017062416,01,주간,토,1,1,0,0,0,경남,함양군,차대차,추돌,추돌,운전자법규위반,안전운전 의무 불이행,교차로,교차로부근,화물차,화물차,이륜차,이륜차,1027818 ,1736311 ,127.80719349,35.62252778
2017,2017062416,34,주간,토,1,1,0,0,0,경북,안동시,차량단독,전도전복,전도전복,운전자법규위반,안전운전 의무 불이행,단일로,기타단일로,사륜오토바이(ATV),사륜오토바이(ATV),없음,없음,1101824 ,1844161 ,128.63829073,36.58983546
2017,2017062423,23,야간,토,1,2,1,0,0,인천,계양구,차대사람,기타,기타,운전자법규위반,안전운전 의무 불이행,단일로,기타단일로,승용차,승용차,보행자,보행자,932286  ,1948076 ,126.73350121,37.52911146
2017,2017062511,20,주간,일,1,1,0,0,0,전북,무주군,차량단독,전도,전도,운전자법규위반,안전운전 의무 불이행,단일로,기타단일로,화물차,화물차,없음,없음,1019989 ,1779787 ,127.72182651,36.01470331
2017,2017062513,51,주간,일,1,1,0,0,0,전남,여수시,차대차,추돌,추돌,운전자법규위반,안전운전 의무 불이행,단일로,기타단일로,이륜차,이륜차,승용차,승용차,1010706 ,1647988 ,127.61707721,34.82644521
2017,2017062513,55,주간,일,1,1,0,0,0,경기,시흥시,차대사람,횡단중,횡단중,운전자법규위반,안전운전 의무 불이행,단일로,기타단일로,화물차,화물차,보행자,보행자,934106  ,1928147 ,126.75600015,37.35002074
2017,2017062515,45,주간,일,1,1,0,0,0,경남,합천군,차량단독,전도,전도,운전자법규위반,안전운전 의무 불이행,단일로,기타단일로,화물차,화물차,없음,없음,1060268 ,1734888 ,128.16541595,35.6082516
2017,2017062520,50,야간,일,1,1,0,0,0,대전,대덕구,차대사람,횡단중,횡단중,운전자법규위반,안전운전 의무 불이행,교차로,교차로횡단보도내,승용차,승용차,보행자,보행자,991761  ,1817790 ,127.40816894,36.35749541
2017,2017062523,17,야간,일,1,2,1,0,0,광주,서구,차대사람,횡단중,횡단중,운전자법규위반,과속,교차로,교차로부근,이륜차,이륜차,보행자,보행자,942791  ,1683661 ,126.8723236,35.14653856
2017,2017062609,00,주간,월,2,3,1,0,0,전북,고창군,차대차,정면충돌,정면충돌,운전자법규위반,중앙선 침범,단일로,기타단일로,승용차,승용차,화물차,화물차,915955  ,1727488 ,126.5728589,35.53980212
2017,2017062611,15,주간,월,1,4,1,2,0,서울,중구,차대차,기타,기타,운전자법규위반,안전운전 의무 불이행,단일로,기타단일로,승합차,승합차,자전거,자전거,956705  ,1950843 ,127.00981834,37.55591863
2017,2017062612,15,주간,월,1,1,0,0,0,전남,나주시,차량단독,공작물충돌,공작물충돌,운전자법규위반,안전운전 의무 불이행,단일로,기타단일로,승용차,승용차,없음,없음,943291  ,1667504 ,126.87854019,35.00089764
2017,2017062614,38,주간,월,1,2,1,0,0,충남,금산군,차대차,기타,기타,운전자법규위반,안전운전 의무 불이행,단일로,기타단일로,승용차,승용차,승용차,승용차,999462  ,1795479 ,127.49401886,36.15638447
2017,2017062616,13,주간,월,1,1,0,0,0,강원,평창군,차량단독,전복,전복,운전자법규위반,안전운전 의무 불이행,단일로,기타단일로,사륜오토바이(ATV),사륜오토바이(ATV),없음,없음,1071342 ,1938590 ,128.30801715,37.4358239
2017,2017062619,00,야간,월,1,1,0,0,0,부산,북구,차대사람,횡단중,횡단중,운전자법규위반,안전운전 의무 불이행,단일로,기타단일로,화물차,화물차,보행자,보행자,1137980 ,1691536 ,129.01589486,35.20971594
2017,2017062620,05,야간,월,1,4,2,1,0,경북,영천시,차대차,측면충돌,측면충돌,운전자법규위반,안전운전 의무 불이행,단일로,기타단일로,승합차,승합차,농기계,농기계,1125414 ,1778675 ,128.89141702,35.9968123
2017,2017062621,05,야간,월,1,1,0,0,0,경남,김해시,차대차,측면충돌,측면충돌,운전자법규위반,신호위반,교차로,교차로내,이륜차,이륜차,화물차,화물차,1123817 ,1694190 ,128.8607407,35.23547324