발생년,발생년월일시,발생분,주야,요일,사망자수,사상자수,중상자수,경상자수,부상신고자수,발생지시도,발생지시군구,사고유형_대분류,사고유형_중분류,사고유형,법규위반_대분류,법규위반,도로형태_대분류,도로형태,당사자종별_1당_대분류,당사자종별_1당,당사자종별_2당_대분류,당사자종별_2당,발생위치X_UTMK,발생위치Y_UTMK,경도,위도
2017,2017062622,10,야간,월,1,1,0,0,0,경남,진주시,차대사람,기타,기타,운전자법규위반,안전운전 의무 불이행,교차로,교차로내,승합차,승합차,보행자,보행자,1053420 ,1688621 ,128.08678082,35.1914851
2017,2017062703,32,야간,화,1,1,0,0,0,경기,파주시,차량단독,전도전복,전도전복,운전자법규위반,안전운전 의무 불이행,단일로,기타단일로,이륜차,이륜차,없음,없음,929511  ,1969714 ,126.70013126,37.72431538
2017,2017062704,41,야간,화,1,1,0,0,0,전남,목포시,차대사람,횡단중,횡단중,운전자법규위반,보행자 보호의무 위반,단일로,기타단일로,승용차,승용차,보행자,보행자,897093  ,1643465 ,126.37529292,34.78051834
2017,2017062711,20,주간,화,1,4,0,3,0,대전,대덕구,차대차,추돌,추돌,운전자법규위반,안전운전 의무 불이행,단일로,기타단일로,화물차,화물차,화물차,화물차,992165  ,1821185 ,127.41263766,36.38810597
2017,2017062712,23,주간,화,1,1,0,0,0,인천,서구,차대사람,기타,기타,운전자법규위반,과속,단일로,기타단일로,화물차,화물차,보행자,보행자,923649  ,1951447 ,126.63552929,37.55921546
2017,2017062712,30,주간,화,1,3,0,2,0,전북,군산시,차대차,측면충돌,측면충돌,운전자법규위반,신호위반,교차로,교차로내,승용차,승용차,승용차,승용차,914205  ,1773436 ,126.54863945,35.95387729
2017,2017062715,50,주간,화,1,1,0,0,0,경남,고성군,차량단독,전도전복,전도전복,운전자법규위반,안전운전 의무 불이행,단일로,기타단일로,승용차,승용차,없음,없음,1068170 ,1665999 ,128.24692607,34.98661961
2017,2017062715,30,주간,화,1,1,0,0,0,충남,아산시,차대사람,횡단중,횡단중,운전자법규위반,신호위반,교차로,교차로내,화물차,화물차,보행자,보행자,944802  ,1876074 ,126.88059547,36.8813471
2017,2017062716,15,주간,화,1,3,0,2,0,경북,김천시,차대차,측면충돌,측면충돌,운전자법규위반,교차로 통행방법 위반,교차로,교차로내,이륜차,이륜차,승합차,승합차,1061533 ,1802309 ,128.1845987,36.21600336
2017,2017062716,46,주간,화,1,2,0,1,0,경기,고양시,차대차,기타,기타,운전자법규위반,중앙선 침범,교차로,교차로부근,승용차,승용차,화물차,화물차,938291  ,1970006 ,126.79972957,37.72758094
2017,2017062717,00,주간,화,1,2,0,1,0,경남,밀양시,차대차,기타,기타,운전자법규위반,안전운전 의무 불이행,단일로,기타단일로,승용차,승용차,농기계,농기계,1113780 ,1720802 ,128.75416354,35.47656351
2017,2017062721,10,야간,화,1,1,0,0,0,충남,금산군,차대사람,횡단중,횡단중,운전자법규위반,안전운전 의무 불이행,기타,기타,승용차,승용차,보행자,보행자,999139  ,1790031 ,127.49043391,36.10726645
2017,2017062722,30,야간,화,1,1,0,0,0,서울,서초구,차대사람,횡단중,횡단중,운전자법규위반,안전운전 의무 불이행,단일로,기타단일로,승용차,승용차,보행자,보행자,958918  ,1941952 ,127.03537004,37.47588234
2017,2017062800,15,야간,수,1,2,1,0,0,충북,충주시,차대차,기타,기타,운전자법규위반,신호위반,교차로,교차로내,승용차,승용차,원동기장치자전거,원동기장치자전거,1037990 ,1884735 ,127.92674571,36.96026952
2017,2017062808,02,주간,수,1,2,1,0,0,경기,화성시,차대차,측면충돌,측면충돌,운전자법규위반,직진 및 우회전차의 통행방해,교차로,교차로내,승용차,승용차,농기계,농기계,944517  ,1906462 ,126.87515858,37.15524376
2017,2017062808,40,주간,수,1,1,0,0,0,경북,의성군,차대차,기타,기타,운전자법규위반,중앙선 침범,단일로,기타단일로,승용차,승용차,이륜차,이륜차,1096836 ,1819881 ,128.57949872,36.37150448
2017,2017062813,00,주간,수,1,1,0,0,0,강원,춘천시,차량단독,도로이탈,도로이탈 추락,운전자법규위반,안전운전 의무 불이행,단일로,기타단일로,사륜오토바이(ATV),사륜오토바이(ATV),없음,없음,1019108 ,1979745 ,127.7170998,37.81724081
2017,2017062815,28,주간,수,1,3,2,0,0,세종,세종,차대차,추돌,추돌,운전자법규위반,안전운전 의무 불이행,단일로,기타단일로,화물차,화물차,화물차,화물차,980823  ,1826787 ,127.28603344,36.43845
2017,2017062816,30,주간,수,1,1,0,0,0,충북,제천시,차대차,정면충돌,정면충돌,운전자법규위반,중앙선 침범,단일로,기타단일로,이륜차,이륜차,화물차,화물차,1055144 ,1906210 ,128.12100528,37.15299238
2017,2017062817,30,주간,수,1,3,0,2,0,인천,남구,차대차,추돌,추돌,운전자법규위반,안전운전 의무 불이행,교차로,교차로부근,승용차,승용차,승용차,승용차,924169  ,1939738 ,126.64262412,37.45372938
2017,2017062817,50,주간,수,1,3,1,1,0,전남,여수시,차대차,측면충돌,측면충돌,운전자법규위반,안전운전 의무 불이행,교차로,교차로내,승용차,승용차,승용차,승용차,1006358 ,1644061 ,127.56921289,34.79110803
2017,2017062819,30,야간,수,1,5,1,3,0,충남,예산군,차대차,측면충돌,측면충돌,운전자법규위반,신호위반,교차로,교차로내,승용차,승용차,화물차,화물차,934902  ,1837831 ,126.77276594,36.53598835
2017,2017062820,31,야간,수,1,2,0,1,0,서울,동작구,차대차,정면충돌,정면충돌,운전자법규위반,중앙선 침범,단일로,고가도로위,이륜차,이륜차,승용차,승용차,954153  ,1942057 ,126.97973065,37.47669603
2017,2017062820,27,야간,수,1,1,0,0,0,부산,기장군,차대사람,횡단중,횡단중,운전자법규위반,안전운전 의무 불이행,교차로,교차로부근,승합차,승합차,보행자,보행자,1158326 ,1704285 ,129.24178997,35.32159875
2017,2017062821,18,야간,수,1,1,0,0,0,경기,남양주시,차대차,기타,기타,운전자법규위반,중앙선 침범,단일로,기타단일로,원동기장치자전거,원동기장치자전거,승용차,승용차,977864  ,1960836 ,127.24907298,37.64674131
2017,2017062822,10,야간,수,1,1,0,0,0,경기,양평군,차량단독,공작물충돌,공작물충돌,운전자법규위반,안전운전 의무 불이행,교차로,교차로내,승용차,승용차,없음,없음,1001018 ,1944482 ,127.51151707,37.49959994
2017,2017062823,20,야간,수,1,2,0,1,0,서울,서대문구,차대차,측면충돌,측면충돌,운전자법규위반,안전운전 의무 불이행,단일로,기타단일로,이륜차,이륜차,이륜차,이륜차,949058  ,1953280 ,126.9230741,37.5774924
2017,2017062900,20,야간,목,1,1,0,0,0,서울,광진구,차량단독,기타,기타,운전자법규위반,안전운전 의무 불이행,단일로,기타단일로,원동기장치자전거,원동기장치자전거,없음,없음,964892  ,1949694 ,127.10256345,37.5459107
2017,2017062901,00,야간,목,1,1,0,0,0,부산,사상구,차량단독,공작물충돌,공작물충돌,운전자법규위반,안전운전 의무 불이행,기타,기타,승용차,승용차,없음,없음,1134536 ,1685054 ,128.97701669,35.15173851
2017,2017062901,54,야간,목,1,1,0,0,0,경기,고양시,차대사람,횡단중,횡단중,운전자법규위반,안전운전 의무 불이행,단일로,기타단일로,승용차,승용차,보행자,보행자,939903  ,1956444 ,126.81913878,37.60545696
2017,2017062902,25,야간,목,1,1,0,0,0,경기,이천시,차대사람,기타,기타,운전자법규위반,안전운전 의무 불이행,단일로,기타단일로,화물차,화물차,보행자,보행자,991765  ,1922499 ,127.40707896,37.30141324
2017,2017062903,10,야간,목,1,1,0,0,0,서울,강서구,차대사람,횡단중,횡단중,운전자법규위반,안전운전 의무 불이행,단일로,기타단일로,승용차,승용차,보행자,보행자,941444  ,1949265 ,126.83782497,37.54102735
2017,2017062903,10,야간,목,1,2,1,0,0,경기,시흥시,차대차,측면충돌,측면충돌,운전자법규위반,안전운전 의무 불이행,단일로,기타단일로,화물차,화물차,화물차,화물차,944372  ,1931079 ,126.87168484,37.37712003
2017,2017062904,35,야간,목,1,2,1,0,0,전남,목포시,차량단독,전도,전도,운전자법규위반,과속,단일로,기타단일로,승용차,승용차,없음,없음,901907  ,1647454 ,126.42744667,34.81697936
2017,2017062908,30,주간,목,1,3,2,0,0,경남,고성군,차대사람,길가장자리구역통행중,길가장자리구역통행중,운전자법규위반,안전운전 의무 불이행,단일로,기타단일로,승용차,승용차,보행자,보행자,1070708 ,1682810 ,128.27616564,35.13802209
2017,2017062908,37,주간,목,1,8,0,7,0,경기,안산시,차대사람,횡단중,횡단중,운전자법규위반,안전운전 의무 불이행,교차로,교차로횡단보도내,승합차,승합차,보행자,보행자,944009  ,1922831 ,126.86820807,37.30275597
2017,2017062913,20,주간,목,1,1,0,0,0,충남,논산시,차대차,추돌,추돌,운전자법규위반,과속,단일로,기타단일로,특수차,특수차,이륜차,이륜차,959733  ,1797362 ,127.05224654,36.17252393
2017,2017062913,45,주간,목,1,1,0,0,0,광주,동구,차대사람,기타,기타,운전자법규위반,안전운전 의무 불이행,단일로,기타단일로,화물차,화물차,보행자,보행자,948035  ,1685052 ,126.92946403,35.15952432
2017,2017062914,40,주간,목,1,1,0,0,0,경기,고양시,차량단독,전도,전도,운전자법규위반,안전운전 의무 불이행,단일로,기타단일로,자전거,자전거,없음,없음,930200  ,1964377 ,126.70846057,37.67626847
2017,2017062918,55,야간,목,1,1,0,0,0,강원,원주시,차대사람,횡단중,횡단중,운전자법규위반,안전운전 의무 불이행,단일로,기타단일로,승용차,승용차,보행자,보행자,1038959 ,1930411 ,127.94001072,37.37194933
2017,2017062922,07,야간,목,1,1,0,0,0,경기,화성시,차량단독,전도,전도,운전자법규위반,안전운전 의무 불이행,단일로,기타단일로,승용차,승용차,없음,없음,955923  ,1911190 ,127.0033274,37.1984687
2017,2017063000,50,야간,금,1,1,0,0,0,충북,음성군,차량단독,도로이탈,도로이탈 기타,운전자법규위반,안전운전 의무 불이행,교차로,교차로부근,승용차,승용차,없음,없음,1013426 ,1889385 ,127.65090011,37.00285765
2017,2017063002,30,야간,금,1,1,0,0,0,부산,중구,차대사람,기타,기타,운전자법규위반,안전운전 의무 불이행,단일로,기타단일로,승용차,승용차,보행자,보행자,1139565 ,1680208 ,129.03131206,35.10740361
2017,2017063004,00,야간,금,1,2,0,1,0,전남,광양시,차대차,기타,기타,운전자법규위반,안전운전 의무 불이행,단일로,기타단일로,화물차,화물차,승용차,승용차,1024580 ,1665614 ,127.76931598,34.98514675
2017,2017063004,35,야간,금,1,1,0,0,0,광주,광산구,차량단독,전도,전도,운전자법규위반,안전운전 의무 불이행,단일로,고가도로위,승용차,승용차,없음,없음,939234  ,1688087 ,126.8325791,35.18598738
2017,2017063006,30,주간,금,1,1,0,0,0,충남,서산시,차대차,측면충돌,측면충돌,운전자법규위반,안전운전 의무 불이행,단일로,기타단일로,화물차,화물차,이륜차,이륜차,917238  ,1855415 ,126.57356128,36.69312121
2017,2017063008,20,주간,금,1,1,0,0,0,경기,용인시,차대사람,횡단중,횡단중,운전자법규위반,신호위반,단일로,기타단일로,화물차,화물차,보행자,보행자,964452  ,1924850 ,127.09877969,37.32196131
2017,2017063009,45,주간,금,1,3,2,0,0,대구,달성군,차대차,측면충돌,측면충돌,운전자법규위반,과속,교차로,교차로내,승용차,승용차,화물차,화물차,1086800 ,1742412 ,128.45913363,35.67410855
2017,2017063010,59,주간,금,1,1,0,0,0,광주,서구,차대차,측면충돌,측면충돌,운전자법규위반,안전거리 미확보,단일로,기타단일로,이륜차,이륜차,승용차,승용차,939085  ,1681915 ,126.83139161,35.13059302
2017,2017063017,02,주간,금,1,2,1,0,0,서울,영등포구,차대차,측면충돌,측면충돌,운전자법규위반,중앙선 침범,단일로,교량위,이륜차,이륜차,화물차,화물차,947576  ,1946355 ,126.90678586,37.51499339
2017,2017063019,10,야간,금,1,1,0,0,0,대구,서구,차대차,측면충돌,측면충돌,운전자법규위반,안전운전 의무 불이행,교차로,교차로부근,승용차,승용차,이륜차,이륜차,1095230 ,1764891 ,128.55494456,35.87597321
2017,2017063021,45,야간,금,1,4,2,1,0,전남,곡성군,차대차,추돌,추돌,운전자법규위반,안전운전 의무 불이행,단일로,기타단일로,승용차,승용차,승용차,승용차,966456  ,1696405 ,127.13122029,35.2625338
2017,2017063021,50,야간,금,1,1,0,0,0,충남,서산시,차대사람,차도통행중,차도통행중,운전자법규위반,안전운전 의무 불이행,단일로,기타단일로,승용차,승용차,보행자,보행자,900057  ,1865697 ,126.37992159,36.7841423
2017,2017063023,14,야간,금,1,1,0,0,0,경기,성남시,차대사람,횡단중,횡단중,운전자법규위반,안전운전 의무 불이행,단일로,기타단일로,승용차,승용차,보행자,보행자,967633  ,1937456 ,127.13413049,37.4357039
2017,2017070104,47,야간,토,1,1,0,0,0,광주,남구,차대사람,횡단중,횡단중,운전자법규위반,안전운전 의무 불이행,단일로,기타단일로,승용차,승용차,보행자,보행자,946194  ,1683482 ,126.90931463,35.14512761
2017,2017070111,40,주간,토,1,1,0,0,0,강원,원주시,차대차,측면충돌,측면충돌,운전자법규위반,안전운전 의무 불이행,교차로,교차로내,승용차,승용차,이륜차,이륜차,1038562 ,1926384 ,127.93531738,37.33566804
2017,2017070116,45,주간,토,1,1,0,0,0,대구,수성구,차대차,측면충돌,측면충돌,운전자법규위반,안전거리 미확보,단일로,기타단일로,자전거,자전거,승용차,승용차,1100204 ,1761054 ,128.60955463,35.84088822
2017,2017070116,45,주간,토,1,1,0,0,0,경남,밀양시,차량단독,전도,전도,운전자법규위반,안전운전 의무 불이행,단일로,기타단일로,화물차,화물차,없음,없음,1104351 ,1717688 ,128.64985034,35.44952628
2017,2017070120,30,야간,토,1,1,0,0,0,강원,강릉시,차대차,추돌,추돌,운전자법규위반,중앙선 침범,단일로,기타단일로,자전거,자전거,화물차,화물차,1121752 ,1972874 ,128.88127661,37.74768768
2017,2017070122,30,야간,토,1,1,0,0,0,충남,천안시,차대사람,기타,기타,운전자법규위반,안전운전 의무 불이행,단일로,기타단일로,승용차,승용차,보행자,보행자,967125  ,1877226 ,127.13103679,36.89277333
2017,2017070122,05,야간,토,1,1,0,0,0,경북,의성군,차대사람,기타,기타,운전자법규위반,안전운전 의무 불이행,교차로,교차로내,승용차,승용차,보행자,보행자,1096580 ,1810849 ,128.57552567,36.29011713
2017,2017070201,16,야간,일,1,1,0,0,0,광주,북구,차대사람,기타,기타,운전자법규위반,안전운전 의무 불이행,단일로,기타단일로,승용차,승용차,보행자,보행자,944433  ,1687872 ,126.88968758,35.18461507
2017,2017070201,00,야간,일,1,3,1,1,0,강원,홍천군,차대차,추돌,추돌,운전자법규위반,안전운전 의무 불이행,단일로,기타단일로,승용차,승용차,화물차,화물차,1079467 ,1970949 ,128.40186999,37.73471024
2017,2017070201,50,야간,일,1,1,0,0,0,충북,청주시,차량단독,전도전복,전도전복,운전자법규위반,중앙선 침범,단일로,기타단일로,승용차,승용차,없음,없음,999978  ,1845644 ,127.499754,36.60864049
2017,2017070201,43,야간,일,1,2,1,0,0,충남,예산군,차대차,추돌,추돌,운전자법규위반,과속,단일로,기타단일로,승용차,승용차,이륜차,이륜차,939224  ,1854250 ,126.81974674,36.68428019
2017,2017070201,51,야간,일,1,1,0,0,0,경기,포천시,차량단독,전도,전도,운전자법규위반,안전운전 의무 불이행,교차로,교차로내,승합차,승합차,없음,없음,980004  ,2009283 ,127.27198974,38.08344497
2017,2017070202,15,야간,일,1,2,0,1,0,대구,서구,차대차,측면충돌,측면충돌,운전자법규위반,신호위반,교차로,교차로내,이륜차,이륜차,승용차,승용차,1096693 ,1764497 ,128.57110114,35.87227806
2017,2017070213,55,주간,일,1,1,0,0,0,경북,군위군,차량단독,공작물충돌,공작물충돌,운전자법규위반,안전운전 의무 불이행,단일로,기타단일로,승용차,승용차,없음,없음,1084842 ,1807575 ,128.44447154,36.26170858
2017,2017070213,30,주간,일,1,1,0,0,0,서울,서초구,차대사람,횡단중,횡단중,운전자법규위반,안전운전 의무 불이행,단일로,기타단일로,승용차,승용차,보행자,보행자,959337  ,1942272 ,127.04009104,37.47878517
2017,2017070300,56,야간,월,1,1,0,0,0,서울,송파구,차대사람,횡단중,횡단중,운전자법규위반,안전운전 의무 불이행,교차로,교차로부근,승합차,승합차,보행자,보행자,967016  ,1941876 ,127.12695836,37.47552196
2017,2017070309,57,주간,월,1,1,0,0,0,경기,여주시,차대차,측면충돌,측면충돌,운전자법규위반,안전운전 의무 불이행,단일로,고가도로위,승합차,승합차,자전거,자전거,1010218 ,1934912 ,127.6154678,37.41328268
2017,2017070309,15,주간,월,1,3,0,2,0,충남,논산시,차대차,정면충돌,정면충돌,운전자법규위반,신호위반,교차로,교차로내,화물차,화물차,승합차,승합차,962673  ,1799941 ,127.08481471,36.19589251
2017,2017070309,50,주간,월,1,1,0,0,0,전북,진안군,차량단독,전도전복,전도전복,운전자법규위반,안전운전 의무 불이행,교차로,교차로부근,화물차,화물차,없음,없음,1007632 ,1761197 ,127.58451725,35.84727039
2017,2017070309,40,주간,월,1,1,0,0,0,제주,서귀포시,차대사람,횡단중,횡단중,운전자법규위반,기타(운전자법규위반),기타,기타,승용차,승용차,보행자,보행자,883717  ,1470878 ,126.25210326,33.22290938
2017,2017070310,50,주간,월,1,1,0,0,0,전북,익산시,차대차,측면충돌,측면충돌,운전자법규위반,신호위반,교차로,교차로내,원동기장치자전거,원동기장치자전거,화물차,화물차,948184  ,1773237 ,126.92541497,35.95447846
2017,2017070310,17,주간,월,1,4,1,2,0,경기,광주시,차대차,추돌,추돌,운전자법규위반,안전운전 의무 불이행,단일로,터널안,화물차,화물차,화물차,화물차,980127  ,1931876 ,127.27550878,37.38576003
2017,2017070311,20,주간,월,1,1,0,0,0,경기,수원시,차대사람,횡단중,횡단중,운전자법규위반,안전운전 의무 불이행,단일로,기타단일로,승용차,승용차,보행자,보행자,952940  ,1920332 ,126.96913777,37.28072605
2017,2017070312,12,주간,월,1,1,0,0,0,충남,서천군,차량단독,공작물충돌,공작물충돌,운전자법규위반,안전운전 의무 불이행,단일로,기타단일로,이륜차,이륜차,없음,없음,928540  ,1784474 ,126.7065855,36.05454037
2017,2017070313,05,주간,월,1,1,0,0,0,경북,의성군,차대차,측면충돌,측면충돌,운전자법규위반,신호위반,교차로,교차로내,건설기계,건설기계,승용차,승용차,1082127 ,1823569 ,128.41593771,36.40611791
2017,2017070313,51,주간,월,1,1,0,0,0,서울,종로구,차대사람,횡단중,횡단중,운전자법규위반,안전운전 의무 불이행,단일로,기타단일로,화물차,화물차,보행자,보행자,953362  ,1953332 ,126.97181226,37.57818924
2017,2017070318,43,야간,월,1,2,0,1,0,경남,양산시,차대차,측면충돌,측면충돌,운전자법규위반,신호위반,교차로,교차로내,원동기장치자전거,원동기장치자전거,화물차,화물차,1151191 ,1714060 ,129.16514534,35.41080933
2017,2017070320,00,야간,월,1,1,0,0,0,경남,양산시,차대차,측면충돌,측면충돌,운전자법규위반,중앙선 침범,단일로,기타단일로,화물차,화물차,승용차,승용차,1150785 ,1713591 ,129.1605888,35.40664377
2017,2017070322,00,야간,월,1,1,0,0,0,경북,청도군,차대사람,길가장자리구역통행중,길가장자리구역통행중,운전자법규위반,안전운전 의무 불이행,단일로,기타단일로,화물차,화물차,보행자,보행자,1097544 ,1737203 ,128.5772056,35.62614592
2017,2017070402,40,야간,화,1,1,0,0,0,경남,창원시(통합),차량단독,공작물충돌,공작물충돌,운전자법규위반,안전운전 의무 불이행,교차로,교차로내,승용차,승용차,없음,없음,1081565 ,1680215 ,128.39507542,35.11380332
2017,2017070407,35,주간,화,1,2,1,0,0,경남,밀양시,차대차,추돌,추돌,운전자법규위반,안전운전 의무 불이행,단일로,기타단일로,승용차,승용차,화물차,화물차,1114065 ,1717521 ,128.7568441,35.446954
2017,2017070408,36,주간,화,1,1,0,0,0,경남,양산시,차량단독,전도전복,전도전복,운전자법규위반,안전운전 의무 불이행,교차로,교차로부근,승합차,승합차,없음,없음,1150324 ,1710793 ,129.15499823,35.38149486
2017,2017070413,22,주간,화,1,1,0,0,0,경기,부천시,차대차,기타,기타,운전자법규위반,부당한 회전,교차로,교차로내,자전거,자전거,승용차,승용차,934389  ,1945090 ,126.75768899,37.50274843
2017,2017070414,12,주간,화,1,1,0,0,0,경기,수원시,차대사람,횡단중,횡단중,운전자법규위반,안전운전 의무 불이행,교차로,교차로내,승용차,승용차,보행자,보행자,958039  ,1921897 ,127.02656697,37.29507644
2017,2017070419,19,야간,화,1,1,0,0,0,경기,가평군,차대차,측면충돌,측면충돌,운전자법규위반,안전운전 의무 불이행,교차로,교차로내,화물차,화물차,화물차,화물차,1000631 ,1979678 ,127.50716921,37.81683677
2017,2017070422,55,야간,화,1,1,0,0,0,대구,북구,차대사람,횡단중,횡단중,운전자법규위반,보행자 보호의무 위반,단일로,기타단일로,승용차,승용차,보행자,보행자,1094624 ,1768746 ,128.54869063,35.91078322
2017,2017070500,15,야간,수,1,2,0,1,0,세종,세종,차대차,정면충돌,정면충돌,운전자법규위반,중앙선 침범,단일로,기타단일로,승용차,승용차,승합차,승합차,986302  ,1829143 ,127.34712324,36.45978381
2017,2017070502,00,야간,수,1,1,0,0,0,서울,노원구,차대사람,차도통행중,차도통행중,운전자법규위반,안전운전 의무 불이행,단일로,기타단일로,승용차,승용차,보행자,보행자,960753  ,1961749 ,127.05506294,37.65439833
2017,2017070502,35,야간,수,1,1,0,0,0,광주,북구,차대차,측면충돌,측면충돌,운전자법규위반,신호위반,교차로,교차로내,이륜차,이륜차,승용차,승용차,946268  ,1685933 ,126.90996742,35.16723157
2017,2017070503,28,야간,수,1,2,1,0,0,경기,이천시,차대차,정면충돌,정면충돌,운전자법규위반,중앙선 침범,단일로,기타단일로,승용차,승용차,승용차,승용차,1011398 ,1903938 ,127.6283275,37.13406959
2017,2017070504,10,야간,수,1,1,0,0,0,부산,북구,차량단독,공작물충돌,공작물충돌,운전자법규위반,안전운전 의무 불이행,단일로,기타단일로,승용차,승용차,없음,없음,1136998 ,1692145 ,129.00521611,35.21532466
2017,2017070509,35,주간,수,1,2,0,1,0,전북,정읍시,차대차,정면충돌,정면충돌,운전자법규위반,중앙선 침범,단일로,기타단일로,자전거,자전거,이륜차,이륜차,947697  ,1746011 ,126.92179844,35.70899007
2017,2017070510,50,주간,수,1,1,0,0,0,경기,포천시,차대사람,횡단중,횡단중,운전자법규위반,보행자 보호의무 위반,교차로,교차로내,승합차,승합차,보행자,보행자,973662  ,1989005 ,127.20041822,37.90052109
2017,2017070511,00,주간,수,1,1,0,0,0,전남,신안군,차대차,정면충돌,정면충돌,운전자법규위반,중앙선 침범,단일로,기타단일로,화물차,화물차,이륜차,이륜차,881915  ,1674543 ,126.2050481,35.05904912
2017,2017070512,20,주간,수,2,7,5,0,0,경북,영천시,차대차,추돌,추돌,운전자법규위반,안전운전 의무 불이행,단일로,기타단일로,화물차,화물차,승용차,승용차,1126139 ,1782068 ,128.89999922,36.02730062
2017,2017070512,25,주간,수,2,12,1,9,0,충북,청주시,차대사람,기타,기타,운전자법규위반,기타(운전자법규위반),교차로,교차로내,승합차,승합차,보행자,보행자,996453  ,1848574 ,127.46032416,36.63504784
2017,2017070517,49,주간,수,2,3,1,0,0,전남,완도군,차대차,정면충돌,정면충돌,운전자법규위반,중앙선 침범,단일로,기타단일로,화물차,화물차,화물차,화물차,937394  ,1601060 ,126.81884827,34.40140801
2017,2017070517,30,주간,수,1,1,0,0,0,경기,시흥시,차대차,측면충돌,측면충돌,운전자법규위반,신호위반,단일로,기타단일로,화물차,화물차,이륜차,이륜차,930855  ,1924607 ,126.71962675,37.31787788
2017,2017070518,30,야간,수,1,2,0,1,0,충남,천안시,차대차,추돌,추돌,운전자법규위반,안전운전 의무 불이행,단일로,기타단일로,화물차,화물차,화물차,화물차,982518  ,1858911 ,127.30077122,36.72949741
2017,2017070518,55,야간,수,1,1,0,0,0,강원,양양군,차량단독,전도전복,전도전복,운전자법규위반,안전운전 의무 불이행,단일로,기타단일로,건설기계,건설기계,없음,없음,1095579 ,2007330 ,128.58951963,38.06101446
2017,2017070521,38,야간,수,1,1,0,0,0,울산,울주군,차대사람,횡단중,횡단중,운전자법규위반,신호위반,교차로,교차로부근,승용차,승용차,보행자,보행자,1158629 ,1727753 ,129.24970289,35.5330609
2017,2017070522,40,야간,수,1,1,0,0,0,경기,평택시,차대사람,횡단중,횡단중,운전자법규위반,안전운전 의무 불이행,단일로,기타단일로,승합차,승합차,보행자,보행자,958302  ,1904091 ,127.0305298,37.13458858
2017,2017070522,42,야간,수,1,1,0,0,0,서울,구로구,차대사람,횡단중,횡단중,운전자법규위반,안전운전 의무 불이행,단일로,기타단일로,화물차,화물차,보행자,보행자,942274  ,1944453 ,126.84694279,37.49753399
2017,2017070523,50,야간,수,1,1,0,0,0,경기,남양주시,차대사람,횡단중,횡단중,운전자법규위반,안전운전 의무 불이행,교차로,교차로횡단보도내,승용차,승용차,보행자,보행자,972930  ,1969785 ,127.19281081,37.72726867
2017,2017070523,40,야간,수,1,2,0,1,0,인천,옹진군,차량단독,공작물충돌,공작물충돌,운전자법규위반,안전운전 의무 불이행,단일로,기타단일로,승용차,승용차,없음,없음,906498  ,1947253 ,126.44190199,37.51983746
2017,2017070523,05,야간,수,1,1,0,0,0,충남,아산시,차대사람,횡단중,횡단중,운전자법규위반,안전운전 의무 불이행,단일로,기타단일로,승용차,승용차,보행자,보행자,957237  ,1863915 ,127.02081376,36.77238667
2017,2017070601,10,야간,목,1,2,0,1,0,경남,함양군,차대차,추돌,추돌,운전자법규위반,안전운전 의무 불이행,단일로,기타단일로,화물차,화물차,화물차,화물차,1018465 ,1738722 ,127.70396449,35.64448549
2017,2017070604,25,야간,목,1,2,0,1,0,경기,용인시,차대차,기타,기타,운전자법규위반,안전운전 의무 불이행,기타,기타,화물차,화물차,화물차,화물차,966569  ,1899065 ,127.13776671,37.03967337
2017,2017070605,30,야간,목,1,1,0,0,0,경남,김해시,차대차,측면충돌,측면충돌,운전자법규위반,과속,교차로,교차로내,화물차,화물차,원동기장치자전거,원동기장치자전거,1124568 ,1687384 ,128.86796259,35.17402711
2017,2017070611,25,주간,목,1,1,0,0,0,충북,괴산군,차대차,추돌,추돌,운전자법규위반,안전운전 의무 불이행,단일로,기타단일로,화물차,화물차,농기계,농기계,1021521 ,1873012 ,127.74141654,36.8551134
2017,2017070612,25,주간,목,1,1,0,0,0,경기,안성시,차대차,추돌,추돌,운전자법규위반,안전운전 의무 불이행,단일로,기타단일로,화물차,화물차,화물차,화물차,985170  ,1886972 ,127.3333673,36.98108479
2017,2017070613,25,주간,목,1,1,0,0,0,충남,공주시,차대차,기타,기타,운전자법규위반,직진 및 우회전차의 통행방해,교차로,교차로내,승용차,승용차,승용차,승용차,949721  ,1831734 ,126.93870325,36.48192006
2017,2017070615,30,주간,목,1,3,0,2,0,전북,군산시,차대차,정면충돌,정면충돌,운전자법규위반,중앙선 침범,단일로,기타단일로,승용차,승용차,원동기장치자전거,원동기장치자전거,939163  ,1781086 ,126.82478459,36.02471924
2017,2017070616,05,주간,목,1,1,0,0,0,경기,군포시,차대사람,횡단중,횡단중,운전자법규위반,보행자 보호의무 위반,교차로,교차로횡단보도내,승합차,승합차,보행자,보행자,950580  ,1929867 ,126.94188156,37.36654747
2017,2017070620,20,야간,목,1,1,0,0,0,경기,화성시,차대사람,횡단중,횡단중,운전자법규위반,과속,단일로,기타단일로,승용차,승용차,보행자,보행자,942763  ,1916021 ,126.85467338,37.24129855
2017,2017070621,35,야간,목,1,1,0,0,0,서울,서대문구,차대차,측면충돌,측면충돌,운전자법규위반,신호위반,교차로,교차로내,승합차,승합차,이륜차,이륜차,947556  ,1952942 ,126.90608874,37.57436163