발생년,발생년월일시,발생분,주야,요일,사망자수,사상자수,중상자수,경상자수,부상신고자수,발생지시도,발생지시군구,사고유형_대분류,사고유형_중분류,사고유형,법규위반_대분류,법규위반,도로형태_대분류,도로형태,당사자종별_1당_대분류,당사자종별_1당,당사자종별_2당_대분류,당사자종별_2당,발생위치X_UTMK,발생위치Y_UTMK,경도,위도
2017,2017071719,30,야간,월,1,1,0,0,0,울산,남구,차대차,측면충돌,측면충돌,운전자법규위반,안전거리 미확보,교차로,교차로부근,승용차,승용차,승용차,승용차,1168840 ,1723408 ,129.36137599,35.49221789
2017,2017071719,46,야간,월,2,2,0,0,0,충남,공주시,차량단독,전도전복,전도전복,운전자법규위반,안전운전 의무 불이행,단일로,기타단일로,승용차,승용차,없음,없음,957509  ,1833031 ,127.02557146,36.49398966
2017,2017071721,10,야간,월,2,2,0,0,0,경기,이천시,차대차,정면충돌,정면충돌,운전자법규위반,안전운전 의무 불이행,단일로,기타단일로,승용차,승용차,원동기장치자전거,원동기장치자전거,993650  ,1924278 ,127.42833345,37.31746385
2017,2017071801,15,야간,화,1,1,0,0,0,강원,양양군,차대사람,횡단중,횡단중,운전자법규위반,안전운전 의무 불이행,교차로,교차로내,승용차,승용차,보행자,보행자,1098939 ,2011264 ,128.6283587,38.09610262
2017,2017071803,50,야간,화,1,1,0,0,0,전남,담양군,차량단독,공작물충돌,공작물충돌,운전자법규위반,안전운전 의무 불이행,단일로,기타단일로,승용차,승용차,없음,없음,956441  ,1704744 ,127.02067614,35.33733823
2017,2017071804,20,야간,화,1,1,0,0,0,경북,경산시,차대차,기타,기타,운전자법규위반,안전운전 의무 불이행,단일로,기타단일로,승용차,승용차,농기계,농기계,1111306 ,1760429 ,128.73237522,35.83405662
2017,2017071810,25,주간,화,1,1,0,0,0,경기,안성시,차대차,기타,기타,운전자법규위반,안전운전 의무 불이행,교차로,교차로내,화물차,화물차,농기계,농기계,971789  ,1892785 ,127.18279978,37.03317857
2017,2017071811,10,주간,화,1,2,0,1,0,경북,경산시,차대차,정면충돌,정면충돌,운전자법규위반,안전운전 의무 불이행,교차로,교차로내,이륜차,이륜차,승용차,승용차,1118511 ,1760591 ,128.81215452,35.83467245
2017,2017071812,10,주간,화,1,1,0,0,0,충북,옥천군,차대차,측면충돌,측면충돌,운전자법규위반,안전운전 의무 불이행,교차로,교차로내,원동기장치자전거,원동기장치자전거,승용차,승용차,1005985 ,1811649 ,127.56666104,36.30214826
2017,2017071812,13,주간,화,1,2,1,0,0,서울,서초구,차대사람,횡단중,횡단중,운전자법규위반,보행자 보호의무 위반,단일로,기타단일로,승용차,승용차,보행자,보행자,955344  ,1944813 ,126.99477648,37.50150363
2017,2017071812,00,주간,화,1,1,0,0,0,경남,창녕군,차대차,측면충돌,측면충돌,운전자법규위반,안전운전 의무 불이행,단일로,기타단일로,화물차,화물차,이륜차,이륜차,1091747 ,1721950 ,128.51146777,35.4891925
2017,2017071814,40,주간,화,1,1,0,0,0,충북,청주시,차대차,측면충돌,측면충돌,운전자법규위반,안전운전 의무 불이행,단일로,기타단일로,승용차,승용차,화물차,화물차,993750  ,1831123 ,127.43023069,36.47771148
2017,2017071816,20,주간,화,1,1,0,0,0,경기,안양시,차대사람,보도통행중,보도통행중,운전자법규위반,안전운전 의무 불이행,단일로,기타단일로,자전거,자전거,보행자,보행자,951576  ,1932101 ,126.95298307,37.38673605
2017,2017071817,40,주간,화,1,3,0,2,0,충북,청주시,차대차,측면충돌,측면충돌,운전자법규위반,신호위반,교차로,교차로내,이륜차,이륜차,승용차,승용차,993492  ,1857696 ,127.42712567,36.71726626
2017,2017071817,30,주간,화,1,1,0,0,0,경남,거제시,차대차,측면충돌,측면충돌,운전자법규위반,중앙선 침범,기타,기타,화물차,화물차,이륜차,이륜차,1105510 ,1658586 ,128.65505477,34.91658059
2017,2017071818,00,야간,화,1,2,0,1,0,경기,양평군,차량단독,공작물충돌,공작물충돌,운전자법규위반,안전운전 의무 불이행,단일로,교량위,이륜차,이륜차,없음,없음,982950  ,1948316 ,127.30701759,37.53400112
2017,2017071819,50,야간,화,1,1,0,0,0,경기,군포시,차대사람,기타,기타,운전자법규위반,안전운전 의무 불이행,교차로,교차로횡단보도내,화물차,화물차,보행자,보행자,950111  ,1926311 ,126.93682468,37.3344705
2017,2017071902,34,야간,수,1,1,0,0,0,강원,춘천시,차대사람,차도통행중,차도통행중,운전자법규위반,안전운전 의무 불이행,단일로,기타단일로,화물차,화물차,보행자,보행자,1022755 ,1982877 ,127.7613163,37.84434996
2017,2017071905,45,야간,수,1,1,0,0,0,경남,창원시(통합),차량단독,전도전복,전도전복,운전자법규위반,안전운전 의무 불이행,단일로,기타단일로,화물차,화물차,없음,없음,1105399 ,1697775 ,128.65882809,35.26989903
2017,2017071910,20,주간,수,1,2,0,1,0,전북,완주군,차대차,측면충돌,측면충돌,운전자법규위반,신호위반,교차로,교차로내,승용차,승용차,화물차,화물차,965830  ,1774517 ,127.12103061,35.96679596
2017,2017071915,45,주간,수,1,1,0,0,0,전남,진도군,차대사람,횡단중,횡단중,운전자법규위반,보행자 보호의무 위반,교차로,교차로횡단보도내,화물차,화물차,보행자,보행자,887940  ,1604199 ,126.2804629,34.42553186
2017,2017071917,40,주간,수,1,1,0,0,0,경기,남양주시,차대차,측면충돌,측면충돌,운전자법규위반,부당한 회전,단일로,기타단일로,사륜오토바이(ATV),사륜오토바이(ATV),화물차,화물차,971687  ,1966813 ,127.17882115,37.70044385
2017,2017071917,20,주간,수,1,1,0,0,0,경남,창원시(통합),차대차,측면충돌,측면충돌,운전자법규위반,안전운전 의무 불이행,단일로,기타단일로,승용차,승용차,원동기장치자전거,원동기장치자전거,1090673 ,1681106 ,128.49510946,35.12105733
2017,2017071919,06,야간,수,1,1,0,0,0,강원,원주시,차량단독,전도전복,전도전복,운전자법규위반,안전운전 의무 불이행,단일로,기타단일로,사륜오토바이(ATV),사륜오토바이(ATV),없음,없음,1029725 ,1920229 ,127.8353139,37.28051306
2017,2017071920,50,야간,수,1,2,1,0,0,경남,창녕군,차대차,기타,기타,운전자법규위반,안전운전 의무 불이행,단일로,기타단일로,승용차,승용차,이륜차,이륜차,1091614 ,1722492 ,128.51006286,35.49409108
2017,2017072000,18,야간,목,1,1,0,0,0,경기,평택시,차대사람,횡단중,횡단중,운전자법규위반,과속,교차로,교차로횡단보도내,승용차,승용차,보행자,보행자,965623  ,1888543 ,127.11366513,36.99473474
2017,2017072000,35,야간,목,1,1,0,0,0,서울,도봉구,차대차,측면충돌,측면충돌,운전자법규위반,안전운전 의무 불이행,교차로,교차로부근,승용차,승용차,자전거,자전거,959420  ,1963582 ,127.0398494,37.67086143
2017,2017072000,10,야간,목,1,1,0,0,0,충북,청주시,차대차,기타,기타,운전자법규위반,중앙선 침범,교차로,교차로횡단보도내,자전거,자전거,승용차,승용차,1000107 ,1852758 ,127.50119746,36.67277302
2017,2017072003,17,야간,목,1,1,0,0,0,강원,춘천시,차대사람,횡단중,횡단중,운전자법규위반,보행자 보호의무 위반,교차로,교차로부근,화물차,화물차,보행자,보행자,1021240 ,1987837 ,127.74156067,37.89012723
2017,2017072005,40,야간,목,1,1,0,0,0,전북,고창군,차대사람,길가장자리구역통행중,길가장자리구역통행중,운전자법규위반,안전운전 의무 불이행,단일로,기타단일로,화물차,화물차,보행자,보행자,912062  ,1723711 ,126.53032841,35.50541329
2017,2017072008,45,주간,목,1,1,0,0,0,경기,용인시,차대사람,횡단중,횡단중,운전자법규위반,안전운전 의무 불이행,교차로,교차로내,승용차,승용차,보행자,보행자,965613  ,1901971 ,127.11293845,37.11577624
2017,2017072008,00,주간,목,1,1,0,0,0,전남,해남군,차량단독,전도전복,전도전복,운전자법규위반,안전운전 의무 불이행,단일로,기타단일로,농기계,농기계,없음,없음,911214  ,1591935 ,126.53518852,34.31714993
2017,2017072010,10,주간,목,1,1,0,0,0,경남,밀양시,차대차,추돌,추돌,운전자법규위반,안전거리 미확보,단일로,기타단일로,화물차,화물차,화물차,화물차,1115821 ,1721585 ,128.77676756,35.48338598
2017,2017072012,30,주간,목,1,1,0,0,0,경북,예천군,차량단독,전도,전도,운전자법규위반,안전운전 의무 불이행,단일로,기타단일로,건설기계,건설기계,없음,없음,1076199 ,1841016 ,128.35155089,36.56387766
2017,2017072017,23,주간,목,1,1,0,0,0,전북,장수군,차량단독,전도전복,전도전복,운전자법규위반,안전운전 의무 불이행,단일로,기타단일로,건설기계,건설기계,없음,없음,1000972 ,1750339 ,127.51217706,35.74585767
2017,2017072018,50,야간,목,1,2,1,0,0,충남,천안시,차대차,정면충돌,정면충돌,운전자법규위반,중앙선 침범,단일로,기타단일로,승용차,승용차,승용차,승용차,983771  ,1861960 ,127.31818301,36.7555889
2017,2017072021,40,야간,목,1,3,1,0,1,경기,화성시,차대차,추돌,추돌,운전자법규위반,안전운전 의무 불이행,단일로,기타단일로,승용차,승용차,화물차,화물차,952784  ,1910146 ,126.9680236,37.18890479
2017,2017072021,20,야간,목,1,1,0,0,0,경북,구미시,차량단독,전도전복,전도전복,운전자법규위반,안전운전 의무 불이행,단일로,기타단일로,이륜차,이륜차,없음,없음,1076529 ,1804458 ,128.35163497,36.23430507
2017,2017072022,45,야간,목,1,2,1,0,0,대구,북구,차대차,측면충돌,측면충돌,운전자법규위반,신호위반,교차로,교차로내,화물차,화물차,화물차,화물차,1098945 ,1767815 ,128.59645554,35.90196304
2017,2017072022,40,야간,목,1,1,0,0,0,광주,서구,차대사람,횡단중,횡단중,운전자법규위반,안전운전 의무 불이행,교차로,교차로횡단보도내,승용차,승용차,보행자,보행자,944046  ,1683048 ,126.88576435,35.14109712
2017,2017072100,21,야간,금,1,1,0,0,0,경남,하동군,차량단독,전도전복,전도전복,운전자법규위반,안전운전 의무 불이행,단일로,기타단일로,화물차,화물차,없음,없음,1028400 ,1666796 ,127.81121045,34.99570517
2017,2017072101,00,야간,금,1,3,2,0,0,경기,평택시,차량단독,전도전복,전도전복,운전자법규위반,안전운전 의무 불이행,단일로,기타단일로,승용차,승용차,없음,없음,961995  ,1892510 ,127.07269385,37.03035421
2017,2017072105,09,야간,금,1,2,0,1,0,경북,군위군,차량단독,공작물충돌,공작물충돌,운전자법규위반,안전운전 의무 불이행,단일로,기타단일로,화물차,화물차,없음,없음,1095890 ,1806849 ,128.56735205,36.25413014
2017,2017072108,40,주간,금,1,1,0,0,0,전남,고흥군,차대사람,횡단중,횡단중,운전자법규위반,안전운전 의무 불이행,단일로,기타단일로,건설기계,건설기계,보행자,보행자,965968  ,1608878 ,127.12941343,34.47324728
2017,2017072109,10,주간,금,1,1,0,0,0,전북,정읍시,차대사람,횡단중,횡단중,운전자법규위반,과속,단일로,기타단일로,화물차,화물차,보행자,보행자,946003  ,1743331 ,126.90325248,35.68473601
2017,2017072110,08,주간,금,1,1,0,0,0,경기,파주시,차대사람,횡단중,횡단중,운전자법규위반,보행자 보호의무 위반,교차로,교차로횡단보도내,승합차,승합차,보행자,보행자,933860  ,1969575 ,126.74948984,37.72338713
2017,2017072112,40,주간,금,1,1,0,0,0,경북,문경시,차량단독,공작물충돌,공작물충돌,운전자법규위반,안전운전 의무 불이행,단일로,기타단일로,화물차,화물차,없음,없음,1058612 ,1847719 ,128.15553423,36.6255433
2017,2017072121,55,야간,금,1,1,0,0,0,대구,북구,차대사람,기타,기타,운전자법규위반,안전운전 의무 불이행,단일로,기타단일로,자전거,자전거,보행자,보행자,1100766 ,1770151 ,128.61692745,35.92283465
2017,2017072123,50,야간,금,1,1,0,0,0,경기,수원시,차대차,정면충돌,정면충돌,운전자법규위반,신호위반,교차로,교차로내,승용차,승용차,승합차,승합차,950577  ,1918875 ,126.94257981,37.26747072
2017,2017072201,25,야간,토,1,3,2,0,0,경기,김포시,차대차,측면충돌,측면충돌,운전자법규위반,안전운전 의무 불이행,교차로,교차로내,승용차,승용차,특수차,특수차,922861  ,1960724 ,126.62563023,37.6427584
2017,2017072201,44,야간,토,1,1,0,0,0,경기,화성시,차량단독,전도전복,전도전복,운전자법규위반,안전운전 의무 불이행,단일로,기타단일로,개인형이동수단(PM),개인형이동수단(PM),없음,없음,947402  ,1901345 ,126.90800682,37.10928726
2017,2017072203,27,야간,토,1,2,0,1,0,서울,용산구,차대사람,기타,기타,운전자법규위반,안전운전 의무 불이행,단일로,기타단일로,승용차,승용차,보행자,보행자,954630  ,1948816 ,126.98645159,37.53754894
2017,2017072203,00,야간,토,1,1,0,0,0,서울,서초구,차대사람,횡단중,횡단중,운전자법규위반,안전운전 의무 불이행,단일로,기타단일로,승용차,승용차,보행자,보행자,957842  ,1945085 ,127.02302152,37.50407275
2017,2017072207,50,주간,토,1,1,0,0,0,전남,영암군,차량단독,전도전복,전도전복,운전자법규위반,안전운전 의무 불이행,단일로,기타단일로,원동기장치자전거,원동기장치자전거,없음,없음,918544  ,1651874 ,126.60889395,34.85827934
2017,2017072208,30,주간,토,1,1,0,0,0,경남,통영시,차대사람,기타,기타,운전자법규위반,안전운전 의무 불이행,교차로,교차로부근,건설기계,건설기계,보행자,보행자,1081620 ,1656885 ,128.39338877,34.90344796
2017,2017072210,35,주간,토,1,1,0,0,0,전남,영암군,차량단독,전도,전도,운전자법규위반,안전운전 의무 불이행,단일로,기타단일로,자전거,자전거,없음,없음,913497  ,1635706 ,126.55640821,34.71238066
2017,2017072212,50,주간,토,1,2,0,0,1,인천,옹진군,차량단독,공작물충돌,공작물충돌,운전자법규위반,안전운전 의무 불이행,교차로,교차로부근,자전거,자전거,없음,없음,894639  ,1917454 ,126.31197195,37.25001366
2017,2017072212,10,주간,토,1,4,1,2,0,서울,도봉구,차대차,추돌,추돌,운전자법규위반,안전운전 의무 불이행,단일로,기타단일로,승용차,승용차,승용차,승용차,958084  ,1961514 ,127.02481933,37.65216224
2017,2017072220,00,야간,토,1,1,0,0,0,강원,영월군,차대사람,기타,기타,운전자법규위반,안전운전 의무 불이행,단일로,기타단일로,승용차,승용차,보행자,보행자,1077816 ,1913301 ,128.37704193,37.21529152
2017,2017072220,26,야간,토,1,1,0,0,0,서울,서초구,차대사람,횡단중,횡단중,운전자법규위반,안전운전 의무 불이행,단일로,기타단일로,승용차,승용차,보행자,보행자,956336  ,1944106 ,127.00604124,37.49517867
2017,2017072223,13,야간,토,1,3,2,0,0,강원,삼척시,차대차,추돌,추돌,운전자법규위반,과속,단일로,기타단일로,승용차,승용차,승합차,승합차,1151609 ,1934094 ,129.21273064,37.39355961
2017,2017072300,59,야간,일,1,1,0,0,0,제주,서귀포시,차대사람,횡단중,횡단중,운전자법규위반,안전운전 의무 불이행,교차로,교차로내,승용차,승용차,보행자,보행자,944341  ,1498189 ,126.90096047,33.47406224
2017,2017072309,00,주간,일,1,7,2,4,0,강원,인제군,차대차,기타,기타,운전자법규위반,과속,단일로,기타단일로,승합차,승합차,승합차,승합차,1059949 ,2008483 ,128.18349904,38.07446846
2017,2017072309,45,주간,일,1,1,0,0,0,경북,의성군,차대차,측면충돌,측면충돌,운전자법규위반,앞지르기 금지위반,교차로,교차로내,특수차,특수차,이륜차,이륜차,1083518 ,1819013 ,128.43095953,36.36492938
2017,2017072309,20,주간,일,1,1,0,0,0,충북,영동군,차량단독,도로이탈,도로이탈 기타,운전자법규위반,안전운전 의무 불이행,단일로,기타단일로,승용차,승용차,없음,없음,1011750 ,1797754 ,127.63066296,36.17682402
2017,2017072311,00,주간,일,1,3,0,2,0,서울,송파구,차대차,정면충돌,정면충돌,운전자법규위반,신호위반,교차로,교차로내,승용차,승용차,승용차,승용차,967917  ,1941806 ,127.13715133,37.47492275
2017,2017072314,36,주간,일,1,3,1,0,1,강원,양구군,차량단독,전도,전도,운전자법규위반,과속,단일로,터널안,승용차,승용차,없음,없음,1044858 ,2011815 ,128.0115995,38.10547993
2017,2017072317,32,주간,일,2,4,1,1,0,서울,은평구,차대차,기타,기타,운전자법규위반,신호위반,교차로,교차로내,이륜차,이륜차,승용차,승용차,949808  ,1956754 ,126.93132936,37.60884505
2017,2017072319,00,야간,일,1,1,0,0,0,전북,고창군,차대사람,기타,기타,운전자법규위반,부당한 회전,교차로,교차로내,화물차,화물차,보행자,보행자,918915  ,1718901 ,126.60636644,35.46263184
2017,2017072321,00,야간,일,2,2,0,0,0,충남,보령시,차대사람,길가장자리구역통행중,길가장자리구역통행중,운전자법규위반,안전운전 의무 불이행,단일로,기타단일로,승용차,승용차,보행자,보행자,915228  ,1832610 ,126.55357755,36.48738395
2017,2017072323,40,야간,일,1,2,0,1,0,충남,천안시,차량단독,공작물충돌,공작물충돌,운전자법규위반,안전운전 의무 불이행,단일로,기타단일로,승용차,승용차,없음,없음,964335  ,1866731 ,127.10021752,36.79806538
2017,2017072401,50,야간,월,1,1,0,0,0,경기,고양시,차량단독,전도전복,전도전복,운전자법규위반,안전운전 의무 불이행,단일로,기타단일로,승용차,승용차,없음,없음,940069  ,1956947 ,126.82097812,37.61000126
2017,2017072403,15,야간,월,1,1,0,0,0,경기,성남시,차대사람,횡단중,횡단중,운전자법규위반,안전운전 의무 불이행,교차로,교차로부근,승용차,승용차,보행자,보행자,966994  ,1938879 ,127.12684382,37.44850762
2017,2017072408,10,주간,월,1,1,0,0,0,전남,여수시,차량단독,기타,기타,운전자법규위반,기타(운전자법규위반),단일로,기타단일로,화물차,화물차,없음,없음,1027097 ,1623177 ,127.79552521,34.6024014
2017,2017072410,54,주간,월,1,1,0,0,0,경기,연천군,차대사람,횡단중,횡단중,운전자법규위반,안전운전 의무 불이행,교차로,교차로내,화물차,화물차,보행자,보행자,962067  ,2002844 ,127.06780331,38.02483831
2017,2017072410,38,주간,월,1,1,0,0,0,전남,여수시,차대사람,횡단중,횡단중,운전자법규위반,안전운전 의무 불이행,교차로,교차로내,승용차,승용차,보행자,보행자,1015839 ,1640790 ,127.67308063,34.76145796
2017,2017072414,50,주간,월,1,1,0,0,0,대구,동구,차량단독,기타,기타,운전자법규위반,안전운전 의무 불이행,단일로,기타단일로,화물차,화물차,없음,없음,1112634 ,1764492 ,128.74764938,35.87052894
2017,2017072414,10,주간,월,1,1,0,0,0,울산,중구,차대사람,횡단중,횡단중,운전자법규위반,보행자 보호의무 위반,교차로,교차로횡단보도내,화물차,화물차,보행자,보행자,1165000 ,1730305 ,129.3204648,35.55501988
2017,2017072415,30,주간,월,1,1,0,0,0,강원,강릉시,차량단독,전도,전도,운전자법규위반,안전운전 의무 불이행,단일로,기타단일로,이륜차,이륜차,없음,없음,1127405 ,1954335 ,128.94288837,37.57959194
2017,2017072416,30,주간,월,1,1,0,0,0,부산,사상구,차대사람,횡단중,횡단중,운전자법규위반,안전운전 의무 불이행,교차로,교차로부근,화물차,화물차,보행자,보행자,1134785 ,1689365 ,128.98045396,35.19056704
2017,2017072422,18,야간,월,1,1,0,0,0,대구,달서구,차대사람,횡단중,횡단중,운전자법규위반,안전운전 의무 불이행,교차로,교차로횡단보도내,화물차,화물차,보행자,보행자,1089548 ,1762593 ,128.49175074,35.85579348
2017,2017072423,20,야간,월,1,1,0,0,0,경기,화성시,차량단독,공작물충돌,공작물충돌,운전자법규위반,안전운전 의무 불이행,단일로,기타단일로,승용차,승용차,없음,없음,958311  ,1912832 ,127.03014349,37.21337914
2017,2017072500,25,야간,화,1,1,0,0,0,경기,수원시,차대사람,횡단중,횡단중,운전자법규위반,과속,교차로,교차로부근,승용차,승용차,보행자,보행자,950869  ,1919591 ,126.94582571,37.27393992
2017,2017072504,00,야간,화,1,1,0,0,0,충남,서산시,차량단독,공작물충돌,공작물충돌,운전자법규위반,안전운전 의무 불이행,교차로,교차로부근,승용차,승용차,없음,없음,905803  ,1880022 ,126.44253087,36.91384417
2017,2017072505,05,야간,화,1,2,1,0,0,부산,사상구,차대차,측면충돌,측면충돌,운전자법규위반,중앙선 침범,단일로,기타단일로,이륜차,이륜차,승용차,승용차,1135755 ,1688901 ,128.99102861,35.186252
2017,2017072505,00,야간,화,1,1,0,0,0,경남,산청군,차량단독,전도전복,전도전복,운전자법규위반,안전운전 의무 불이행,단일로,기타단일로,화물차,화물차,없음,없음,1044535 ,1699099 ,127.98975652,35.2863962
2017,2017072506,40,주간,화,1,1,0,0,0,인천,남구,차대차,정면충돌,정면충돌,운전자법규위반,중앙선 침범,단일로,기타단일로,기타,기타,승용차,승용차,924082  ,1940080 ,126.64160533,37.45680459
2017,2017072512,35,주간,화,1,1,0,0,0,경북,경주시,차대사람,횡단중,횡단중,운전자법규위반,안전운전 의무 불이행,단일로,기타단일로,화물차,화물차,보행자,보행자,1153623 ,1764802 ,129.20158948,35.86775051
2017,2017072514,35,주간,화,1,1,0,0,0,서울,양천구,차대사람,차도통행중,차도통행중,운전자법규위반,안전운전 의무 불이행,단일로,기타단일로,승용차,승용차,보행자,보행자,942847  ,1946209 ,126.85328828,37.51339661
2017,2017072519,40,야간,화,1,1,0,0,0,경북,의성군,차대차,측면충돌,측면충돌,운전자법규위반,안전운전 의무 불이행,교차로,교차로내,승용차,승용차,원동기장치자전거,원동기장치자전거,1107623 ,1817696 ,128.69942408,36.35066319
2017,2017072520,05,야간,화,1,1,0,0,0,경남,창녕군,차대차,추돌,추돌,운전자법규위반,안전운전 의무 불이행,단일로,기타단일로,특수차,특수차,이륜차,이륜차,1091830 ,1714382 ,128.51152828,35.42095664
2017,2017072521,35,야간,화,1,1,0,0,0,서울,강서구,차대사람,기타,기타,운전자법규위반,안전운전 의무 불이행,단일로,기타단일로,자전거,자전거,보행자,보행자,944374  ,1951189 ,126.87018861,37.55837502
2017,2017072521,55,야간,화,1,1,0,0,0,충남,금산군,차대차,기타,기타,운전자법규위반,안전운전 의무 불이행,단일로,기타단일로,승용차,승용차,자전거,자전거,999780  ,1792079 ,127.49755513,36.1257311
2017,2017072522,55,야간,화,1,1,0,0,0,경북,상주시,차대차,추돌,추돌,운전자법규위반,안전거리 미확보,단일로,기타단일로,화물차,화물차,화물차,화물차,1067451 ,1822735 ,128.25220236,36.39974292
2017,2017072522,00,야간,화,1,1,0,0,0,경북,칠곡군,차대차,추돌,추돌,운전자법규위반,안전운전 의무 불이행,단일로,기타단일로,승용차,승용차,이륜차,이륜차,1089443 ,1771068 ,128.49154031,35.93220309
2017,2017072604,29,야간,수,1,1,0,0,0,서울,영등포구,차대사람,길가장자리구역통행중,길가장자리구역통행중,운전자법규위반,안전운전 의무 불이행,단일로,기타단일로,화물차,화물차,보행자,보행자,947089  ,1948596 ,126.90111394,37.53516402
2017,2017072604,47,야간,수,1,1,0,0,0,서울,성북구,차대사람,기타,기타,운전자법규위반,안전운전 의무 불이행,단일로,기타단일로,승용차,승용차,보행자,보행자,957811  ,1955829 ,127.02205278,37.60090993
2017,2017072605,09,야간,수,1,2,0,1,0,충남,서천군,차대차,추돌,추돌,운전자법규위반,안전운전 의무 불이행,단일로,기타단일로,승용차,승용차,화물차,화물차,921375  ,1793024 ,126.62618818,36.13106366
2017,2017072609,10,주간,수,1,2,1,0,0,경기,남양주시,차대차,기타,기타,운전자법규위반,과속,단일로,기타단일로,승용차,승용차,화물차,화물차,966038  ,1964024 ,127.11487088,37.67511415
2017,2017072613,15,주간,수,2,4,0,2,0,경북,경주시,차대차,측면충돌,측면충돌,운전자법규위반,안전운전 의무 불이행,단일로,기타단일로,승합차,승합차,화물차,화물차,1155503 ,1778406 ,129.22506652,35.9900525
2017,2017072614,18,주간,수,1,1,0,0,0,충남,당진시,차량단독,공작물충돌,공작물충돌,운전자법규위반,안전운전 의무 불이행,단일로,기타단일로,승용차,승용차,없음,없음,924758  ,1870893 ,126.65620443,36.83326218
2017,2017072616,30,주간,수,1,1,0,0,0,강원,영월군,차대차,측면충돌,측면충돌,운전자법규위반,중앙선 침범,단일로,기타단일로,화물차,화물차,승용차,승용차,1099474 ,1903127 ,128.6197513,37.12154013
2017,2017072617,35,주간,수,1,2,1,0,0,제주,서귀포시,차대차,측면충돌,측면충돌,운전자법규위반,안전운전 의무 불이행,단일로,기타단일로,화물차,화물차,승용차,승용차,923097  ,1482352 ,126.67368938,33.32991489
2017,2017072619,44,야간,수,1,1,0,0,0,전남,해남군,차량단독,전도전복,전도전복,운전자법규위반,안전운전 의무 불이행,단일로,기타단일로,농기계,농기계,없음,없음,909270  ,1621024 ,126.51071678,34.5793412
2017,2017072619,20,야간,수,1,1,0,0,0,전북,익산시,차대사람,횡단중,횡단중,운전자법규위반,안전운전 의무 불이행,교차로,교차로내,승용차,승용차,보행자,보행자,945601  ,1779828 ,126.89602058,36.01388357
2017,2017072621,48,야간,수,1,2,0,1,0,전남,강진군,차대차,정면충돌,정면충돌,운전자법규위반,중앙선 침범,단일로,기타단일로,승용차,승용차,승용차,승용차,925699  ,1620154 ,126.69103839,34.57265287
2017,2017072623,08,야간,수,1,1,0,0,0,강원,강릉시,차대사람,횡단중,횡단중,운전자법규위반,안전운전 의무 불이행,교차로,교차로부근,승용차,승용차,보행자,보행자,1118283 ,1982747 ,128.84410063,37.83698535
2017,2017072702,24,야간,목,1,1,0,0,0,경북,김천시,차대사람,횡단중,횡단중,운전자법규위반,안전운전 의무 불이행,단일로,기타단일로,승용차,승용차,보행자,보행자,1069016 ,1795788 ,128.26727246,36.15671231
2017,2017072704,47,야간,목,1,1,0,0,0,부산,사상구,차량단독,주/정차차량 충돌,주/정차차량 충돌,운전자법규위반,안전운전 의무 불이행,단일로,기타단일로,승용차,승용차,승합차,승합차,1135940 ,1683691 ,128.99217978,35.13926542
2017,2017072706,28,주간,목,1,1,0,0,0,인천,남동구,차량단독,전도,전도,운전자법규위반,안전운전 의무 불이행,단일로,기타단일로,화물차,화물차,없음,없음,933125  ,1938669 ,126.74397263,37.44478574
2017,2017072707,10,주간,목,2,3,1,0,0,충북,단양군,차대차,정면충돌,정면충돌,운전자법규위반,중앙선 침범,단일로,기타단일로,화물차,화물차,건설기계,건설기계,1076246 ,1889232 ,128.35690113,36.99848122
2017,2017072713,35,주간,목,1,1,0,0,0,경남,창녕군,차대차,기타,기타,운전자법규위반,신호위반,교차로,교차로내,승용차,승용차,이륜차,이륜차,1091985 ,1718606 ,128.51371273,35.45902326
2017,2017072722,20,야간,목,1,2,0,1,0,경남,밀양시,차대차,측면충돌,측면충돌,운전자법규위반,안전운전 의무 불이행,단일로,기타단일로,승용차,승용차,승용차,승용차,1115880 ,1717112 ,128.77678034,35.44305722
2017,2017072723,22,야간,목,1,1,0,0,0,전남,목포시,차량단독,기타,기타,운전자법규위반,안전운전 의무 불이행,기타,기타,자전거,자전거,없음,없음,901941  ,1648046 ,126.42773526,34.82229932
2017,2017072723,05,야간,목,1,1,0,0,0,경기,고양시,차대사람,횡단중,횡단중,운전자법규위반,신호위반,교차로,교차로내,승합차,승합차,보행자,보행자,940901  ,1959237 ,126.83021899,37.63069459
2017,2017072804,28,야간,금,1,1,0,0,0,서울,동대문구,차대차,측면충돌,측면충돌,운전자법규위반,과속,단일로,기타단일로,승용차,승용차,자전거,자전거,961568  ,1952419 ,127.06479256,37.57033935
2017,2017072807,22,주간,금,1,4,3,0,0,경기,안산시,차대차,기타,기타,운전자법규위반,과속,단일로,기타단일로,승용차,승용차,화물차,화물차,944645  ,1926467 ,126.87511291,37.3355668
2017,2017072809,30,주간,금,1,1,0,0,0,경기,구리시,차대사람,횡단중,횡단중,운전자법규위반,안전운전 의무 불이행,단일로,기타단일로,승용차,승용차,보행자,보행자,967606  ,1956404 ,127.13298969,37.60648979
2017,2017072810,00,주간,금,1,1,0,0,0,전북,부안군,차량단독,전도,전도,운전자법규위반,안전운전 의무 불이행,교차로,교차로내,이륜차,이륜차,없음,없음,939129  ,1744026 ,126.82723632,35.69060148
2017,2017072817,25,주간,금,1,1,0,0,0,강원,횡성군,차대사람,길가장자리구역통행중,길가장자리구역통행중,운전자법규위반,안전운전 의무 불이행,단일로,기타단일로,승합차,승합차,보행자,보행자,1066447 ,1953280 ,128.25251012,37.57650367