발생년,발생년월일시,발생분,주야,요일,사망자수,사상자수,중상자수,경상자수,부상신고자수,발생지시도,발생지시군구,사고유형_대분류,사고유형_중분류,사고유형,법규위반_대분류,법규위반,도로형태_대분류,도로형태,당사자종별_1당_대분류,당사자종별_1당,당사자종별_2당_대분류,당사자종별_2당,발생위치X_UTMK,발생위치Y_UTMK,경도,위도
2017,2017072823,36,야간,금,1,1,0,0,0,충북,청주시,차대차,추돌,추돌,운전자법규위반,안전운전 의무 불이행,단일로,기타단일로,특수차,특수차,자전거,자전거,1000525 ,1840185 ,127.50586679,36.55942712
2017,2017072900,29,야간,토,1,4,0,3,0,전남,함평군,차대차,추돌,추돌,운전자법규위반,안전운전 의무 불이행,단일로,기타단일로,화물차,화물차,화물차,화물차,907172  ,1681931 ,126.48115071,35.12829893
2017,2017072901,30,야간,토,1,2,1,0,0,충북,충주시,차대차,정면충돌,정면충돌,운전자법규위반,중앙선 침범,단일로,기타단일로,승용차,승용차,승용차,승용차,1036719 ,1886983 ,127.91230509,36.97995753
2017,2017072902,10,야간,토,1,1,0,0,0,경기,고양시,차대사람,기타,기타,운전자법규위반,안전운전 의무 불이행,단일로,기타단일로,승용차,승용차,보행자,보행자,942603  ,1963400 ,126.8491796,37.66832302
2017,2017072902,04,야간,토,1,1,0,0,0,경남,김해시,차대사람,횡단중,횡단중,운전자법규위반,과속,교차로,교차로부근,승용차,승용차,보행자,보행자,1127738 ,1695028 ,128.90395108,35.24253522
2017,2017072902,57,야간,토,1,1,0,0,0,대전,서구,차대사람,횡단중,횡단중,운전자법규위반,과속,단일로,기타단일로,승용차,승용차,보행자,보행자,990754  ,1817807 ,127.39694484,36.35763952
2017,2017072904,40,야간,토,1,1,0,0,0,경북,영주시,차량단독,전도전복,전도전복,운전자법규위반,안전운전 의무 불이행,단일로,기타단일로,화물차,화물차,없음,없음,1096644 ,1882447 ,128.58524485,36.93545283
2017,2017072905,04,야간,토,1,1,0,0,0,서울,종로구,차대사람,기타,기타,운전자법규위반,안전운전 의무 불이행,단일로,기타단일로,승용차,승용차,보행자,보행자,956788  ,1952513 ,127.01065958,37.57097464
2017,2017072905,30,야간,토,1,1,0,0,0,경기,오산시,차량단독,공작물충돌,공작물충돌,운전자법규위반,안전운전 의무 불이행,단일로,기타단일로,이륜차,이륜차,없음,없음,960882  ,1905647 ,127.05949542,37.14872576
2017,2017072908,00,주간,토,1,1,0,0,0,경남,진주시,차대사람,차도통행중,차도통행중,운전자법규위반,안전운전 의무 불이행,교차로,교차로부근,승용차,승용차,보행자,보행자,1053119 ,1689113 ,128.08350642,35.19593729
2017,2017072909,32,주간,토,1,1,0,0,0,강원,원주시,차대사람,기타,기타,운전자법규위반,안전운전 의무 불이행,단일로,기타단일로,승용차,승용차,보행자,보행자,1039024 ,1928316 ,127.9406344,37.35306308
2017,2017072909,20,주간,토,1,3,0,2,0,경기,평택시,차대차,측면충돌,측면충돌,운전자법규위반,중앙선 침범,단일로,기타단일로,사륜오토바이(ATV),사륜오토바이(ATV),승용차,승용차,960290  ,1899137 ,127.05317415,37.09001983
2017,2017072912,00,주간,토,1,1,0,0,0,경기,양평군,차량단독,전도전복,전도전복,운전자법규위반,안전운전 의무 불이행,단일로,기타단일로,농기계,농기계,없음,없음,1018712 ,1948804 ,127.71180627,37.53836749
2017,2017072915,44,주간,토,1,1,0,0,0,경북,울진군,차량단독,공작물충돌,공작물충돌,운전자법규위반,안전운전 의무 불이행,단일로,기타단일로,승용차,승용차,없음,없음,1170262 ,1891502 ,129.41363742,37.00660643
2017,2017072919,00,야간,토,1,2,1,0,0,전북,익산시,차량단독,기타,기타,운전자법규위반,안전운전 의무 불이행,단일로,기타단일로,승용차,승용차,없음,없음,962953  ,1771862 ,127.09363327,35.9456009
2017,2017072922,30,야간,토,1,1,0,0,0,경기,의정부시,차대차,측면충돌,측면충돌,운전자법규위반,신호위반,교차로,교차로부근,승용차,승용차,자전거,자전거,960609  ,1972322 ,127.05285842,37.74968748
2017,2017073001,29,야간,일,1,18,6,11,0,충북,충주시,차대차,추돌,추돌,운전자법규위반,안전운전 의무 불이행,기타,기타,화물차,화물차,승용차,승용차,1030989 ,1890156 ,127.84832692,37.00939255
2017,2017073001,40,야간,일,1,2,0,1,0,충남,공주시,차대차,기타,기타,운전자법규위반,안전운전 의무 불이행,단일로,기타단일로,화물차,화물차,승용차,승용차,961390  ,1817988 ,127.06965226,36.35854077
2017,2017073003,06,야간,일,1,1,0,0,0,강원,강릉시,차대사람,기타,기타,운전자법규위반,안전운전 의무 불이행,교차로,교차로횡단보도내,승용차,승용차,보행자,보행자,1124385 ,1973176 ,128.91176806,37.74960832
2017,2017073005,40,야간,일,1,1,0,0,0,경기,파주시,차대차,측면충돌,측면충돌,운전자법규위반,안전운전 의무 불이행,단일로,기타단일로,건설기계,건설기계,자전거,자전거,934733  ,1967619 ,126.75957073,37.70582116
2017,2017073006,00,주간,일,1,1,0,0,0,제주,제주시,차대사람,횡단중,횡단중,운전자법규위반,안전운전 의무 불이행,단일로,기타단일로,화물차,화물차,보행자,보행자,880615  ,1487789 ,126.21658947,33.37506903
2017,2017073009,02,주간,일,1,3,1,1,0,경기,가평군,차대차,정면충돌,정면충돌,운전자법규위반,중앙선 침범,교차로,교차로부근,승용차,승용차,승합차,승합차,986359  ,1980160 ,127.34500667,37.82107936
2017,2017073014,40,주간,일,1,5,0,2,2,강원,원주시,차대차,측면충돌,측면충돌,운전자법규위반,안전운전 의무 불이행,교차로,교차로내,승용차,승용차,화물차,화물차,1038655 ,1933022 ,127.93671385,37.39549652
2017,2017073014,00,주간,일,1,2,1,0,0,경북,예천군,차대사람,차도통행중,차도통행중,운전자법규위반,안전운전 의무 불이행,단일로,기타단일로,승용차,승용차,보행자,보행자,1086212 ,1872149 ,128.4669454,36.84364633
2017,2017073017,05,주간,일,1,1,0,0,0,전북,진안군,차대사람,횡단중,횡단중,운전자법규위반,부당한 회전,단일로,기타단일로,화물차,화물차,보행자,보행자,990563  ,1743500 ,127.39570261,35.68769358
2017,2017073019,20,야간,일,1,1,0,0,0,울산,울주군,차대사람,횡단중,횡단중,운전자법규위반,안전운전 의무 불이행,단일로,기타단일로,승용차,승용차,보행자,보행자,1153969 ,1717730 ,129.19642269,35.44346083
2017,2017073021,10,야간,일,1,1,0,0,0,경남,함안군,차대차,측면충돌,측면충돌,운전자법규위반,중앙선 침범,단일로,기타단일로,자전거,자전거,승용차,승용차,1085252 ,1690776 ,128.43662199,35.20871575
2017,2017073101,13,야간,월,1,1,0,0,0,경남,고성군,차량단독,전도전복,전도전복,운전자법규위반,안전운전 의무 불이행,단일로,기타단일로,승용차,승용차,없음,없음,1072882 ,1665323 ,128.29849109,34.98019582
2017,2017073105,55,야간,월,1,1,0,0,0,경북,경산시,차대차,기타,기타,운전자법규위반,교차로 통행방법 위반,교차로,교차로내,승용차,승용차,자전거,자전거,1115249 ,1765036 ,128.77668809,35.8751282
2017,2017073106,05,주간,월,1,1,0,0,0,강원,동해시,차대사람,횡단중,횡단중,운전자법규위반,안전운전 의무 불이행,교차로,교차로내,승용차,승용차,보행자,보행자,1141809 ,1951487 ,129.10541005,37.55182505
2017,2017073110,25,주간,월,1,1,0,0,0,제주,제주시,차대차,측면충돌,측면충돌,운전자법규위반,교차로 통행방법 위반,교차로,교차로내,승용차,승용차,이륜차,이륜차,909255  ,1502302 ,126.52296346,33.50875478
2017,2017073116,50,주간,월,1,2,0,1,0,경기,광명시,차대차,측면충돌,측면충돌,운전자법규위반,신호위반,교차로,교차로내,승용차,승용차,화물차,화물차,942775  ,1934442 ,126.85338753,37.4073344
2017,2017073116,50,주간,월,1,1,0,0,0,경기,용인시,차대사람,횡단중,횡단중,운전자법규위반,신호위반,교차로,교차로내,화물차,화물차,보행자,보행자,965859  ,1925578 ,127.11462626,37.32857608
2017,2017073117,45,주간,월,1,1,0,0,0,경남,합천군,차량단독,전도,전도,운전자법규위반,안전운전 의무 불이행,단일로,기타단일로,이륜차,이륜차,없음,없음,1049476 ,1724052 ,128.04560484,35.51115118
2017,2017073118,45,야간,월,1,1,0,0,0,울산,중구,차대사람,기타,기타,운전자법규위반,안전운전 의무 불이행,단일로,기타단일로,승용차,승용차,보행자,보행자,1166754 ,1730972 ,129.33994543,35.56073715
2017,2017073119,46,야간,월,1,1,0,0,0,대전,서구,차대차,측면충돌,측면충돌,운전자법규위반,부당한 회전,교차로,교차로횡단보도내,자전거,자전거,승용차,승용차,989788  ,1814126 ,127.38622618,36.32444402
2017,2017073121,10,야간,월,1,1,0,0,0,대구,남구,차대사람,횡단중,횡단중,운전자법규위반,안전운전 의무 불이행,교차로,교차로내,승용차,승용차,보행자,보행자,1099939 ,1762617 ,128.60681658,35.85500491
2017,2017073123,30,야간,월,1,5,3,1,0,충남,천안시,차대차,추돌,추돌,운전자법규위반,과속,단일로,고가도로위,승합차,승합차,승용차,승용차,968039  ,1865125 ,127.14180368,36.78372029
2017,2017080103,21,야간,화,1,1,0,0,0,인천,서구,차대사람,차도통행중,차도통행중,운전자법규위반,안전운전 의무 불이행,교차로,교차로횡단보도내,승용차,승용차,보행자,보행자,926658  ,1949422 ,126.66979729,37.54120939
2017,2017080104,52,야간,화,1,1,0,0,0,인천,남동구,차대사람,횡단중,횡단중,운전자법규위반,신호위반,교차로,교차로횡단보도내,승용차,승용차,보행자,보행자,929553  ,1941255 ,126.70334716,37.4678278
2017,2017080106,30,주간,화,1,2,0,1,0,경기,광주시,차대사람,보도통행중,보도통행중,운전자법규위반,안전운전 의무 불이행,단일로,기타단일로,승용차,승용차,보행자,보행자,954679  ,1928046 ,126.98828278,37.35034322
2017,2017080107,25,주간,화,1,1,0,0,0,충남,청양군,차량단독,전도전복,전도전복,운전자법규위반,안전운전 의무 불이행,단일로,기타단일로,농기계,농기계,없음,없음,950116  ,1823242 ,126.94365952,36.40538663
2017,2017080108,30,주간,화,1,3,2,0,0,경북,포항시,차량단독,전도전복,전도전복,운전자법규위반,안전운전 의무 불이행,교차로,교차로부근,승용차,승용차,없음,없음,1166104 ,1784701 ,129.34393672,36.04502991
2017,2017080111,15,주간,화,1,2,0,1,0,대구,북구,차대차,측면충돌,측면충돌,운전자법규위반,안전운전 의무 불이행,단일로,기타단일로,승합차,승합차,화물차,화물차,1099115 ,1770820 ,128.59871364,35.92903412
2017,2017080115,35,주간,화,1,1,0,0,0,경기,파주시,차대사람,횡단중,횡단중,운전자법규위반,안전운전 의무 불이행,교차로,교차로부근,승합차,승합차,보행자,보행자,936167  ,1974249 ,126.77525543,37.76567562
2017,2017080117,17,주간,화,1,1,0,0,0,서울,구로구,차대사람,횡단중,횡단중,운전자법규위반,안전운전 의무 불이행,교차로,교차로부근,승합차,승합차,보행자,보행자,942717  ,1944514 ,126.85194943,37.49811138
2017,2017080117,20,주간,화,1,4,0,3,0,강원,원주시,차대차,정면충돌,정면충돌,운전자법규위반,중앙선 침범,단일로,기타단일로,승용차,승용차,승용차,승용차,1043262 ,1927206 ,127.9884209,37.3428701
2017,2017080117,30,주간,화,1,1,0,0,0,전남,진도군,차량단독,전도,전도,운전자법규위반,안전운전 의무 불이행,단일로,기타단일로,이륜차,이륜차,없음,없음,880235  ,1599295 ,126.19783956,34.38087576
2017,2017080120,50,야간,화,1,2,0,1,0,경기,평택시,차대사람,횡단중,횡단중,운전자법규위반,안전운전 의무 불이행,단일로,기타단일로,화물차,화물차,보행자,보행자,958381  ,1890896 ,127.03215053,37.01565219
2017,2017080206,40,주간,수,1,1,0,0,0,서울,성동구,차대차,측면충돌,측면충돌,운전자법규위반,중앙선 침범,단일로,기타단일로,자전거,자전거,승용차,승용차,961490  ,1949945 ,127.06403925,37.54803715
2017,2017080216,10,주간,수,1,1,0,0,0,전북,남원시,차대차,추돌,추돌,운전자법규위반,안전운전 의무 불이행,단일로,기타단일로,이륜차,이륜차,화물차,화물차,990193  ,1712682 ,127.39195253,35.40984052
2017,2017080217,24,주간,수,1,4,0,0,3,대전,대덕구,차대차,기타,기타,운전자법규위반,안전운전 의무 불이행,단일로,기타단일로,화물차,화물차,화물차,화물차,992865  ,1821814 ,127.42043706,36.39378208
2017,2017080220,05,야간,수,1,1,0,0,0,충북,괴산군,차대사람,횡단중,횡단중,운전자법규위반,안전운전 의무 불이행,단일로,기타단일로,승용차,승용차,보행자,보행자,1026117 ,1848424 ,127.79213131,36.63334405
2017,2017080221,25,야간,수,1,1,0,0,0,대구,중구,차대사람,횡단중,횡단중,운전자법규위반,안전운전 의무 불이행,단일로,기타단일로,승용차,승용차,보행자,보행자,1099722 ,1763144 ,128.60447962,35.85977766
2017,2017080303,30,야간,목,1,1,0,0,0,서울,영등포구,차대사람,차도통행중,차도통행중,운전자법규위반,안전운전 의무 불이행,단일로,기타단일로,화물차,화물차,보행자,보행자,945380  ,1947444 ,126.88185692,37.52468126
2017,2017080307,15,주간,목,1,1,0,0,0,충남,예산군,차대사람,기타,기타,운전자법규위반,과속,단일로,터널안,승용차,승용차,보행자,보행자,942661  ,1854249 ,126.85821419,36.68448473
2017,2017080311,19,주간,목,1,1,0,0,0,전남,강진군,차대차,추돌,추돌,운전자법규위반,안전운전 의무 불이행,교차로,교차로부근,화물차,화물차,승용차,승용차,924774  ,1634008 ,126.67853455,34.69773799
2017,2017080311,55,주간,목,1,15,2,12,0,전남,신안군,차대차,정면충돌,정면충돌,운전자법규위반,중앙선 침범,단일로,기타단일로,승용차,승용차,승합차,승합차,879470  ,1677147 ,126.17786325,35.08223483
2017,2017080312,10,주간,목,1,1,0,0,0,경북,구미시,차량단독,전도전복,전도전복,운전자법규위반,안전운전 의무 불이행,단일로,기타단일로,승용차,승용차,없음,없음,1082555 ,1791155 ,128.41728756,36.1138888
2017,2017080314,00,주간,목,1,1,0,0,0,경기,과천시,차대차,측면충돌,측면충돌,운전자법규위반,안전운전 의무 불이행,단일로,기타단일로,화물차,화물차,이륜차,이륜차,955673  ,1938120 ,126.99890144,37.44119304
2017,2017080315,00,주간,목,1,1,0,0,0,경기,광명시,차대사람,횡단중,횡단중,운전자법규위반,안전운전 의무 불이행,교차로,교차로횡단보도내,승용차,승용차,보행자,보행자,944534  ,1942216 ,126.87267749,37.47751015
2017,2017080317,30,주간,목,1,2,1,0,0,부산,강서구,차대차,측면충돌,측면충돌,운전자법규위반,중앙선 침범,단일로,기타단일로,화물차,화물차,승용차,승용차,1129628 ,1689628 ,128.92386759,35.19361335
2017,2017080318,37,야간,목,1,1,0,0,0,전북,익산시,차량단독,전복,전복,운전자법규위반,안전운전 의무 불이행,단일로,기타단일로,사륜오토바이(ATV),사륜오토바이(ATV),없음,없음,951346  ,1789697 ,126.95946395,36.10303631
2017,2017080320,50,야간,목,1,1,0,0,0,강원,강릉시,차대사람,횡단중,횡단중,운전자법규위반,과속,교차로,교차로횡단보도내,승용차,승용차,보행자,보행자,1122679 ,1972932 ,128.89209863,37.74790642
2017,2017080405,20,야간,금,1,1,0,0,0,경기,가평군,차대차,추돌,추돌,운전자법규위반,안전운전 의무 불이행,단일로,교량위,승용차,승용차,농기계,농기계,998572  ,1959113 ,127.48381592,37.63147688
2017,2017080406,43,주간,금,1,1,0,0,0,경남,밀양시,차대차,측면충돌,측면충돌,운전자법규위반,교차로 통행방법 위반,교차로,교차로내,화물차,화물차,원동기장치자전거,원동기장치자전거,1111638 ,1709690 ,128.72903489,35.37663495
2017,2017080407,10,주간,금,1,7,2,4,0,전남,보성군,차대차,추돌,추돌,운전자법규위반,안전거리 미확보,단일로,기타단일로,화물차,화물차,화물차,화물차,968179  ,1642287 ,127.15223475,34.77459472
2017,2017080408,00,주간,금,1,1,0,0,0,대구,서구,차대차,추돌,추돌,운전자법규위반,안전운전 의무 불이행,단일로,기타단일로,승용차,승용차,화물차,화물차,1094088 ,1766057 ,128.54243327,35.88659469
2017,2017080409,30,주간,금,1,1,0,0,0,전남,고흥군,차대사람,차도통행중,차도통행중,운전자법규위반,안전운전 의무 불이행,교차로,교차로내,화물차,화물차,보행자,보행자,980092  ,1623900 ,127.28286188,34.60908609
2017,2017080411,32,주간,금,1,1,0,0,0,충남,보령시,차량단독,기타,기타,운전자법규위반,안전운전 의무 불이행,단일로,기타단일로,이륜차,이륜차,없음,없음,915246  ,1817225 ,126.55545945,36.34870389
2017,2017080411,10,주간,금,1,1,0,0,0,경기,안산시,차대사람,횡단중,횡단중,운전자법규위반,안전운전 의무 불이행,교차로,교차로내,승용차,승용차,보행자,보행자,940877  ,1924683 ,126.83272179,37.31925475
2017,2017080413,23,주간,금,1,1,0,0,0,경남,거창군,차량단독,공작물충돌,공작물충돌,운전자법규위반,안전운전 의무 불이행,단일로,기타단일로,이륜차,이륜차,없음,없음,1040011 ,1741783 ,127.94210918,35.67144591
2017,2017080418,47,야간,금,1,1,0,0,0,전남,완도군,차량단독,기타,기타,운전자법규위반,안전운전 의무 불이행,교차로,교차로내,화물차,화물차,없음,없음,913456  ,1571902 ,126.56148869,34.13674894
2017,2017080418,40,야간,금,1,1,0,0,0,전남,여수시,차대차,추돌,추돌,운전자법규위반,안전운전 의무 불이행,단일로,기타단일로,승용차,승용차,농기계,농기계,1006594 ,1635883 ,127.57201491,34.71732002
2017,2017080420,18,야간,금,1,1,0,0,0,경기,용인시,차대차,측면충돌,측면충돌,운전자법규위반,신호위반,교차로,교차로내,승용차,승용차,이륜차,이륜차,963750  ,1924940 ,127.0908522,37.32274541
2017,2017080422,15,야간,금,1,3,1,1,0,전남,장성군,차대차,측면충돌,측면충돌,운전자법규위반,안전거리 미확보,단일로,기타단일로,승합차,승합차,승합차,승합차,936623  ,1717842 ,126.80159316,35.45437085
2017,2017080423,10,야간,금,1,1,0,0,0,부산,북구,차대차,측면충돌,측면충돌,운전자법규위반,중앙선 침범,단일로,기타단일로,자전거,자전거,승용차,승용차,1136537 ,1691500 ,129.00003467,35.20957541
2017,2017080500,30,야간,토,1,2,1,0,0,충남,아산시,차대차,추돌,추돌,운전자법규위반,안전운전 의무 불이행,단일로,기타단일로,승용차,승용차,승용차,승용차,959828  ,1869140 ,127.049571,36.81960063
2017,2017080500,50,야간,토,1,1,0,0,0,경기,양주시,차대사람,횡단중,횡단중,운전자법규위반,과속,단일로,기타단일로,승용차,승용차,보행자,보행자,960179  ,1980145 ,127.04754782,37.82017717
2017,2017080501,55,야간,토,1,1,0,0,0,대전,대덕구,차대차,추돌,추돌,운전자법규위반,안전운전 의무 불이행,단일로,기타단일로,화물차,화물차,화물차,화물차,993320  ,1820919 ,127.4255185,36.38571661
2017,2017080503,20,야간,토,1,1,0,0,0,대전,동구,차대사람,횡단중,횡단중,운전자법규위반,안전운전 의무 불이행,단일로,기타단일로,승용차,승용차,보행자,보행자,995020  ,1816652 ,127.4447128,36.34673908
2017,2017080507,55,주간,토,1,2,0,1,0,전남,광양시,차대차,측면충돌,측면충돌,운전자법규위반,중앙선 침범,단일로,기타단일로,승용차,승용차,화물차,화물차,1021927 ,1659688 ,127.74009217,34.93177049
2017,2017080510,40,주간,토,1,1,0,0,0,전남,보성군,차량단독,기타,기타,운전자법규위반,안전운전 의무 불이행,단일로,기타단일로,농기계,농기계,없음,없음,957048  ,1645764 ,127.03041177,34.80554014
2017,2017080510,20,주간,토,1,2,0,1,0,경남,거제시,차대차,측면충돌,측면충돌,운전자법규위반,안전운전 의무 불이행,단일로,기타단일로,화물차,화물차,화물차,화물차,1102153 ,1655229 ,128.61790058,34.88665806
2017,2017080510,01,주간,토,1,1,0,0,0,전북,전주시,차대차,측면충돌,측면충돌,운전자법규위반,안전운전 의무 불이행,교차로,교차로내,건설기계,건설기계,자전거,자전거,964859  ,1761682 ,127.11082883,35.85104274
2017,2017080511,10,주간,토,1,1,0,0,0,충남,부여군,차량단독,전도전복,전도전복,운전자법규위반,기타(운전자법규위반),단일로,기타단일로,승용차,승용차,없음,없음,954031  ,1809322 ,126.98814252,36.28009233
2017,2017080511,20,주간,토,1,1,0,0,0,강원,춘천시,차량단독,기타,기타,운전자법규위반,안전운전 의무 불이행,기타,기타,자전거,자전거,없음,없음,1020414 ,1985758 ,127.7321079,37.87140808
2017,2017080512,00,주간,토,1,2,1,0,0,전북,익산시,차대차,추돌,추돌,운전자법규위반,안전운전 의무 불이행,단일로,기타단일로,승용차,승용차,화물차,화물차,953052  ,1769206 ,126.97963213,35.91838259
2017,2017080515,56,주간,토,1,1,0,0,0,인천,연수구,차대차,측면충돌,측면충돌,운전자법규위반,보행자 보호의무 위반,교차로,교차로내,자전거,자전거,화물차,화물차,924103  ,1932166 ,126.64265638,37.38547921
2017,2017080518,11,야간,토,1,1,0,0,0,경기,이천시,차대차,기타,기타,운전자법규위반,안전운전 의무 불이행,단일로,기타단일로,이륜차,이륜차,승용차,승용차,995367  ,1920246 ,127.44773678,37.28112967
2017,2017080520,00,야간,토,1,1,0,0,0,경북,포항시,차대사람,길가장자리구역통행중,길가장자리구역통행중,운전자법규위반,안전거리 미확보,단일로,기타단일로,승용차,승용차,보행자,보행자,1157870 ,1790027 ,129.25363512,36.09439651
2017,2017080520,32,야간,토,1,1,0,0,0,강원,평창군,차대사람,횡단중,횡단중,운전자법규위반,안전운전 의무 불이행,단일로,기타단일로,승용차,승용차,보행자,보행자,1080316 ,1933498 ,128.40719648,37.39715655
2017,2017080521,03,야간,토,1,1,0,0,0,강원,영월군,차대사람,횡단중,횡단중,운전자법규위반,안전운전 의무 불이행,교차로,교차로내,승용차,승용차,보행자,보행자,1087704 ,1910137 ,128.48793391,37.18554918
2017,2017080523,50,야간,토,1,1,0,0,0,경남,창녕군,차대사람,차도통행중,차도통행중,운전자법규위반,안전운전 의무 불이행,교차로,교차로내,승용차,승용차,보행자,보행자,1089146 ,1711098 ,128.4816083,35.39159372
2017,2017080523,48,야간,토,1,6,2,3,0,충남,당진시,차대차,추돌,추돌,운전자법규위반,과속,단일로,기타단일로,승용차,승용차,승용차,승용차,922598  ,1873691 ,126.63169862,36.85830794
2017,2017080600,15,야간,일,1,1,0,0,0,광주,서구,차대차,측면충돌,측면충돌,운전자법규위반,신호위반,교차로,교차로내,자전거,자전거,승용차,승용차,941700  ,1680849 ,126.86016763,35.12113617
2017,2017080604,00,야간,일,1,1,0,0,0,서울,노원구,차량단독,전도전복,전도전복,운전자법규위반,안전운전 의무 불이행,단일로,터널안,이륜차,이륜차,없음,없음,964881  ,1964326 ,127.10173624,37.67779256
2017,2017080607,25,주간,일,1,1,0,0,0,경북,경산시,차량단독,공작물충돌,공작물충돌,운전자법규위반,안전운전 의무 불이행,단일로,기타단일로,이륜차,이륜차,없음,없음,1122993 ,1766246 ,128.86263914,35.88509236
2017,2017080609,28,주간,일,1,1,0,0,0,강원,철원군,차대차,측면충돌,측면충돌,운전자법규위반,안전운전 의무 불이행,단일로,기타단일로,이륜차,이륜차,승용차,승용차,980175  ,2028473 ,127.27340479,38.25639992
2017,2017080610,40,주간,일,1,1,0,0,0,경북,김천시,차대차,측면충돌,측면충돌,운전자법규위반,안전운전 의무 불이행,단일로,기타단일로,승용차,승용차,이륜차,이륜차,1046867 ,1767125 ,128.01934749,35.89962479
2017,2017080610,30,주간,일,1,1,0,0,0,충북,청주시,차대차,측면충돌,측면충돌,운전자법규위반,과속,교차로,교차로내,승용차,승용차,이륜차,이륜차,1000087 ,1839245 ,127.5009721,36.55095306
2017,2017080610,11,주간,일,1,2,1,0,0,강원,횡성군,차량단독,공작물충돌,공작물충돌,운전자법규위반,안전운전 의무 불이행,단일로,기타단일로,승용차,승용차,없음,없음,1039459 ,1941675 ,127.9492941,37.48648849
2017,2017080611,20,주간,일,1,1,0,0,0,인천,옹진군,차량단독,공작물충돌,공작물충돌,운전자법규위반,안전운전 의무 불이행,단일로,기타단일로,자전거,자전거,없음,없음,901046  ,1949132 ,126.37996275,37.53620203
2017,2017080614,55,주간,일,1,1,0,0,0,경북,경주시,차량단독,공작물충돌,공작물충돌,운전자법규위반,안전운전 의무 불이행,단일로,기타단일로,이륜차,이륜차,없음,없음,1150585 ,1768296 ,129.16861288,35.89971128
2017,2017080615,30,주간,일,1,1,0,0,0,대구,동구,차대차,측면충돌,측면충돌,운전자법규위반,부당한 회전,교차로,교차로횡단보도내,자전거,자전거,승용차,승용차,1102846 ,1767339 ,128.63961529,35.89726978
2017,2017080619,30,야간,일,1,1,0,0,0,경남,창원시(통합),차량단독,전도,전도,운전자법규위반,안전운전 의무 불이행,단일로,기타단일로,원동기장치자전거,원동기장치자전거,없음,없음,1103097 ,1694812 ,128.6331509,35.24342648
2017,2017080622,11,야간,일,1,1,0,0,0,인천,서구,차량단독,전도전복,전도전복,운전자법규위반,안전운전 의무 불이행,단일로,기타단일로,승합차,승합차,없음,없음,927677  ,1947043 ,126.68156521,37.51984871
2017,2017080623,15,야간,일,1,1,0,0,0,서울,강서구,차대차,추돌,추돌,운전자법규위반,안전운전 의무 불이행,단일로,기타단일로,승용차,승용차,자전거,자전거,939548  ,1950147 ,126.81563675,37.54867943
2017,2017080701,53,야간,월,1,1,0,0,0,울산,동구,차량단독,전도,전도,운전자법규위반,안전운전 의무 불이행,단일로,기타단일로,이륜차,이륜차,없음,없음,1174326 ,1725636 ,129.42230496,35.51134777
2017,2017080703,30,야간,월,1,2,0,1,0,충남,아산시,차대차,정면충돌,정면충돌,운전자법규위반,안전운전 의무 불이행,단일로,기타단일로,승용차,승용차,화물차,화물차,958601  ,1881432 ,127.03514266,36.93035178
2017,2017080705,48,야간,월,1,1,0,0,0,대구,북구,차대사람,기타,기타,운전자법규위반,안전운전 의무 불이행,단일로,기타단일로,화물차,화물차,보행자,보행자,1100857 ,1770075 ,128.61792632,35.92214017
2017,2017080706,24,주간,월,1,1,0,0,0,경남,창원시(통합),차대차,측면충돌,측면충돌,운전자법규위반,과속,단일로,기타단일로,승용차,승용차,자전거,자전거,1105317 ,1686795 ,128.6565214,35.17092001
2017,2017080708,45,주간,월,1,1,0,0,0,충남,아산시,차대차,추돌,추돌,운전자법규위반,안전운전 의무 불이행,교차로,교차로내,원동기장치자전거,원동기장치자전거,농기계,농기계,954858  ,1880620 ,126.99316349,36.92286034
2017,2017080710,46,주간,월,1,1,0,0,0,경기,시흥시,차대차,기타,기타,운전자법규위반,안전운전 의무 불이행,단일로,기타단일로,화물차,화물차,화물차,화물차,940790  ,1932741 ,126.83109573,37.39187815
2017,2017080713,48,주간,월,1,1,0,0,0,충남,홍성군,차대차,추돌,추돌,운전자법규위반,안전운전 의무 불이행,단일로,기타단일로,화물차,화물차,농기계,농기계,918331  ,1844328 ,126.58697523,36.59327952
2017,2017080714,50,주간,월,1,1,0,0,0,경기,화성시,차대사람,차도통행중,차도통행중,운전자법규위반,안전운전 의무 불이행,단일로,기타단일로,화물차,화물차,보행자,보행자,939601  ,1901741 ,126.82017953,37.1123858
2017,2017080714,45,주간,월,1,1,0,0,0,경기,안성시,차량단독,전도전복,전도전복,운전자법규위반,안전운전 의무 불이행,단일로,기타단일로,화물차,화물차,없음,없음,990989  ,1897201 ,127.39862811,37.07336658
2017,2017080715,30,주간,월,1,1,0,0,0,경남,창원시(통합),차대사람,횡단중,횡단중,운전자법규위반,안전운전 의무 불이행,단일로,기타단일로,승합차,승합차,보행자,보행자,1096993 ,1693366 ,128.56590123,35.23099956
2017,2017080720,20,야간,월,1,1,0,0,0,충북,충주시,차대사람,기타,기타,운전자법규위반,안전운전 의무 불이행,교차로,교차로부근,원동기장치자전거,원동기장치자전거,보행자,보행자,1042478 ,1878647 ,127.97681642,36.90519908
2017,2017080721,25,야간,월,1,1,0,0,0,경기,화성시,차대사람,횡단중,횡단중,운전자법규위반,안전운전 의무 불이행,단일로,기타단일로,승용차,승용차,보행자,보행자,939499  ,1913108 ,126.81811174,37.21483613