발생년,발생년월일시,발생분,주야,요일,사망자수,사상자수,중상자수,경상자수,부상신고자수,발생지시도,발생지시군구,사고유형_대분류,사고유형_중분류,사고유형,법규위반_대분류,법규위반,도로형태_대분류,도로형태,당사자종별_1당_대분류,당사자종별_1당,당사자종별_2당_대분류,당사자종별_2당,발생위치X_UTMK,발생위치Y_UTMK,경도,위도
2017,2017080800,26,야간,화,1,1,0,0,0,부산,동래구,차대사람,횡단중,횡단중,운전자법규위반,안전운전 의무 불이행,단일로,기타단일로,승용차,승용차,보행자,보행자,1144302 ,1692714 ,129.08553927,35.21942924
2017,2017080805,45,야간,화,1,1,0,0,0,강원,원주시,차대사람,횡단중,횡단중,운전자법규위반,안전운전 의무 불이행,교차로,교차로횡단보도내,승용차,승용차,보행자,보행자,1040253 ,1927696 ,127.95447741,37.34742214
2017,2017080806,00,주간,화,1,1,0,0,0,전남,신안군,차량단독,전도전복,전도전복,운전자법규위반,안전운전 의무 불이행,단일로,기타단일로,자전거,자전거,없음,없음,869308  ,1651677 ,126.07041713,34.85136481
2017,2017080808,20,주간,화,1,1,0,0,0,전북,임실군,차량단독,전도,전도,운전자법규위반,안전운전 의무 불이행,교차로,교차로부근,화물차,화물차,없음,없음,972153  ,1732161 ,127.1926294,35.58510886
2017,2017080809,14,주간,화,1,1,0,0,0,경북,안동시,차대차,측면충돌,측면충돌,운전자법규위반,안전운전 의무 불이행,단일로,기타단일로,이륜차,이륜차,승합차,승합차,1108580 ,1841438 ,128.71347365,36.5645932
2017,2017080811,35,주간,화,1,1,0,0,0,경남,밀양시,차대사람,횡단중,횡단중,운전자법규위반,신호위반,단일로,기타단일로,화물차,화물차,보행자,보행자,1112290 ,1723911 ,128.73817308,35.50475944
2017,2017080813,10,주간,화,1,1,0,0,0,경기,평택시,차대차,정면충돌,정면충돌,운전자법규위반,교차로 통행방법 위반,교차로,교차로내,승용차,승용차,이륜차,이륜차,961013  ,1896431 ,127.0614498,37.0656582
2017,2017080813,24,주간,화,1,1,0,0,0,경북,포항시,차대사람,차도통행중,차도통행중,운전자법규위반,안전운전 의무 불이행,단일로,기타단일로,승용차,승용차,보행자,보행자,1169111 ,1805837 ,129.38184604,36.23496569
2017,2017080815,30,주간,화,1,1,0,0,0,경남,창원시(통합),차대사람,기타,기타,운전자법규위반,안전운전 의무 불이행,교차로,교차로내,특수차,특수차,보행자,보행자,1097128 ,1689380 ,128.56691426,35.19505048
2017,2017080816,13,주간,화,1,1,0,0,0,전남,장흥군,차량단독,전도전복,전도전복,운전자법규위반,안전운전 의무 불이행,단일로,기타단일로,화물차,화물차,없음,없음,953439  ,1638705 ,126.99134715,34.74172752
2017,2017080818,55,야간,화,1,2,1,0,0,전북,군산시,차대차,기타,기타,운전자법규위반,신호위반,교차로,교차로내,원동기장치자전거,원동기장치자전거,원동기장치자전거,원동기장치자전거,930342  ,1772547 ,126.72764056,35.94714777
2017,2017080818,03,야간,화,1,3,0,2,0,전북,김제시,차대차,추돌,추돌,운전자법규위반,안전운전 의무 불이행,단일로,기타단일로,화물차,화물차,승용차,승용차,954251  ,1746790 ,126.99420481,35.71633981
2017,2017080910,35,주간,수,1,1,0,0,0,충북,영동군,차량단독,기타,기타,운전자법규위반,안전운전 의무 불이행,교차로,교차로부근,특수차,특수차,없음,없음,1033828 ,1801233 ,127.87632273,36.20766913
2017,2017080911,50,주간,수,1,1,0,0,0,경북,경산시,차대차,기타,기타,운전자법규위반,안전운전 의무 불이행,기타,기타,이륜차,이륜차,화물차,화물차,1112512 ,1760259 ,128.74570122,35.83238658
2017,2017080912,28,주간,수,1,1,0,0,0,전북,전주시,차대차,정면충돌,정면충돌,운전자법규위반,안전운전 의무 불이행,단일로,기타단일로,승용차,승용차,자전거,자전거,966924  ,1755559 ,127.13395092,35.79590951
2017,2017080913,30,주간,수,1,2,1,0,0,충북,보은군,차대차,정면충돌,정면충돌,운전자법규위반,중앙선 침범,단일로,기타단일로,화물차,화물차,화물차,화물차,953936  ,1952044 ,127.5999084,36.50629708
2017,2017080915,10,주간,수,1,1,0,0,0,전북,남원시,차대차,추돌,추돌,운전자법규위반,안전운전 의무 불이행,단일로,기타단일로,승용차,승용차,이륜차,이륜차,984741  ,1711659 ,127.33195826,35.4005234
2017,2017080915,00,주간,수,2,12,0,10,0,전남,여수시,차대차,정면충돌,정면충돌,운전자법규위반,중앙선 침범,단일로,기타단일로,승용차,승용차,승합차,승합차,1023588 ,1630484 ,127.75760933,34.66820295
2017,2017080915,50,주간,수,1,1,0,0,0,전북,순창군,차대차,측면충돌,측면충돌,운전자법규위반,안전운전 의무 불이행,단일로,기타단일로,화물차,화물차,자전거,자전거,967360  ,1710625 ,127.14059156,35.39078225
2017,2017080916,55,주간,수,1,1,0,0,0,전남,곡성군,차량단독,전도,전도,운전자법규위반,안전운전 의무 불이행,단일로,기타단일로,기타,기타,없음,없음,985716  ,1690972 ,127.34305621,35.21400423
2017,2017080919,10,야간,수,1,1,0,0,0,충남,아산시,차대차,측면충돌,측면충돌,운전자법규위반,안전운전 의무 불이행,단일로,기타단일로,이륜차,이륜차,승용차,승용차,944427  ,1868552 ,126.87693807,36.81352083
2017,2017080920,05,야간,수,1,4,2,1,0,충북,보은군,차대차,정면충돌,정면충돌,운전자법규위반,중앙선 침범,단일로,기타단일로,승용차,승용차,이륜차,이륜차,1021077 ,1827147 ,127.73517537,36.4416556
2017,2017080923,20,야간,수,1,5,2,2,0,인천,남동구,차대차,정면충돌,정면충돌,운전자법규위반,신호위반,교차로,교차로내,승용차,승용차,승용차,승용차,929958  ,1939610 ,126.70808309,37.45303243
2017,2017081000,05,야간,목,1,1,0,0,0,경기,파주시,차대사람,기타,기타,운전자법규위반,안전운전 의무 불이행,단일로,기타단일로,승용차,승용차,보행자,보행자,941238  ,1992496 ,126.83134316,37.93046707
2017,2017081005,00,야간,목,1,2,1,0,0,경남,진주시,차대차,추돌,추돌,운전자법규위반,과속,단일로,기타단일로,화물차,화물차,농기계,농기계,1049360 ,1684485 ,128.04193891,35.15439957
2017,2017081010,15,주간,목,1,2,0,1,0,충남,금산군,차대차,측면충돌,측면충돌,운전자법규위반,교차로 통행방법 위반,교차로,교차로내,화물차,화물차,승용차,승용차,1002891 ,1789285 ,127.53211755,36.10053675
2017,2017081010,13,주간,목,1,2,0,0,1,경기,군포시,차대사람,횡단중,횡단중,운전자법규위반,안전운전 의무 불이행,단일로,기타단일로,승용차,승용차,보행자,보행자,949086  ,1926464 ,126.92524392,37.33579392
2017,2017081013,20,주간,목,1,1,0,0,0,인천,남동구,차대차,측면충돌,측면충돌,운전자법규위반,안전운전 의무 불이행,단일로,기타단일로,화물차,화물차,기타,기타,930690  ,1939151 ,126.71589797,37.44923397
2017,2017081014,14,주간,목,1,4,0,3,0,제주,제주시,차대차,기타,기타,운전자법규위반,중앙선 침범,단일로,기타단일로,승용차,승용차,화물차,화물차,912070  ,1502271 ,126.55327148,33.50871051
2017,2017081016,10,주간,목,1,1,0,0,0,경남,사천시,차대사람,차도통행중,차도통행중,운전자법규위반,중앙선 침범,단일로,기타단일로,승합차,승합차,보행자,보행자,1052687 ,1659837 ,128.07690094,34.93198169
2017,2017081018,45,야간,목,1,1,0,0,0,강원,강릉시,차대차,정면충돌,정면충돌,운전자법규위반,중앙선 침범,단일로,기타단일로,화물차,화물차,화물차,화물차,1121029 ,1978984 ,128.87221324,37.80252614
2017,2017081021,55,야간,목,1,1,0,0,0,서울,동대문구,차대사람,횡단중,횡단중,운전자법규위반,안전운전 의무 불이행,단일로,기타단일로,승합차,승합차,보행자,보행자,953936  ,1952044 ,126.97839369,37.56660917
2017,2017081100,45,야간,금,1,1,0,0,0,대전,서구,차대사람,횡단중,횡단중,운전자법규위반,안전운전 의무 불이행,교차로,교차로부근,승용차,승용차,보행자,보행자,989191  ,1817618 ,127.37952642,36.35591932
2017,2017081102,10,야간,금,1,1,0,0,0,충북,제천시,차대사람,기타,기타,운전자법규위반,안전운전 의무 불이행,교차로,교차로부근,승용차,승용차,보행자,보행자,1063474 ,1905819 ,128.21477435,37.14893947
2017,2017081103,20,야간,금,1,1,0,0,0,인천,남동구,차대사람,횡단중,횡단중,운전자법규위반,과속,단일로,기타단일로,승용차,승용차,보행자,보행자,930733  ,1939944 ,126.71681334,37.45610112
2017,2017081105,50,야간,금,1,1,0,0,0,경북,경주시,차량단독,전도전복,전도전복,운전자법규위반,안전운전 의무 불이행,단일로,기타단일로,농기계,농기계,없음,없음,1162434 ,1742661 ,129.29465242,35.66679745
2017,2017081107,30,주간,금,1,1,0,0,0,충남,금산군,차대차,측면충돌,측면충돌,운전자법규위반,안전운전 의무 불이행,단일로,기타단일로,이륜차,이륜차,화물차,화물차,1001472 ,1789254 ,127.51635312,36.10026045
2017,2017081109,20,주간,금,1,1,0,0,0,경기,평택시,차대차,측면충돌,측면충돌,운전자법규위반,신호위반,교차로,교차로내,이륜차,이륜차,승용차,승용차,948468  ,1887960 ,126.92092148,36.9886956
2017,2017081115,58,주간,금,1,1,0,0,0,경남,통영시,차대사람,횡단중,횡단중,운전자법규위반,안전운전 의무 불이행,단일로,기타단일로,승용차,승용차,보행자,보행자,1083271 ,1658196 ,128.41158879,34.91513434
2017,2017081116,57,주간,금,1,1,0,0,0,충남,태안군,차대사람,횡단중,횡단중,운전자법규위반,안전운전 의무 불이행,교차로,교차로내,화물차,화물차,보행자,보행자,900853  ,1827791 ,126.39373278,36.44256688
2017,2017081117,10,주간,금,1,1,0,0,0,강원,원주시,차대차,측면충돌,측면충돌,운전자법규위반,안전운전 의무 불이행,단일로,기타단일로,기타,기타,건설기계,건설기계,1051706 ,1914887 ,128.08289654,37.23124456
2017,2017081118,25,야간,금,1,1,0,0,0,경북,성주군,차대사람,기타,기타,운전자법규위반,안전운전 의무 불이행,단일로,기타단일로,화물차,화물차,보행자,보행자,1071103 ,1765547 ,128.28775413,35.88393709
2017,2017081120,42,야간,금,1,1,0,0,0,강원,철원군,차대사람,횡단중,횡단중,운전자법규위반,안전운전 의무 불이행,단일로,기타단일로,승용차,승용차,보행자,보행자,992915  ,2027683 ,127.41902772,38.24947087
2017,2017081121,00,야간,금,2,7,5,0,0,전남,함평군,차대차,측면충돌,측면충돌,운전자법규위반,안전운전 의무 불이행,교차로,교차로내,승용차,승용차,승용차,승용차,911910  ,1672606 ,126.53413838,35.04465046
2017,2017081123,20,야간,금,1,1,0,0,0,인천,남구,차대사람,횡단중,횡단중,운전자법규위반,안전운전 의무 불이행,단일로,기타단일로,승용차,승용차,보행자,보행자,924695  ,1938114 ,126.64873655,37.43913566
2017,2017081204,27,야간,토,1,1,0,0,0,경기,성남시,차대사람,횡단중,횡단중,운전자법규위반,안전운전 의무 불이행,단일로,기타단일로,건설기계,건설기계,보행자,보행자,967064  ,1937181 ,127.12771103,37.43320508
2017,2017081205,20,야간,토,1,1,0,0,0,충남,부여군,차대차,측면충돌,측면충돌,운전자법규위반,중앙선 침범,단일로,교량위,농기계,농기계,화물차,화물차,945387  ,1808913 ,126.89192606,36.27595451
2017,2017081205,17,야간,토,1,1,0,0,0,제주,제주시,차대사람,횡단중,횡단중,운전자법규위반,안전운전 의무 불이행,단일로,기타단일로,승용차,승용차,보행자,보행자,910451  ,1500482 ,126.53602096,33.49244222
2017,2017081211,10,주간,토,1,1,0,0,0,서울,강동구,차대차,측면충돌,측면충돌,운전자법규위반,부당한 회전,교차로,교차로내,자전거,자전거,화물차,화물차,967195  ,1948707 ,127.12867793,37.53709933
2017,2017081217,55,주간,토,1,1,0,0,0,경북,청도군,차량단독,전도,전도,운전자법규위반,안전운전 의무 불이행,단일로,기타단일로,원동기장치자전거,원동기장치자전거,없음,없음,1105005 ,1740191 ,128.65997417,35.65231681
2017,2017081223,10,야간,토,1,1,0,0,0,강원,인제군,차량단독,전도,전도,운전자법규위반,안전운전 의무 불이행,교차로,교차로부근,이륜차,이륜차,없음,없음,1059095 ,2007635 ,128.17369282,38.06688236
2017,2017081302,02,야간,일,1,2,0,1,0,서울,동대문구,차대차,추돌,추돌,운전자법규위반,안전운전 의무 불이행,단일로,교량위,승용차,승용차,건설기계,건설기계,959450  ,1955208 ,127.0406544,37.59538645
2017,2017081304,40,야간,일,1,1,0,0,0,광주,서구,차량단독,전도,전도,운전자법규위반,안전운전 의무 불이행,단일로,기타단일로,이륜차,이륜차,없음,없음,942986  ,1681366 ,126.87424485,35.12587149
2017,2017081319,55,야간,일,1,7,4,2,0,전남,구례군,차대차,측면충돌,측면충돌,운전자법규위반,신호위반,교차로,교차로내,승용차,승용차,화물차,화물차,995878  ,1692703 ,127.45470126,35.22970609
2017,2017081323,30,야간,일,1,1,0,0,0,충남,당진시,차량단독,전도전복,전도전복,운전자법규위반,안전운전 의무 불이행,단일로,기타단일로,원동기장치자전거,원동기장치자전거,없음,없음,927300  ,1887568 ,126.68310773,36.98376372
2017,2017081401,30,야간,월,1,1,0,0,0,부산,부산진구,차대차,기타,기타,운전자법규위반,과속,단일로,고가도로위,승용차,승용차,이륜차,이륜차,1139738 ,1686025 ,129.03427384,35.1597815
2017,2017081405,40,야간,월,1,1,0,0,0,경기,동두천시,차대사람,길가장자리구역통행중,길가장자리구역통행중,운전자법규위반,안전운전 의무 불이행,단일로,기타단일로,화물차,화물차,보행자,보행자,963119  ,1988365 ,127.08053206,37.89438659
2017,2017081409,10,주간,월,1,2,1,0,0,충북,충주시,차량단독,전도,전도,운전자법규위반,안전운전 의무 불이행,교차로,교차로내,승용차,승용차,없음,없음,1040772 ,1898010 ,127.95871415,37.07981542
2017,2017081412,35,주간,월,1,1,0,0,0,경북,포항시,차량단독,전도전복,전도전복,운전자법규위반,안전운전 의무 불이행,단일로,기타단일로,승용차,승용차,없음,없음,1166244 ,1800750 ,129.3488785,36.18962464
2017,2017081413,15,주간,월,1,2,0,1,0,경북,칠곡군,차대차,정면충돌,정면충돌,운전자법규위반,중앙선 침범,단일로,기타단일로,승용차,승용차,화물차,화물차,1088980 ,1789545 ,128.48848613,36.09880773
2017,2017081413,58,주간,월,1,1,0,0,0,서울,강서구,차대차,정면충돌,정면충돌,운전자법규위반,안전운전 의무 불이행,단일로,기타단일로,이륜차,이륜차,승용차,승용차,941878  ,1950765 ,126.84196355,37.55439939
2017,2017081416,25,주간,월,1,4,0,2,1,경기,양평군,차대차,기타,기타,운전자법규위반,중앙선 침범,단일로,기타단일로,건설기계,건설기계,승용차,승용차,1013973 ,1938465 ,127.65796806,37.44525945
2017,2017081417,20,주간,월,1,2,0,1,0,강원,삼척시,차량단독,도로이탈,도로이탈 기타,운전자법규위반,과속,단일로,기타단일로,승용차,승용차,없음,없음,1150221 ,1936268 ,129.16371713,37.42111772
2017,2017081421,35,야간,월,1,3,2,0,0,인천,중구,차대차,측면충돌,측면충돌,운전자법규위반,신호위반,교차로,교차로내,승용차,승용차,승용차,승용차,912018  ,1943418 ,126.50481803,37.48581837
2017,2017081421,50,야간,월,1,1,0,0,0,광주,북구,차대사람,횡단중,횡단중,운전자법규위반,안전운전 의무 불이행,교차로,교차로부근,승용차,승용차,보행자,보행자,942942  ,1686723 ,126.87339176,35.17417134
2017,2017081423,11,야간,월,1,1,0,0,0,전남,광양시,차대사람,횡단중,횡단중,운전자법규위반,안전운전 의무 불이행,단일로,기타단일로,승용차,승용차,보행자,보행자,1007333 ,1665334 ,127.58049906,34.9829155
2017,2017081506,20,주간,화,1,1,0,0,0,경남,창녕군,차대사람,횡단중,횡단중,운전자법규위반,안전운전 의무 불이행,교차로,교차로내,승용차,승용차,보행자,보행자,1085987 ,1724883 ,128.44828527,35.51615037
2017,2017081508,32,주간,화,1,1,0,0,0,인천,중구,차대차,측면충돌,측면충돌,운전자법규위반,안전운전 의무 불이행,단일로,기타단일로,승용차,승용차,특수차,특수차,913965  ,1946318 ,126.52649873,37.51213767
2017,2017081509,25,주간,화,1,1,0,0,0,전북,완주군,차량단독,전도,전도,운전자법규위반,안전운전 의무 불이행,기타,기타,농기계,농기계,없음,없음,979465  ,1783644 ,127.27201414,36.04946599
2017,2017081512,20,주간,화,1,4,0,3,0,전남,신안군,차대차,측면충돌,측면충돌,운전자법규위반,안전운전 의무 불이행,단일로,기타단일로,승용차,승용차,승합차,승합차,862593  ,1641761 ,125.99860875,34.76109037
2017,2017081512,55,주간,화,1,1,0,0,0,서울,금천구,차대사람,횡단중,횡단중,운전자법규위반,신호위반,교차로,교차로내,승용차,승용차,보행자,보행자,947195  ,1938965 ,126.90300499,37.44836408
2017,2017081520,30,야간,화,1,1,0,0,0,광주,광산구,차대사람,길가장자리구역통행중,길가장자리구역통행중,운전자법규위반,안전운전 의무 불이행,단일로,기타단일로,승합차,승합차,보행자,보행자,933755  ,1677959 ,126.77262573,35.09217115
2017,2017081520,20,야간,화,1,1,0,0,0,경기,포천시,차대사람,횡단중,횡단중,운전자법규위반,보행자 보호의무 위반,단일로,기타단일로,화물차,화물차,보행자,보행자,975920  ,1976189 ,127.22652844,37.78507255
2017,2017081603,25,야간,수,1,1,0,0,0,경남,하동군,차량단독,공작물충돌,공작물충돌,운전자법규위반,안전운전 의무 불이행,단일로,기타단일로,화물차,화물차,없음,없음,1025528 ,1671284 ,127.77987694,35.03625146
2017,2017081615,57,주간,수,1,1,0,0,0,경북,김천시,차대차,정면충돌,정면충돌,운전자법규위반,중앙선 침범,단일로,기타단일로,승용차,승용차,화물차,화물차,1063094 ,1796963 ,128.20153477,36.16770869
2017,2017081615,50,주간,수,1,1,0,0,0,충남,금산군,차대차,추돌,추돌,운전자법규위반,안전운전 의무 불이행,단일로,기타단일로,승합차,승합차,이륜차,이륜차,999299  ,1790384 ,127.49221126,36.11044915
2017,2017081621,30,야간,수,1,1,0,0,0,충남,당진시,차량단독,공작물충돌,공작물충돌,운전자법규위반,안전운전 의무 불이행,교차로,교차로부근,승용차,승용차,없음,없음,914952  ,1890731 ,126.54401909,37.01123665
2017,2017081623,25,야간,수,3,3,0,0,0,경기,안산시,차대차,정면충돌,정면충돌,운전자법규위반,신호위반,교차로,교차로내,승용차,승용차,승용차,승용차,940656  ,1924235 ,126.83026351,37.31520269
2017,2017081700,42,야간,목,1,2,0,1,0,경기,평택시,차량단독,공작물충돌,공작물충돌,운전자법규위반,과속,단일로,기타단일로,승용차,승용차,없음,없음,966206  ,1888421 ,127.12022232,36.99365614
2017,2017081701,20,야간,목,1,1,0,0,0,경기,오산시,차대사람,횡단중,횡단중,운전자법규위반,과속,단일로,기타단일로,승용차,승용차,보행자,보행자,962121  ,1904432 ,127.07350884,37.13782483
2017,2017081702,00,야간,목,1,1,0,0,0,경남,창녕군,차량단독,공작물충돌,공작물충돌,운전자법규위반,안전운전 의무 불이행,교차로,교차로내,화물차,화물차,없음,없음,1087741 ,1731955 ,128.46839271,35.5797532
2017,2017081704,00,야간,목,1,2,1,0,0,경기,남양주시,차대차,기타,기타,운전자법규위반,중앙선 침범,교차로,교차로내,화물차,화물차,화물차,화물차,969373  ,1963715 ,127.1527021,37.67244649
2017,2017081708,01,주간,목,1,3,2,0,0,인천,부평구,차대차,기타,기타,운전자법규위반,안전운전 의무 불이행,단일로,기타단일로,승용차,승용차,화물차,화물차,931684  ,1946797 ,126.72685363,37.51788789
2017,2017081709,00,주간,목,1,1,0,0,0,경북,상주시,차대차,측면충돌,측면충돌,운전자법규위반,교차로 통행방법 위반,교차로,교차로내,화물차,화물차,이륜차,이륜차,1042196 ,1828605 ,127.97089341,36.45410266
2017,2017081717,46,주간,목,1,1,0,0,0,경기,양평군,차량단독,기타,기타,운전자법규위반,안전운전 의무 불이행,단일로,기타단일로,자전거,자전거,없음,없음,1020378 ,1932910 ,127.73022431,37.3950693
2017,2017081718,40,야간,목,1,1,0,0,0,전북,전주시,차대사람,차도통행중,차도통행중,운전자법규위반,안전운전 의무 불이행,단일로,기타단일로,승용차,승용차,보행자,보행자,967871  ,1757326 ,127.14436009,35.81187235
2017,2017081718,45,야간,목,1,1,0,0,0,전남,순천시,차량단독,도로이탈,도로이탈 추락,운전자법규위반,안전운전 의무 불이행,기타,기타,농기계,농기계,없음,없음,977681  ,1658634 ,127.2556438,34.92225752
2017,2017081718,57,야간,목,1,2,1,0,0,충남,천안시,차대사람,횡단중,횡단중,운전자법규위반,안전운전 의무 불이행,단일로,기타단일로,화물차,화물차,보행자,보행자,980919  ,1860520 ,127.28626763,36.74255455
2017,2017081719,30,야간,목,1,1,0,0,0,전남,광양시,차대차,측면충돌,측면충돌,운전자법규위반,중앙선 침범,단일로,기타단일로,자전거,자전거,승용차,승용차,1007454 ,1664268 ,127.58165964,34.97328046
2017,2017081801,05,야간,금,1,3,0,1,1,경기,수원시,차대차,기타,기타,운전자법규위반,안전운전 의무 불이행,단일로,기타단일로,승용차,승용차,승용차,승용차,951270  ,1920954 ,126.95025926,37.28624652
2017,2017081810,59,주간,금,1,1,0,0,0,전남,보성군,차량단독,전도,전도,운전자법규위반,안전운전 의무 불이행,단일로,기타단일로,원동기장치자전거,원동기장치자전거,없음,없음,953936  ,1952044 ,127.34754239,34.84202373
2017,2017081811,50,주간,금,1,1,0,0,0,경북,군위군,차량단독,공작물충돌,공작물충돌,운전자법규위반,안전운전 의무 불이행,단일로,기타단일로,건설기계,건설기계,없음,없음,1094218 ,1795865 ,128.54742369,36.15528362
2017,2017081813,41,주간,금,1,2,1,0,0,인천,서구,차대차,추돌,추돌,운전자법규위반,안전운전 의무 불이행,교차로,교차로내,화물차,화물차,이륜차,이륜차,926983  ,1951702 ,126.67324884,37.56178403
2017,2017081815,07,주간,금,1,1,0,0,0,충남,천안시,차대사람,길가장자리구역통행중,길가장자리구역통행중,운전자법규위반,안전운전 의무 불이행,단일로,기타단일로,화물차,화물차,보행자,보행자,974244  ,1875024 ,127.21100863,36.87314464
2017,2017081815,10,주간,금,1,1,0,0,0,경기,안양시,차대차,측면충돌,측면충돌,운전자법규위반,중앙선 침범,단일로,기타단일로,건설기계,건설기계,이륜차,이륜차,948187  ,1936563 ,126.91438838,37.42677028
2017,2017081816,55,주간,금,1,1,0,0,0,대전,동구,차량단독,공작물충돌,공작물충돌,운전자법규위반,안전운전 의무 불이행,단일로,기타단일로,특수차,특수차,없음,없음,1000106 ,1817113 ,127.50118137,36.35142726
2017,2017081821,57,야간,금,1,1,0,0,0,경기,광주시,차대사람,횡단중,횡단중,운전자법규위반,안전운전 의무 불이행,단일로,기타단일로,승용차,승용차,보행자,보행자,981625  ,1931973 ,127.29242811,37.38666528
2017,2017081900,15,야간,토,1,1,0,0,0,전남,여수시,차대사람,횡단중,횡단중,운전자법규위반,안전운전 의무 불이행,교차로,교차로부근,화물차,화물차,보행자,보행자,1022069 ,1638824 ,127.74109784,34.74362414
2017,2017081906,36,주간,토,1,1,0,0,0,부산,동래구,차대사람,횡단중,횡단중,운전자법규위반,안전운전 의무 불이행,교차로,교차로횡단보도내,자전거,자전거,보행자,보행자,1142911 ,1690609 ,129.06989523,35.20065451
2017,2017081908,50,주간,토,1,1,0,0,0,충북,충주시,차대사람,횡단중,횡단중,운전자법규위반,안전운전 의무 불이행,교차로,교차로내,화물차,화물차,보행자,보행자,1036934 ,1886307 ,127.91496075,36.97448195
2017,2017081909,14,주간,토,1,1,0,0,0,부산,연제구,차대사람,기타,기타,운전자법규위반,안전운전 의무 불이행,교차로,교차로부근,승용차,승용차,보행자,보행자,1144095 ,1689302 ,129.08280759,35.18873314
2017,2017081911,25,주간,토,1,1,0,0,0,전남,무안군,차량단독,도로이탈,도로이탈 기타,운전자법규위반,안전운전 의무 불이행,단일로,기타단일로,이륜차,이륜차,없음,없음,910198  ,1653768 ,126.51739925,34.87465299
2017,2017081911,10,주간,토,1,4,2,1,0,경기,평택시,차대차,정면충돌,정면충돌,운전자법규위반,안전운전 의무 불이행,교차로,교차로내,승용차,승용차,화물차,화물차,965246  ,1888358 ,127.10943695,36.99305324
2017,2017081912,55,주간,토,1,1,0,0,0,전남,순천시,차량단독,기타,기타,운전자법규위반,안전운전 의무 불이행,단일로,기타단일로,승용차,승용차,없음,없음,998695  ,1664279 ,127.48570351,34.97340626
2017,2017081913,49,주간,토,1,1,0,0,0,부산,강서구,차대사람,횡단중,횡단중,운전자법규위반,신호위반,교차로,교차로횡단보도내,화물차,화물차,보행자,보행자,1127913 ,1678015 ,128.90323121,35.08915597
2017,2017081916,30,주간,토,1,1,0,0,0,경북,성주군,차량단독,공작물충돌,공작물충돌,운전자법규위반,안전운전 의무 불이행,교차로,교차로부근,사륜오토바이(ATV),사륜오토바이(ATV),없음,없음,1061387 ,1767491 ,128.18026728,35.90212088
2017,2017081917,15,주간,토,2,4,0,2,0,전남,보성군,차량단독,공작물충돌,공작물충돌,운전자법규위반,안전운전 의무 불이행,단일로,기타단일로,승용차,승용차,없음,없음,974145  ,1643953 ,127.21606581,34.78911293
2017,2017081917,00,주간,토,1,1,0,0,0,경북,구미시,차대차,기타,기타,운전자법규위반,안전운전 의무 불이행,단일로,기타단일로,이륜차,이륜차,승용차,승용차,1082069 ,1794881 ,128.41227679,36.14751843
2017,2017081918,40,야간,토,2,3,0,1,0,강원,고성군,차량단독,공작물충돌,공작물충돌,운전자법규위반,안전운전 의무 불이행,기타,기타,승용차,승용차,없음,없음,1074563 ,2030939 ,128.35245723,38.27574671
2017,2017081919,35,야간,토,1,1,0,0,0,인천,남동구,차대차,측면충돌,측면충돌,운전자법규위반,중앙선 침범,교차로,교차로횡단보도내,자전거,자전거,이륜차,이륜차,932246  ,1934439 ,126.73442459,37.40659689
2017,2017081919,47,야간,토,1,1,0,0,0,전남,순천시,차대사람,횡단중,횡단중,운전자법규위반,안전운전 의무 불이행,단일로,기타단일로,승용차,승용차,보행자,보행자,997482  ,1668284 ,127.47240278,35.00951887
2017,2017081919,25,야간,토,1,1,0,0,0,전북,무주군,차대사람,기타,기타,운전자법규위반,안전운전 의무 불이행,단일로,기타단일로,화물차,화물차,보행자,보행자,1023865 ,1779414 ,127.76482852,36.01125314
2017,2017081923,16,야간,토,1,1,0,0,0,경기,화성시,차대사람,횡단중,횡단중,운전자법규위반,안전운전 의무 불이행,단일로,기타단일로,승용차,승용차,보행자,보행자,949151  ,1906472 ,126.92734284,37.15559754
2017,2017081923,06,야간,토,1,2,1,0,0,경남,창원시(통합),차량단독,전도,전도,운전자법규위반,안전운전 의무 불이행,기타,기타,이륜차,이륜차,없음,없음,1099907 ,1681466 ,128.59647764,35.12342867
2017,2017082001,49,야간,일,1,1,0,0,0,경기,하남시,차량단독,공작물충돌,공작물충돌,운전자법규위반,안전운전 의무 불이행,단일로,지하차도(도로)내,승용차,승용차,없음,없음,975174  ,1949924 ,127.21895045,37.5483182
2017,2017082002,35,야간,일,1,1,0,0,0,강원,강릉시,차량단독,공작물충돌,공작물충돌,운전자법규위반,안전운전 의무 불이행,단일로,기타단일로,화물차,화물차,없음,없음,1119447 ,1962237 ,128.85924448,37.60934946
2017,2017082005,55,야간,일,1,2,1,0,0,전북,부안군,차량단독,공작물충돌,공작물충돌,운전자법규위반,과속,교차로,교차로내,승용차,승용차,없음,없음,912050  ,1741268 ,126.52828558,35.66369334
2017,2017082008,40,주간,일,1,2,0,1,0,충북,충주시,차대차,추돌,추돌,운전자법규위반,안전운전 의무 불이행,단일로,기타단일로,승용차,승용차,승용차,승용차,1030846 ,1894828 ,127.84691107,37.05151168
2017,2017082008,30,주간,일,1,1,0,0,0,경기,가평군,차대차,측면충돌,측면충돌,운전자법규위반,안전운전 의무 불이행,단일로,기타단일로,화물차,화물차,이륜차,이륜차,996416  ,1966431 ,127.45934518,37.69743115