발생년,발생년월일시,발생분,주야,요일,사망자수,사상자수,중상자수,경상자수,부상신고자수,발생지시도,발생지시군구,사고유형_대분류,사고유형_중분류,사고유형,법규위반_대분류,법규위반,도로형태_대분류,도로형태,당사자종별_1당_대분류,당사자종별_1당,당사자종별_2당_대분류,당사자종별_2당,발생위치X_UTMK,발생위치Y_UTMK,경도,위도
2017,2017082013,15,주간,일,1,2,1,0,0,충남,부여군,차대차,정면충돌,정면충돌,운전자법규위반,안전운전 의무 불이행,단일로,기타단일로,승합차,승합차,화물차,화물차,935277  ,1805590 ,126.77964148,36.2453729
2017,2017082014,10,주간,일,1,1,0,0,0,충북,진천군,차량단독,전도전복,전도전복,운전자법규위반,안전운전 의무 불이행,단일로,기타단일로,승용차,승용차,없음,없음,1005222 ,1865331 ,127.55852641,36.78610222
2017,2017082015,50,주간,일,1,2,1,0,0,경기,파주시,차대차,측면충돌,측면충돌,운전자법규위반,교차로 통행방법 위반,교차로,교차로내,승용차,승용차,원동기장치자전거,원동기장치자전거,934637  ,1969679 ,126.75829666,37.72438024
2017,2017082023,55,야간,일,1,1,0,0,0,경북,김천시,차대차,추돌,추돌,운전자법규위반,안전운전 의무 불이행,단일로,기타단일로,화물차,화물차,화물차,화물차,1046243 ,1797919 ,128.01423482,36.17727852
2017,2017082023,35,야간,일,1,4,3,0,0,전북,임실군,차대차,정면충돌,정면충돌,운전자법규위반,중앙선 침범,단일로,기타단일로,화물차,화물차,승용차,승용차,983496  ,1733218 ,127.31780922,35.59489357
2017,2017082100,35,야간,월,1,1,0,0,0,울산,중구,차대사람,횡단중,횡단중,운전자법규위반,안전운전 의무 불이행,단일로,기타단일로,승용차,승용차,보행자,보행자,1163559 ,1730200 ,129.30455194,35.55431257
2017,2017082104,09,야간,월,1,1,0,0,0,경기,군포시,차대차,추돌,추돌,운전자법규위반,안전운전 의무 불이행,단일로,기타단일로,승용차,승용차,화물차,화물차,948382  ,1925029 ,126.91739689,37.32282073
2017,2017082104,59,야간,월,1,1,0,0,0,부산,부산진구,차대사람,기타,기타,운전자법규위반,안전운전 의무 불이행,단일로,기타단일로,승용차,승용차,보행자,보행자,1142363 ,1686420 ,129.06315409,35.16297358
2017,2017082104,45,야간,월,1,1,0,0,0,서울,동대문구,차대사람,보도통행중,보도통행중,운전자법규위반,안전운전 의무 불이행,교차로,교차로횡단보도내,화물차,화물차,보행자,보행자,960581  ,1953899 ,127.05353635,37.58363726
2017,2017082108,30,주간,월,1,1,0,0,0,경기,양평군,차대차,추돌,추돌,운전자법규위반,중앙선 침범,불명,불명,승용차,승용차,이륜차,이륜차,1012436 ,1941746 ,127.64064735,37.47485534
2017,2017082109,25,주간,월,1,1,0,0,0,충남,서산시,차대사람,횡단중,횡단중,운전자법규위반,안전운전 의무 불이행,교차로,교차로내,화물차,화물차,보행자,보행자,907553  ,1865174 ,126.46398104,36.78018968
2017,2017082109,10,주간,월,1,1,0,0,0,서울,성북구,차대사람,횡단중,횡단중,운전자법규위반,보행자 보호의무 위반,단일로,기타단일로,승용차,승용차,보행자,보행자,959178  ,1957125 ,127.03746634,37.61265275
2017,2017082110,35,주간,월,1,1,0,0,0,경남,김해시,차량단독,전도전복,전도전복,운전자법규위반,안전운전 의무 불이행,단일로,기타단일로,화물차,화물차,없음,없음,1121781 ,1698593 ,128.8390234,35.27541395
2017,2017082112,00,주간,월,1,1,0,0,0,부산,수영구,차대사람,차도통행중,차도통행중,운전자법규위반,안전운전 의무 불이행,단일로,기타단일로,승합차,승합차,보행자,보행자,1146853 ,1686405 ,129.11243478,35.1621923
2017,2017082115,35,주간,월,1,1,0,0,0,전남,무안군,차대사람,횡단중,횡단중,운전자법규위반,안전운전 의무 불이행,단일로,기타단일로,승합차,승합차,보행자,보행자,908619  ,1651989 ,126.50031851,34.85847221
2017,2017082117,55,주간,월,1,1,0,0,0,경북,청도군,차량단독,전도,전도,운전자법규위반,안전운전 의무 불이행,단일로,기타단일로,승용차,승용차,없음,없음,1123708 ,1744120 ,128.86713853,35.68556541
2017,2017082118,01,야간,월,1,1,0,0,0,경북,군위군,차대차,측면충돌,측면충돌,운전자법규위반,안전운전 의무 불이행,기타,기타,이륜차,이륜차,화물차,화물차,1104993 ,1789607 ,128.66635348,36.09776721
2017,2017082121,38,야간,월,1,1,0,0,0,제주,서귀포시,차대사람,기타,기타,운전자법규위반,보행자 보호의무 위반,단일로,기타단일로,승용차,승용차,보행자,보행자,900595  ,1474396 ,126.43281529,33.25632114
2017,2017082121,43,야간,월,1,1,0,0,0,전북,전주시,차대사람,기타,기타,운전자법규위반,안전운전 의무 불이행,교차로,교차로부근,이륜차,이륜차,보행자,보행자,965303  ,1759711 ,127.11575695,35.83314087
2017,2017082122,21,야간,월,1,1,0,0,0,경남,창원시(통합),차대사람,기타,기타,운전자법규위반,안전운전 의무 불이행,단일로,기타단일로,승용차,승용차,보행자,보행자,1101232 ,1696797 ,128.61290054,35.26151215
2017,2017082123,40,야간,월,1,2,0,1,0,세종,세종,차대차,추돌,추돌,운전자법규위반,안전운전 의무 불이행,단일로,기타단일로,화물차,화물차,화물차,화물차,978966  ,1827169 ,127.26530382,36.44185488
2017,2017082205,15,야간,화,1,1,0,0,0,경기,고양시,차대사람,횡단중,횡단중,운전자법규위반,안전운전 의무 불이행,교차로,교차로부근,승용차,승용차,보행자,보행자,943956  ,1965549 ,126.86435506,37.68777526
2017,2017082208,00,주간,화,1,1,0,0,0,충북,청주시,차대사람,횡단중,횡단중,운전자법규위반,안전운전 의무 불이행,단일로,기타단일로,승용차,승용차,보행자,보행자,984626  ,1846811 ,127.328066,36.61903697
2017,2017082208,44,주간,화,1,1,0,0,0,부산,부산진구,차대사람,횡단중,횡단중,운전자법규위반,안전운전 의무 불이행,단일로,기타단일로,승합차,승합차,보행자,보행자,1140172 ,1687149 ,129.0392284,35.16985273
2017,2017082208,50,주간,화,1,1,0,0,0,전남,곡성군,차량단독,공작물충돌,공작물충돌,운전자법규위반,안전운전 의무 불이행,단일로,기타단일로,승용차,승용차,없음,없음,977744  ,1683742 ,127.25566056,35.14866544
2017,2017082209,42,주간,화,1,1,0,0,0,경북,고령군,차량단독,도로이탈,도로이탈 추락,운전자법규위반,안전운전 의무 불이행,단일로,기타단일로,건설기계,건설기계,없음,없음,1074789 ,1749573 ,128.32709299,35.73965219
2017,2017082211,10,주간,화,1,1,0,0,0,전남,영암군,차량단독,공작물충돌,공작물충돌,운전자법규위반,안전운전 의무 불이행,단일로,기타단일로,이륜차,이륜차,없음,없음,922519  ,1647393 ,126.65265013,34.81830355
2017,2017082211,01,주간,화,1,1,0,0,0,경남,창원시(통합),차량단독,도로이탈,도로이탈 기타,운전자법규위반,안전운전 의무 불이행,단일로,기타단일로,이륜차,이륜차,없음,없음,1096910 ,1681335 ,128.56357538,35.12254069
2017,2017082212,05,주간,화,1,1,0,0,0,전남,해남군,차량단독,전도전복,전도전복,운전자법규위반,안전운전 의무 불이행,단일로,기타단일로,승용차,승용차,없음,없음,912643  ,1607893 ,126.54888832,34.46122595
2017,2017082215,24,주간,화,1,1,0,0,0,대전,서구,차대사람,횡단중,횡단중,운전자법규위반,안전운전 의무 불이행,단일로,기타단일로,승용차,승용차,보행자,보행자,990601  ,1816705 ,127.39525282,36.34770307
2017,2017082217,00,주간,화,1,1,0,0,0,대구,북구,차량단독,전도전복,전도전복,운전자법규위반,안전운전 의무 불이행,단일로,교량위,자전거,자전거,없음,없음,1094779 ,1767087 ,128.55021057,35.89581303
2017,2017082218,00,야간,화,1,1,0,0,0,전북,군산시,차대사람,횡단중,횡단중,운전자법규위반,보행자 보호의무 위반,교차로,교차로횡단보도내,승용차,승용차,보행자,보행자,928038  ,1774693 ,126.70190167,35.96632714
2017,2017082218,00,야간,화,1,1,0,0,0,경기,화성시,차량단독,도로이탈,도로이탈 추락,운전자법규위반,안전운전 의무 불이행,기타,기타,농기계,농기계,없음,없음,938988  ,1920030 ,126.81178563,37.27719362
2017,2017082221,53,야간,화,1,1,0,0,0,부산,동구,차대사람,횡단중,횡단중,운전자법규위반,안전운전 의무 불이행,단일로,기타단일로,승용차,승용차,보행자,보행자,1140849 ,1681353 ,129.04567187,35.11751328
2017,2017082223,28,야간,화,1,1,0,0,0,전남,담양군,차대사람,차도통행중,차도통행중,운전자법규위반,안전운전 의무 불이행,단일로,기타단일로,승용차,승용차,보행자,보행자,953647  ,1704471 ,126.98994744,35.33475089
2017,2017082223,46,야간,화,1,1,0,0,0,경기,시흥시,차대차,추돌,추돌,운전자법규위반,안전운전 의무 불이행,단일로,기타단일로,승용차,승용차,화물차,화물차,944160  ,1932388 ,126.86919161,37.38890569
2017,2017082301,55,야간,수,1,1,0,0,0,경기,평택시,차대사람,기타,기타,운전자법규위반,안전운전 의무 불이행,단일로,기타단일로,승용차,승용차,보행자,보행자,947344  ,1888272 ,126.90826962,36.99144567
2017,2017082301,55,야간,수,1,3,0,2,0,제주,제주시,차대차,측면충돌,측면충돌,운전자법규위반,신호위반,교차로,교차로내,승용차,승용차,화물차,화물차,905675  ,1497374 ,126.48494198,33.46400287
2017,2017082308,50,주간,수,1,1,0,0,0,경기,이천시,차대차,측면충돌,측면충돌,운전자법규위반,안전운전 의무 불이행,단일로,기타단일로,자전거,자전거,화물차,화물차,1007291 ,1905366 ,127.58210168,37.14698291
2017,2017082312,49,주간,수,1,1,0,0,0,경기,광주시,차대차,측면충돌,측면충돌,운전자법규위반,안전운전 의무 불이행,교차로,교차로내,화물차,화물차,이륜차,이륜차,984357  ,1940731 ,127.32310417,37.46565773
2017,2017082315,30,주간,수,1,1,0,0,0,전남,여수시,차대차,측면충돌,측면충돌,운전자법규위반,신호위반,교차로,교차로횡단보도내,화물차,화물차,자전거,자전거,1019923 ,1637421 ,127.71762036,34.73101637
2017,2017082315,02,주간,수,1,2,1,0,0,제주,제주시,차대사람,보도통행중,보도통행중,운전자법규위반,과속,교차로,교차로내,승용차,승용차,보행자,보행자,889241  ,1496249 ,126.30826075,33.45228386
2017,2017082316,55,주간,수,1,3,0,2,0,경기,부천시,차대차,측면충돌,측면충돌,운전자법규위반,교차로 통행방법 위반,교차로,교차로내,자전거,자전거,승용차,승용차,936800  ,1943167 ,126.78512985,37.48558474
2017,2017082316,50,주간,수,1,1,0,0,0,서울,성동구,차대차,측면충돌,측면충돌,운전자법규위반,안전운전 의무 불이행,교차로,교차로내,승용차,승용차,이륜차,이륜차,959805  ,1949652 ,127.04498044,37.54532428
2017,2017082318,46,야간,수,1,1,0,0,0,경기,광주시,차대차,측면충돌,측면충돌,운전자법규위반,부당한 회전,교차로,교차로부근,자전거,자전거,승용차,승용차,974183  ,1927027 ,127.20853342,37.3419058
2017,2017082323,30,야간,수,1,1,0,0,0,경기,과천시,차대사람,기타,기타,운전자법규위반,안전운전 의무 불이행,단일로,기타단일로,화물차,화물차,보행자,보행자,954496  ,1934822 ,126.98579976,37.41140964
2017,2017082401,59,야간,목,1,1,0,0,0,경기,오산시,차대사람,기타,기타,운전자법규위반,안전운전 의무 불이행,단일로,기타단일로,승용차,승용차,보행자,보행자,962252  ,1906571 ,127.07487586,37.15711098
2017,2017082404,35,야간,목,1,1,0,0,0,서울,동대문구,차대사람,기타,기타,운전자법규위반,안전운전 의무 불이행,단일로,기타단일로,화물차,화물차,보행자,보행자,962031  ,1954751 ,127.06991459,37.59137755
2017,2017082405,30,야간,목,1,1,0,0,0,경북,의성군,차량단독,전복,전복,운전자법규위반,안전운전 의무 불이행,단일로,기타단일로,이륜차,이륜차,없음,없음,1083171 ,1833351 ,128.42863024,36.49420377
2017,2017082405,30,야간,목,1,1,0,0,0,충북,제천시,차대사람,횡단중,횡단중,운전자법규위반,신호위반,교차로,교차로부근,화물차,화물차,보행자,보행자,1063405 ,1903431 ,128.21379515,37.12741988
2017,2017082407,28,주간,목,1,1,0,0,0,경남,거창군,차대차,측면충돌,측면충돌,운전자법규위반,안전운전 의무 불이행,교차로,교차로내,승용차,승용차,이륜차,이륜차,1038533 ,1743439 ,127.92585747,35.68643556
2017,2017082409,40,주간,목,1,1,0,0,0,대구,북구,차대사람,횡단중,횡단중,운전자법규위반,안전운전 의무 불이행,교차로,교차로횡단보도내,건설기계,건설기계,보행자,보행자,1094926 ,1766857 ,128.55181175,35.89372542
2017,2017082410,28,주간,목,1,1,0,0,0,전남,영광군,차대사람,차도통행중,차도통행중,운전자법규위반,안전운전 의무 불이행,단일로,기타단일로,화물차,화물차,보행자,보행자,909031  ,1697848 ,126.49979378,35.2719727
2017,2017082413,57,주간,목,1,3,2,0,0,전남,구례군,차량단독,기타,기타,운전자법규위반,안전운전 의무 불이행,단일로,기타단일로,화물차,화물차,없음,없음,1007144 ,1689509 ,127.57848127,35.20088845
2017,2017082413,45,주간,목,1,2,1,0,0,대구,달성군,차대차,추돌,추돌,운전자법규위반,안전운전 의무 불이행,단일로,기타단일로,특수차,특수차,건설기계,건설기계,1087447 ,1771239 ,128.4694349,35.93392532
2017,2017082419,15,야간,목,1,1,0,0,0,전남,여수시,차량단독,전도전복,전도전복,운전자법규위반,안전운전 의무 불이행,단일로,기타단일로,화물차,화물차,없음,없음,1025711 ,1627566 ,127.77288174,34.63870006
2017,2017082419,30,야간,목,1,3,1,1,0,제주,제주시,차대차,기타,기타,운전자법규위반,안전운전 의무 불이행,단일로,기타단일로,승용차,승용차,화물차,화물차,877240  ,1481088 ,126.18122721,33.31426251
2017,2017082420,40,야간,목,1,1,0,0,0,전남,보성군,차대차,정면충돌,정면충돌,운전자법규위반,중앙선 침범,단일로,기타단일로,사륜오토바이(ATV),사륜오토바이(ATV),화물차,화물차,960331  ,1649149 ,127.06614339,34.8361974
2017,2017082507,40,주간,금,2,5,0,3,0,경기,남양주시,차대차,측면충돌,측면충돌,운전자법규위반,신호위반,교차로,교차로부근,화물차,화물차,승용차,승용차,973382  ,1967080 ,127.19803898,37.70290119
2017,2017082509,15,주간,금,1,1,0,0,0,강원,철원군,차대차,측면충돌,측면충돌,운전자법규위반,안전운전 의무 불이행,단일로,기타단일로,원동기장치자전거,원동기장치자전거,화물차,화물차,977142  ,2019259 ,127.23903533,38.17328691
2017,2017082512,54,주간,금,1,1,0,0,0,충남,태안군,차량단독,도로이탈,도로이탈 추락,운전자법규위반,안전운전 의무 불이행,단일로,기타단일로,승용차,승용차,없음,없음,898600  ,1828428 ,126.36851515,36.44807289
2017,2017082513,30,주간,금,1,1,0,0,0,강원,인제군,차대사람,횡단중,횡단중,운전자법규위반,안전운전 의무 불이행,단일로,기타단일로,화물차,화물차,보행자,보행자,1068698 ,1996064 ,128.28205104,37.96192567
2017,2017082514,45,주간,금,1,4,3,0,0,경기,가평군,차대차,정면충돌,정면충돌,운전자법규위반,안전운전 의무 불이행,단일로,기타단일로,승합차,승합차,승용차,승용차,997347  ,1964967 ,127.46991123,37.68423874
2017,2017082514,50,주간,금,1,1,0,0,0,경기,부천시,차대차,측면충돌,측면충돌,운전자법규위반,신호위반,교차로,교차로내,승합차,승합차,이륜차,이륜차,939767  ,1943330 ,126.81867472,37.48725216
2017,2017082515,40,주간,금,1,1,0,0,0,서울,동작구,차대차,측면충돌,측면충돌,운전자법규위반,신호위반,교차로,교차로내,화물차,화물차,원동기장치자전거,원동기장치자전거,948771  ,1944670 ,126.92042491,37.4998733
2017,2017082518,42,야간,금,1,2,1,0,0,충남,천안시,차대차,정면충돌,정면충돌,운전자법규위반,중앙선 침범,교차로,교차로부근,화물차,화물차,화물차,화물차,974074  ,1863234 ,127.20950315,36.76685801
2017,2017082519,45,야간,금,1,2,0,1,0,충남,논산시,차대차,추돌,추돌,운전자법규위반,과속,단일로,고가도로위,화물차,화물차,이륜차,이륜차,960598  ,1797582 ,127.06185371,36.1745429
2017,2017082519,25,야간,금,1,1,0,0,0,전북,남원시,차대사람,횡단중,횡단중,운전자법규위반,안전운전 의무 불이행,교차로,교차로횡단보도내,승용차,승용차,보행자,보행자,989074  ,1711367 ,127.37967979,35.39794744
2017,2017082522,10,야간,금,1,1,0,0,0,강원,원주시,차대차,측면충돌,측면충돌,운전자법규위반,신호위반,교차로,교차로내,승용차,승용차,이륜차,이륜차,1040582 ,1924369 ,127.95800979,37.31741945
2017,2017082523,18,야간,금,1,1,0,0,0,서울,노원구,차대사람,차도통행중,차도통행중,운전자법규위반,안전운전 의무 불이행,단일로,기타단일로,승용차,승용차,보행자,보행자,962730  ,1959930 ,127.07756817,37.63808573
2017,2017082523,40,야간,금,1,2,1,0,0,대전,유성구,차대차,추돌,추돌,운전자법규위반,안전운전 의무 불이행,단일로,기타단일로,화물차,화물차,특수차,특수차,983117  ,1822080 ,127.31173096,36.39605828
2017,2017082601,00,야간,토,1,1,0,0,0,서울,강남구,차대차,정면충돌,정면충돌,운전자법규위반,신호위반,교차로,교차로부근,이륜차,이륜차,승용차,승용차,963995  ,1942882 ,127.09274307,37.48447671
2017,2017082603,34,야간,토,1,1,0,0,0,대구,동구,차대사람,횡단중,횡단중,운전자법규위반,과속,교차로,교차로부근,승용차,승용차,보행자,보행자,1107595 ,1764449 ,128.692058,35.87048856
2017,2017082604,10,야간,토,1,1,0,0,0,부산,북구,차량단독,공작물충돌,공작물충돌,운전자법규위반,안전운전 의무 불이행,단일로,기타단일로,이륜차,이륜차,없음,없음,1136911 ,1691910 ,129.0042159,35.21321561
2017,2017082606,30,주간,토,1,1,0,0,0,충남,논산시,차대사람,차도통행중,차도통행중,운전자법규위반,안전운전 의무 불이행,단일로,기타단일로,승용차,승용차,보행자,보행자,971569  ,1814602 ,127.18322938,36.32836976
2017,2017082607,14,주간,토,1,1,0,0,0,서울,동대문구,차량단독,기타,기타,운전자법규위반,안전운전 의무 불이행,단일로,기타단일로,이륜차,이륜차,없음,없음,958673  ,1952444 ,127.03200888,37.57043928
2017,2017082610,55,주간,토,1,3,2,0,0,경북,봉화군,차대차,정면충돌,정면충돌,운전자법규위반,중앙선 침범,단일로,기타단일로,화물차,화물차,화물차,화물차,1122149 ,1875174 ,128.8704087,36.86694679
2017,2017082610,00,주간,토,1,1,0,0,0,경북,안동시,차대차,기타,기타,운전자법규위반,안전운전 의무 불이행,단일로,기타단일로,자전거,자전거,승용차,승용차,1110260 ,1840923 ,128.732114,36.55971357
2017,2017082612,50,주간,토,1,1,0,0,0,경기,평택시,차대사람,기타,기타,운전자법규위반,안전운전 의무 불이행,교차로,교차로부근,화물차,화물차,보행자,보행자,964403  ,1888637 ,127.09995041,36.99553666
2017,2017082619,36,야간,토,1,1,0,0,0,대전,동구,차대차,기타,기타,운전자법규위반,안전운전 의무 불이행,교차로,교차로부근,승용차,승용차,승용차,승용차,995735  ,1813377 ,127.45248689,36.31773614
2017,2017082620,15,야간,토,1,1,0,0,0,제주,제주시,차대사람,차도통행중,차도통행중,운전자법규위반,안전운전 의무 불이행,기타,기타,승용차,승용차,보행자,보행자,886721  ,1494680 ,126.28134935,33.43787155
2017,2017082621,16,야간,토,1,1,0,0,0,전남,순천시,차대사람,기타,기타,운전자법규위반,안전운전 의무 불이행,단일로,기타단일로,승용차,승용차,보행자,보행자,999380  ,1661222 ,127.49322102,34.94589091
2017,2017082621,50,야간,토,1,2,1,0,0,경남,진주시,차대차,정면충돌,정면충돌,운전자법규위반,중앙선 침범,단일로,기타단일로,승용차,승용차,승용차,승용차,1073216 ,1685126 ,128.30389907,35.15872446
2017,2017082622,00,야간,토,1,1,0,0,0,인천,동구,차대사람,횡단중,횡단중,운전자법규위반,안전운전 의무 불이행,교차로,교차로부근,화물차,화물차,보행자,보행자,924473  ,1943407 ,126.64568464,37.48682189
2017,2017082623,05,야간,토,1,1,0,0,0,강원,홍천군,차량단독,기타,기타,운전자법규위반,안전운전 의무 불이행,단일로,터널안,이륜차,이륜차,없음,없음,953936  ,1952044 ,127.79799351,37.63927146
2017,2017082704,30,야간,일,1,1,0,0,0,충남,아산시,차대차,추돌,추돌,운전자법규위반,안전운전 의무 불이행,기타,기타,승용차,승용차,화물차,화물차,952665  ,1869604 ,126.9692298,36.82345193
2017,2017082705,45,야간,일,1,1,0,0,0,경북,경산시,차대차,정면충돌,정면충돌,운전자법규위반,안전운전 의무 불이행,교차로,교차로내,승용차,승용차,원동기장치자전거,원동기장치자전거,1119391 ,1764941 ,128.8225467,35.87377553
2017,2017082715,12,주간,일,1,1,0,0,0,대구,달성군,차량단독,공작물충돌,공작물충돌,운전자법규위반,안전운전 의무 불이행,단일로,기타단일로,자전거,자전거,없음,없음,1086184 ,1761521 ,128.4543831,35.84643122
2017,2017082715,03,주간,일,1,1,0,0,0,서울,강동구,차대사람,기타,기타,운전자법규위반,기타(운전자법규위반),교차로,교차로횡단보도내,자전거,자전거,보행자,보행자,969628  ,1950337 ,127.15591847,37.55208937
2017,2017082717,50,주간,일,1,3,0,2,0,강원,춘천시,차대차,측면충돌,측면충돌,운전자법규위반,중앙선 침범,단일로,기타단일로,승용차,승용차,승합차,승합차,1009715 ,1970612 ,127.61025709,37.73507135
2017,2017082719,40,야간,일,1,2,0,0,1,세종,세종,차대사람,차도통행중,차도통행중,운전자법규위반,안전운전 의무 불이행,단일로,기타단일로,승용차,승용차,보행자,보행자,973317  ,1832883 ,127.20207624,36.4932267
2017,2017082721,30,야간,일,1,1,0,0,0,경기,과천시,차대사람,차도통행중,차도통행중,운전자법규위반,안전운전 의무 불이행,단일로,기타단일로,승용차,승용차,보행자,보행자,956265  ,1938761 ,127.00555551,37.44699882
2017,2017082721,15,야간,일,1,1,0,0,0,경남,창원시(통합),차대차,기타,기타,운전자법규위반,안전운전 의무 불이행,단일로,기타단일로,화물차,화물차,이륜차,이륜차,1095495 ,1693934 ,128.54950745,35.23626424
2017,2017082802,05,야간,월,1,1,0,0,0,서울,광진구,차대차,측면충돌,측면충돌,운전자법규위반,안전거리 미확보,기타,기타,개인형이동수단(PM),개인형이동수단(PM),승용차,승용차,962376  ,1951370 ,127.07399604,37.56091775
2017,2017082805,30,야간,월,1,1,0,0,0,전북,전주시,차대사람,기타,기타,운전자법규위반,안전운전 의무 불이행,교차로,교차로내,승용차,승용차,보행자,보행자,964676  ,1759498 ,127.1088989,35.83134528
2017,2017082805,40,야간,월,1,1,0,0,0,전남,순천시,차대사람,횡단중,횡단중,운전자법규위반,안전운전 의무 불이행,단일로,기타단일로,승용차,승용차,보행자,보행자,999618  ,1661265 ,127.49581651,34.94622828
2017,2017082807,55,주간,월,1,19,9,9,0,경남,거제시,차대차,추돌,추돌,운전자법규위반,안전운전 의무 불이행,단일로,기타단일로,승합차,승합차,승용차,승용차,1098867 ,1653214 ,128.58170831,34.86881614
2017,2017082808,50,주간,월,1,1,0,0,0,서울,동대문구,차대사람,기타,기타,운전자법규위반,안전운전 의무 불이행,교차로,교차로부근,승합차,승합차,보행자,보행자,961925  ,1953382 ,127.06878511,37.57903399
2017,2017082809,35,주간,월,1,1,0,0,0,충북,괴산군,차량단독,공작물충돌,공작물충돌,운전자법규위반,기타(운전자법규위반),단일로,기타단일로,건설기계,건설기계,없음,없음,1037268 ,1873249 ,127.91807024,36.85675982
2017,2017082809,32,주간,월,1,1,0,0,0,전북,익산시,차대차,측면충돌,측면충돌,운전자법규위반,안전운전 의무 불이행,단일로,기타단일로,승용차,승용차,원동기장치자전거,원동기장치자전거,952254  ,1772268 ,126.97060348,35.94594989
2017,2017082810,40,주간,월,1,1,0,0,0,경북,칠곡군,차량단독,공작물충돌,공작물충돌,운전자법규위반,안전운전 의무 불이행,단일로,기타단일로,농기계,농기계,없음,없음,1078000 ,1777203 ,128.36530346,35.98849064
2017,2017082810,00,주간,월,1,2,1,0,0,경북,경산시,차대차,측면충돌,측면충돌,운전자법규위반,교차로 통행방법 위반,교차로,교차로내,승합차,승합차,이륜차,이륜차,1110931 ,1759045 ,128.72803185,35.82162357
2017,2017082810,20,주간,월,1,1,0,0,0,강원,횡성군,차대차,기타,기타,운전자법규위반,안전운전 의무 불이행,기타,기타,특수차,특수차,자전거,자전거,1048631 ,1941172 ,128.04995295,37.46848541
2017,2017082813,20,주간,월,1,1,0,0,0,경남,창원시(통합),차대차,기타,기타,운전자법규위반,안전운전 의무 불이행,교차로,교차로횡단보도내,승용차,승용차,특수차,특수차,1120196 ,1677396 ,128.81850997,35.08451943
2017,2017082816,15,주간,월,1,1,0,0,0,충남,부여군,차량단독,도로이탈,도로이탈 기타,운전자법규위반,안전운전 의무 불이행,단일로,기타단일로,건설기계,건설기계,없음,없음,951250  ,1799959 ,126.95776099,36.19554665
2017,2017082816,05,주간,월,1,1,0,0,0,경기,여주시,차량단독,공작물충돌,공작물충돌,운전자법규위반,안전운전 의무 불이행,단일로,기타단일로,원동기장치자전거,원동기장치자전거,없음,없음,1015301 ,1910438 ,127.67240335,37.19260579
2017,2017082817,10,주간,월,2,2,0,0,0,강원,삼척시,차량단독,공작물충돌,공작물충돌,운전자법규위반,안전운전 의무 불이행,단일로,기타단일로,승용차,승용차,없음,없음,1147245 ,1938655 ,129.16435901,37.43535788
2017,2017082820,03,야간,월,1,2,0,1,0,전남,신안군,차량단독,전도전복,전도전복,운전자법규위반,안전운전 의무 불이행,단일로,기타단일로,승합차,승합차,없음,없음,871091  ,1622944 ,126.09430719,34.59256092
2017,2017082823,40,야간,월,1,1,0,0,0,경북,청도군,차대차,기타,기타,운전자법규위반,안전운전 의무 불이행,단일로,터널안,이륜차,이륜차,승용차,승용차,1106383 ,1747895 ,128.67610458,35.72176235
2017,2017082901,05,야간,화,1,1,0,0,0,경남,창원시(통합),차대차,정면충돌,정면충돌,운전자법규위반,안전운전 의무 불이행,교차로,교차로부근,원동기장치자전거,원동기장치자전거,승용차,승용차,1104340 ,1695470 ,128.64689398,35.24922985
2017,2017082903,20,야간,화,1,1,0,0,0,경기,구리시,차대차,정면충돌,정면충돌,운전자법규위반,안전운전 의무 불이행,단일로,기타단일로,승용차,승용차,건설기계,건설기계,965657  ,1958601 ,127.1108056,37.62622123
2017,2017082907,29,주간,화,1,2,0,1,0,경남,진주시,차대차,기타,기타,운전자법규위반,신호위반,교차로,교차로내,화물차,화물차,건설기계,건설기계,1065326 ,1681349 ,128.21697593,35.1252129
2017,2017082914,35,주간,화,1,2,1,0,0,충남,아산시,차대차,정면충돌,정면충돌,운전자법규위반,중앙선 침범,단일로,기타단일로,화물차,화물차,승용차,승용차,956557  ,1863494 ,127.01321817,36.76856066
2017,2017082914,30,주간,화,1,1,0,0,0,경기,남양주시,차대사람,기타,기타,운전자법규위반,안전운전 의무 불이행,교차로,교차로내,화물차,화물차,보행자,보행자,981184  ,1955648 ,127.2868408,37.60005376
2017,2017082919,20,야간,화,1,1,0,0,0,세종,세종,차대차,추돌,추돌,운전자법규위반,안전운전 의무 불이행,단일로,기타단일로,승용차,승용차,자전거,자전거,981474  ,1835831 ,127.29308024,36.51999592
2017,2017082919,30,야간,화,1,1,0,0,0,경남,양산시,차대사람,횡단중,횡단중,운전자법규위반,보행자 보호의무 위반,단일로,기타단일로,승용차,승용차,보행자,보행자,1138650 ,1703271 ,129.02523987,35.31538571
2017,2017082923,36,야간,화,1,1,0,0,0,전남,영암군,차대차,추돌,추돌,운전자법규위반,안전운전 의무 불이행,교차로,교차로부근,승용차,승용차,농기계,농기계,924961  ,1644663 ,126.67973245,34.7937535
2017,2017083004,20,야간,수,1,5,2,2,0,강원,원주시,차대차,측면충돌,측면충돌,운전자법규위반,신호위반,교차로,교차로내,이륜차,이륜차,승용차,승용차,1039623 ,1926032 ,127.94727562,37.33245056
2017,2017083005,23,야간,수,1,1,0,0,0,서울,양천구,차대사람,기타,기타,운전자법규위반,안전운전 의무 불이행,단일로,기타단일로,화물차,화물차,보행자,보행자,943764  ,1947600 ,126.86355747,37.52599016