발생년,발생년월일시,발생분,주야,요일,사망자수,사상자수,중상자수,경상자수,부상신고자수,발생지시도,발생지시군구,사고유형_대분류,사고유형_중분류,사고유형,법규위반_대분류,법규위반,도로형태_대분류,도로형태,당사자종별_1당_대분류,당사자종별_1당,당사자종별_2당_대분류,당사자종별_2당,발생위치X_UTMK,발생위치Y_UTMK,경도,위도
2017,2017083010,35,주간,수,1,1,0,0,0,경남,김해시,차대차,측면충돌,측면충돌,운전자법규위반,안전운전 의무 불이행,교차로,교차로내,원동기장치자전거,원동기장치자전거,화물차,화물차,1121074 ,1709993 ,128.83293767,35.37826515
2017,2017083010,10,주간,수,1,1,0,0,0,전남,고흥군,차대사람,길가장자리구역통행중,길가장자리구역통행중,운전자법규위반,안전운전 의무 불이행,교차로,교차로내,화물차,화물차,보행자,보행자,985286  ,1619801 ,127.33972826,34.57206753
2017,2017083010,30,주간,수,1,1,0,0,0,강원,정선군,차대사람,횡단중,횡단중,운전자법규위반,안전운전 의무 불이행,단일로,기타단일로,건설기계,건설기계,보행자,보행자,1119384 ,1944792 ,128.85052077,37.49467439
2017,2017083011,30,주간,수,1,1,0,0,0,충북,보은군,차대차,측면충돌,측면충돌,운전자법규위반,신호위반,교차로,교차로내,이륜차,이륜차,승용차,승용차,1018492 ,1831390 ,127.70643371,36.47996039
2017,2017083013,58,주간,수,1,1,0,0,0,서울,동대문구,차대사람,횡단중,횡단중,운전자법규위반,보행자 보호의무 위반,단일로,기타단일로,건설기계,건설기계,보행자,보행자,959804  ,1953223 ,127.04477332,37.57751069
2017,2017083013,45,주간,수,1,1,0,0,0,경남,함양군,차대차,측면충돌,측면충돌,운전자법규위반,신호위반,교차로,교차로내,사륜오토바이(ATV),사륜오토바이(ATV),화물차,화물차,1016809 ,1711891 ,127.68511602,35.40259034
2017,2017083015,40,주간,수,1,2,1,0,0,충북,옥천군,차량단독,공작물충돌,공작물충돌,운전자법규위반,안전운전 의무 불이행,단일로,기타단일로,승용차,승용차,없음,없음,1007726 ,1816194 ,127.58609737,36.34311108
2017,2017083015,40,주간,수,1,1,0,0,0,전북,전주시,차대차,측면충돌,측면충돌,운전자법규위반,안전운전 의무 불이행,교차로,교차로내,승용차,승용차,이륜차,이륜차,966502  ,1757363 ,127.12939592,35.81208681
2017,2017083018,00,야간,수,1,4,3,0,0,대구,달성군,차대차,정면충돌,정면충돌,운전자법규위반,중앙선 침범,단일로,기타단일로,승용차,승용차,화물차,화물차,1085777 ,1754564 ,128.44912985,35.78374971
2017,2017083020,55,야간,수,1,2,0,1,0,충북,청주시,차대차,정면충돌,정면충돌,운전자법규위반,중앙선 침범,단일로,기타단일로,이륜차,이륜차,승용차,승용차,1015576 ,1846293 ,127.67418254,36.61436393
2017,2017083022,25,야간,수,1,1,0,0,0,충남,아산시,차대차,측면충돌,측면충돌,운전자법규위반,안전운전 의무 불이행,단일로,기타단일로,승용차,승용차,건설기계,건설기계,960613  ,1882143 ,127.05769716,36.93684719
2017,2017083100,25,야간,목,1,2,1,0,0,광주,서구,차대차,측면충돌,측면충돌,운전자법규위반,안전운전 의무 불이행,단일로,기타단일로,승용차,승용차,이륜차,이륜차,943470  ,1683919 ,126.8792591,35.14905668
2017,2017083102,52,야간,목,1,1,0,0,0,인천,남구,차대사람,횡단중,횡단중,운전자법규위반,안전운전 의무 불이행,기타,기타,승합차,승합차,보행자,보행자,927539  ,1939442 ,126.68075215,37.45133185
2017,2017083106,45,주간,목,1,1,0,0,0,경기,평택시,차대사람,횡단중,횡단중,운전자법규위반,안전운전 의무 불이행,교차로,교차로부근,화물차,화물차,보행자,보행자,959427  ,1884739 ,127.04423977,36.96019776
2017,2017083114,33,주간,목,1,1,0,0,0,서울,성북구,차대차,측면충돌,측면충돌,운전자법규위반,안전거리 미확보,단일로,기타단일로,건설기계,건설기계,원동기장치자전거,원동기장치자전거,958405  ,1956549 ,127.02874089,37.60742649
2017,2017083115,35,주간,목,1,1,0,0,0,경기,남양주시,차대차,기타,기타,운전자법규위반,안전운전 의무 불이행,단일로,기타단일로,화물차,화물차,자전거,자전거,969323  ,1963515 ,127.15214354,37.67064217
2017,2017083116,00,주간,목,1,1,0,0,0,경기,남양주시,차대차,측면충돌,측면충돌,운전자법규위반,신호위반,교차로,교차로내,이륜차,이륜차,승용차,승용차,971736  ,1962512 ,127.17954379,37.66167939
2017,2017083116,54,주간,목,1,1,0,0,0,충남,태안군,차대차,측면충돌,측면충돌,운전자법규위반,안전거리 미확보,단일로,기타단일로,이륜차,이륜차,승합차,승합차,894990  ,1843352 ,126.32621006,36.58219838
2017,2017083116,50,주간,목,1,2,0,1,0,전북,남원시,차대차,측면충돌,측면충돌,운전자법규위반,신호위반,교차로,교차로내,승용차,승용차,이륜차,이륜차,1009457 ,1718827 ,127.60422983,35.46522767
2017,2017083116,20,주간,목,1,1,0,0,0,경기,용인시,차량단독,기타,기타,운전자법규위반,신호위반,교차로,교차로부근,승합차,승합차,없음,없음,964163  ,1924964 ,127.0955124,37.32297777
2017,2017083119,45,야간,목,1,1,0,0,0,경북,김천시,차대사람,차도통행중,차도통행중,운전자법규위반,안전운전 의무 불이행,단일로,기타단일로,화물차,화물차,보행자,보행자,1056160 ,1791193 ,128.1240287,36.11611792
2017,2017083120,00,야간,목,1,2,0,1,0,경기,수원시,차대차,측면충돌,측면충돌,운전자법규위반,중앙선 침범,교차로,교차로부근,승용차,승용차,이륜차,이륜차,957877  ,1918357 ,127.02493981,37.26316064
2017,2017083120,10,야간,목,1,1,0,0,0,경북,포항시,차대사람,횡단중,횡단중,운전자법규위반,신호위반,교차로,교차로내,승용차,승용차,보행자,보행자,1167747 ,1782264 ,129.36165018,36.02278796
2017,2017083121,20,야간,목,1,1,0,0,0,전북,정읍시,차대사람,기타,기타,운전자법규위반,안전운전 의무 불이행,기타,기타,자전거,자전거,보행자,보행자,941635  ,1729636 ,126.85609212,35.56116409
2017,2017083122,15,야간,목,1,1,0,0,0,경기,김포시,차량단독,기타,기타,운전자법규위반,안전운전 의무 불이행,단일로,기타단일로,승용차,승용차,없음,없음,923297  ,1958021 ,126.63085553,37.61843433
2017,2017090100,40,야간,금,1,1,0,0,0,울산,동구,차대차,기타,기타,운전자법규위반,안전운전 의무 불이행,단일로,기타단일로,승용차,승용차,승용차,승용차,1173338 ,1723491 ,129.41095757,35.49219084
2017,2017090103,35,야간,금,2,4,0,2,0,경기,하남시,차대차,정면충돌,정면충돌,운전자법규위반,중앙선 침범,단일로,기타단일로,승용차,승용차,특수차,특수차,970148  ,1946369 ,127.16219762,37.51612621
2017,2017090105,50,야간,금,1,1,0,0,0,인천,중구,차대차,측면충돌,측면충돌,운전자법규위반,신호위반,교차로,교차로내,이륜차,이륜차,승용차,승용차,914515  ,1943296 ,126.53307253,37.48495337
2017,2017090105,00,야간,금,1,3,2,0,0,대구,달성군,차량단독,공작물충돌,공작물충돌,운전자법규위반,중앙선 침범,교차로,교차로부근,승용차,승용차,없음,없음,1087686 ,1762332 ,128.47110294,35.85360904
2017,2017090109,00,주간,금,1,1,0,0,0,경기,남양주시,차대차,기타,기타,운전자법규위반,안전운전 의무 불이행,교차로,교차로내,자전거,자전거,승용차,승용차,977407  ,1961514 ,127.24387162,37.65284123
2017,2017090111,25,주간,금,1,1,0,0,0,제주,제주시,차대사람,기타,기타,운전자법규위반,안전운전 의무 불이행,단일로,기타단일로,승용차,승용차,보행자,보행자,909751  ,1500859 ,126.52844855,33.4957833
2017,2017090111,00,주간,금,1,1,0,0,0,대구,중구,차대차,측면충돌,측면충돌,운전자법규위반,안전운전 의무 불이행,교차로,교차로횡단보도내,화물차,화물차,자전거,자전거,1098186 ,1763887 ,128.5875618,35.86663062
2017,2017090117,40,주간,금,1,1,0,0,0,충남,청양군,차대차,추돌,추돌,운전자법규위반,과속,단일로,기타단일로,화물차,화물차,자전거,자전거,950726  ,1825343 ,126.95032893,36.42435844
2017,2017090118,42,야간,금,1,1,0,0,0,충북,충주시,차대사람,기타,기타,운전자법규위반,안전운전 의무 불이행,단일로,기타단일로,화물차,화물차,보행자,보행자,1039257 ,1885693 ,127.94102749,36.96885314
2017,2017090119,55,야간,금,1,1,0,0,0,경북,경산시,차대사람,횡단중,횡단중,운전자법규위반,보행자 보호의무 위반,단일로,기타단일로,승용차,승용차,보행자,보행자,1115942 ,1757940 ,128.78333224,35.81108366
2017,2017090200,02,야간,토,1,1,0,0,0,강원,삼척시,차대차,측면충돌,측면충돌,운전자법규위반,안전운전 의무 불이행,단일로,기타단일로,승용차,승용차,승용차,승용차,1136803 ,1915862 ,129.04216518,37.2315813
2017,2017090201,49,야간,토,1,1,0,0,0,경기,군포시,차대사람,횡단중,횡단중,운전자법규위반,안전운전 의무 불이행,교차로,교차로횡단보도내,승용차,승용차,보행자,보행자,948952  ,1929340 ,126.92353313,37.36170922
2017,2017090204,28,야간,토,1,1,0,0,0,서울,용산구,차량단독,공작물충돌,공작물충돌,운전자법규위반,과속,단일로,고가도로위,승용차,승용차,없음,없음,954784  ,1949631 ,126.98814446,37.5449023
2017,2017090205,30,야간,토,1,1,0,0,0,대구,달서구,차대사람,기타,기타,운전자법규위반,안전운전 의무 불이행,교차로,교차로내,승용차,승용차,보행자,보행자,1095890 ,1762282 ,128.561941,35.8523897
2017,2017090205,25,야간,토,2,2,0,0,0,인천,부평구,차대사람,횡단중,횡단중,운전자법규위반,안전운전 의무 불이행,단일로,기타단일로,승용차,승용차,보행자,보행자,932040  ,1945308 ,126.73109483,37.50454324
2017,2017090211,00,주간,토,1,105,9,68,27,경기,용인시,차대차,기타,기타,운전자법규위반,안전운전 의무 불이행,단일로,기타단일로,승합차,승합차,승합차,승합차,966501  ,1899252 ,127.12305508,37.09129918
2017,2017090211,15,주간,토,1,1,0,0,0,전북,장수군,차량단독,전도전복,전도전복,운전자법규위반,안전운전 의무 불이행,단일로,기타단일로,농기계,농기계,없음,없음,1012419 ,1747532 ,127.6373166,35.72401449
2017,2017090215,40,주간,토,1,1,0,0,0,경남,거창군,차대사람,기타,기타,운전자법규위반,안전운전 의무 불이행,단일로,기타단일로,승용차,승용차,보행자,보행자,1032835 ,1742767 ,127.86285834,35.68058293
2017,2017090215,55,주간,토,2,20,8,10,0,충남,천안시,차대차,추돌,추돌,운전자법규위반,안전운전 의무 불이행,단일로,기타단일로,승합차,승합차,승용차,승용차,966118  ,1855124 ,127.11853573,36.69352188
2017,2017090218,40,야간,토,1,1,0,0,0,충남,보령시,차량단독,전도전복,전도전복,운전자법규위반,안전운전 의무 불이행,단일로,기타단일로,이륜차,이륜차,없음,없음,917806  ,1821011 ,126.58358588,36.38305388
2017,2017090219,52,야간,토,1,2,1,0,0,제주,제주시,차대사람,횡단중,횡단중,운전자법규위반,안전운전 의무 불이행,단일로,기타단일로,이륜차,이륜차,보행자,보행자,908305  ,1501532 ,126.51281513,33.5017296
2017,2017090220,12,야간,토,1,1,0,0,0,경기,부천시,차대사람,횡단중,횡단중,운전자법규위반,과속,교차로,교차로부근,승용차,승용차,보행자,보행자,935525  ,1946500 ,126.77041684,37.51553671
2017,2017090222,35,야간,토,1,1,0,0,0,대구,동구,차대사람,기타,기타,운전자법규위반,안전운전 의무 불이행,교차로,교차로부근,승용차,승용차,보행자,보행자,1102981 ,1766091 ,128.64094949,35.88600572
2017,2017090223,40,야간,토,1,1,0,0,0,경기,오산시,차량단독,기타,기타,운전자법규위반,안전운전 의무 불이행,단일로,기타단일로,이륜차,이륜차,없음,없음,959464  ,1909933 ,127.04329547,37.18729886
2017,2017090305,20,야간,일,1,1,0,0,0,인천,남동구,차대사람,차도통행중,차도통행중,운전자법규위반,안전운전 의무 불이행,교차로,교차로부근,승용차,승용차,보행자,보행자,929966  ,1941541 ,126.70798998,37.47043687
2017,2017090305,10,야간,일,1,1,0,0,0,부산,중구,차대사람,횡단중,횡단중,운전자법규위반,신호위반,단일로,기타단일로,승용차,승용차,보행자,보행자,1139169 ,1679720 ,129.02696681,35.10302698
2017,2017090309,24,주간,일,1,1,0,0,0,서울,성북구,차대사람,기타,기타,운전자법규위반,안전운전 의무 불이행,단일로,기타단일로,승용차,승용차,보행자,보행자,957807  ,1954211 ,127.02210073,37.58632638
2017,2017090311,10,주간,일,1,1,0,0,0,전북,완주군,차량단독,공작물충돌,공작물충돌,운전자법규위반,안전운전 의무 불이행,단일로,기타단일로,승용차,승용차,없음,없음,970355  ,1771120 ,127.17134213,35.93631704
2017,2017090312,00,주간,일,1,1,0,0,0,전북,남원시,차량단독,전복,전복,운전자법규위반,안전운전 의무 불이행,단일로,기타단일로,자전거,자전거,없음,없음,990205  ,1723757 ,127.39198546,35.50967672
2017,2017090312,25,주간,일,1,1,0,0,0,경북,구미시,차대차,측면충돌,측면충돌,운전자법규위반,직진 및 우회전차의 통행방해,교차로,교차로내,승용차,승용차,이륜차,이륜차,1072015 ,1804241 ,128.30138659,36.23269588
2017,2017090314,45,주간,일,1,1,0,0,0,경북,안동시,차대사람,기타,기타,운전자법규위반,안전운전 의무 불이행,단일로,기타단일로,이륜차,이륜차,보행자,보행자,1117578 ,1838031 ,128.81342994,36.53277569
2017,2017090317,50,주간,일,1,2,0,1,0,경기,김포시,차대차,측면충돌,측면충돌,운전자법규위반,교차로 통행방법 위반,교차로,교차로내,승용차,승용차,이륜차,이륜차,921016  ,1959768 ,126.60482288,37.63398575
2017,2017090319,50,야간,일,1,1,0,0,0,충북,청주시,차대차,측면충돌,측면충돌,운전자법규위반,신호위반,교차로,교차로횡단보도내,승용차,승용차,자전거,자전거,999022  ,1847414 ,127.48906182,36.62459656
2017,2017090321,00,야간,일,1,1,0,0,0,충남,당진시,차대사람,차도통행중,차도통행중,운전자법규위반,안전운전 의무 불이행,단일로,기타단일로,승용차,승용차,보행자,보행자,937753  ,1875919 ,126.80151285,36.87951135
2017,2017090322,58,야간,일,1,1,0,0,0,경기,포천시,차대사람,길가장자리구역통행중,길가장자리구역통행중,운전자법규위반,안전운전 의무 불이행,단일로,기타단일로,승용차,승용차,보행자,보행자,976544  ,1977286 ,127.23357951,37.79497619
2017,2017090409,25,주간,월,1,5,0,4,0,경기,구리시,차대차,측면충돌,측면충돌,운전자법규위반,안전운전 의무 불이행,단일로,기타단일로,이륜차,이륜차,승용차,승용차,968328  ,1959000 ,127.14105703,37.62991349
2017,2017090411,40,주간,월,1,1,0,0,0,충북,진천군,차대차,측면충돌,측면충돌,운전자법규위반,교차로 통행방법 위반,교차로,교차로내,승용차,승용차,이륜차,이륜차,994531  ,1887806 ,127.43854313,36.98870387
2017,2017090412,15,주간,월,1,1,0,0,0,충북,보은군,차대차,측면충돌,측면충돌,운전자법규위반,신호위반,교차로,교차로내,승용차,승용차,승용차,승용차,1009745 ,1831153 ,127.60878464,36.47795275
2017,2017090414,35,주간,월,1,4,3,0,0,강원,홍천군,차대사람,기타,기타,운전자법규위반,안전운전 의무 불이행,주차장,주차장,승용차,승용차,보행자,보행자,1042971 ,1977865 ,127.98810651,37.79948492
2017,2017090415,05,주간,월,1,1,0,0,0,충북,괴산군,차대차,추돌,추돌,운전자법규위반,안전운전 의무 불이행,단일로,기타단일로,승용차,승용차,화물차,화물차,1042974 ,1863093 ,127.98150422,36.76496724
2017,2017090417,55,주간,월,1,1,0,0,0,강원,동해시,차대차,측면충돌,측면충돌,운전자법규위반,신호위반,교차로,교차로부근,승용차,승용차,자전거,자전거,1143639 ,1947153 ,129.12527196,37.51249232
2017,2017090419,05,야간,월,2,3,0,1,0,전남,강진군,차대사람,차도통행중,차도통행중,운전자법규위반,안전운전 의무 불이행,단일로,기타단일로,원동기장치자전거,원동기장치자전거,보행자,보행자,931301  ,1625466 ,126.75059364,34.62109954
2017,2017090419,43,야간,월,1,1,0,0,0,인천,서구,차대사람,차도통행중,차도통행중,운전자법규위반,안전운전 의무 불이행,단일로,교량위,승용차,승용차,보행자,보행자,927062  ,1943100 ,126.67499742,37.4842631
2017,2017090420,15,야간,월,1,2,1,0,0,경기,양평군,차대차,정면충돌,정면충돌,운전자법규위반,중앙선 침범,단일로,기타단일로,승합차,승합차,화물차,화물차,1002397 ,1943944 ,127.52711653,37.49474803
2017,2017090504,20,야간,화,1,1,0,0,0,부산,서구,차대사람,횡단중,횡단중,운전자법규위반,안전운전 의무 불이행,단일로,기타단일로,승용차,승용차,보행자,보행자,1138974 ,1677994 ,129.02453825,35.08749557
2017,2017090504,00,야간,화,1,1,0,0,0,부산,기장군,차대사람,기타,기타,운전자법규위반,안전운전 의무 불이행,교차로,교차로부근,승용차,승용차,보행자,보행자,1153214 ,1703556 ,129.18167083,35.31833985
2017,2017090508,20,주간,화,1,1,0,0,0,서울,중랑구,차대사람,횡단중,횡단중,운전자법규위반,안전운전 의무 불이행,단일로,기타단일로,화물차,화물차,보행자,보행자,965204  ,1955758 ,127.10580735,37.60057944
2017,2017090509,40,주간,화,1,1,0,0,0,강원,춘천시,차대차,측면충돌,측면충돌,운전자법규위반,안전운전 의무 불이행,단일로,기타단일로,승용차,승용차,자전거,자전거,1020232 ,1989701 ,127.73014916,37.9069504
2017,2017090510,10,주간,화,1,2,0,1,0,경기,화성시,차대차,정면충돌,정면충돌,운전자법규위반,안전운전 의무 불이행,단일로,기타단일로,화물차,화물차,화물차,화물차,949253  ,1905363 ,126.92856673,37.14560683
2017,2017090511,57,주간,화,1,2,1,0,0,경북,고령군,차대차,정면충돌,정면충돌,운전자법규위반,중앙선 침범,단일로,기타단일로,승용차,승용차,승용차,승용차,1068034 ,1746010 ,128.25209337,35.70802002
2017,2017090515,20,주간,화,1,1,0,0,0,충남,보령시,차대사람,횡단중,횡단중,운전자법규위반,안전운전 의무 불이행,단일로,기타단일로,승용차,승용차,보행자,보행자,924606  ,1821689 ,126.65932833,36.38972319
2017,2017090516,30,주간,화,1,1,0,0,0,울산,울주군,차대차,정면충돌,정면충돌,운전자법규위반,중앙선 침범,단일로,기타단일로,화물차,화물차,이륜차,이륜차,1156003 ,1737739 ,129.22267611,35.62347636
2017,2017090520,00,야간,화,2,2,0,0,0,전북,전주시,차대사람,횡단중,횡단중,운전자법규위반,안전운전 의무 불이행,교차로,교차로내,승합차,승합차,보행자,보행자,968282  ,1756485 ,127.14907023,35.80452087
2017,2017090603,32,야간,수,1,1,0,0,0,경기,하남시,차대차,정면충돌,정면충돌,운전자법규위반,과속,단일로,기타단일로,승용차,승용차,화물차,화물차,968465  ,1946168 ,127.14316191,37.5142585
2017,2017090605,14,야간,수,1,1,0,0,0,경북,경산시,차대차,측면충돌,측면충돌,운전자법규위반,안전운전 의무 불이행,교차로,교차로내,승용차,승용차,화물차,화물차,1112474 ,1759267 ,128.74514088,35.82344898
2017,2017090608,00,주간,수,1,1,0,0,0,경기,화성시,차량단독,공작물충돌,공작물충돌,운전자법규위반,안전운전 의무 불이행,단일로,기타단일로,승용차,승용차,없음,없음,925355  ,1908096 ,126.65921429,37.16863723
2017,2017090613,24,주간,수,1,1,0,0,0,대전,대덕구,차대사람,횡단중,횡단중,운전자법규위반,안전운전 의무 불이행,교차로,교차로횡단보도내,특수차,특수차,보행자,보행자,993404  ,1826818 ,127.42640494,36.43889853
2017,2017090615,04,주간,수,1,4,0,3,0,서울,강남구,차대차,추돌,추돌,운전자법규위반,안전운전 의무 불이행,단일로,기타단일로,화물차,화물차,화물차,화물차,965645  ,1942629 ,127.11141783,37.48225915
2017,2017090617,10,주간,수,1,1,0,0,0,강원,춘천시,차대사람,차도통행중,차도통행중,운전자법규위반,안전운전 의무 불이행,교차로,교차로횡단보도내,화물차,화물차,보행자,보행자,1022207 ,1989765 ,127.75261756,37.90748115
2017,2017090622,30,야간,수,1,1,0,0,0,경기,부천시,차대사람,차도통행중,차도통행중,운전자법규위반,안전운전 의무 불이행,단일로,기타단일로,승용차,승용차,보행자,보행자,938255  ,1942765 ,126.8016203,37.48205994
2017,2017090700,22,야간,목,1,3,2,0,0,전남,광양시,차대차,정면충돌,정면충돌,운전자법규위반,중앙선 침범,단일로,기타단일로,승용차,승용차,화물차,화물차,1006978 ,1663080 ,127.57643505,34.96257108
2017,2017090701,44,야간,목,1,2,1,0,0,광주,광산구,차대차,정면충돌,정면충돌,운전자법규위반,중앙선 침범,단일로,기타단일로,승용차,승용차,승용차,승용차,942403  ,1688799 ,126.86732776,35.19285907
2017,2017090704,03,야간,목,1,2,1,0,0,충북,증평군,차량단독,공작물충돌,공작물충돌,운전자법규위반,안전운전 의무 불이행,단일로,기타단일로,승용차,승용차,없음,없음,1006337 ,1864878 ,127.57101917,36.78201174
2017,2017090704,45,야간,목,1,2,0,1,0,경기,부천시,차대차,정면충돌,정면충돌,운전자법규위반,안전운전 의무 불이행,교차로,교차로내,승용차,승용차,승합차,승합차,935929  ,1946473 ,126.77499042,37.5153215
2017,2017090710,56,주간,목,1,1,0,0,0,경남,통영시,차대차,측면충돌,측면충돌,운전자법규위반,중앙선 침범,교차로,교차로부근,승용차,승용차,사륜오토바이(ATV),사륜오토바이(ATV),1075153 ,1657034 ,128.32262302,34.90529112
2017,2017090711,50,주간,목,1,1,0,0,0,충남,공주시,차량단독,도로이탈,도로이탈 추락,운전자법규위반,안전운전 의무 불이행,단일로,기타단일로,화물차,화물차,없음,없음,963221  ,1824670 ,127.08974376,36.4188516
2017,2017090716,28,주간,목,1,3,0,0,2,충북,충주시,차대차,기타,기타,운전자법규위반,안전운전 의무 불이행,교차로,교차로내,이륜차,이륜차,승용차,승용차,1024538 ,1905751 ,127.77632606,37.15015971
2017,2017090716,30,주간,목,1,1,0,0,0,광주,남구,차대차,정면충돌,정면충돌,운전자법규위반,안전운전 의무 불이행,단일로,기타단일로,승용차,승용차,자전거,자전거,944974  ,1679861 ,126.89649646,35.11259485
2017,2017090719,15,야간,목,1,1,0,0,0,경북,포항시,차량단독,전도,전도,운전자법규위반,안전운전 의무 불이행,단일로,기타단일로,승용차,승용차,없음,없음,1167233 ,1775764 ,129.35457644,35.96430347
2017,2017090720,25,야간,목,1,1,0,0,0,서울,강동구,차대사람,기타,기타,운전자법규위반,안전운전 의무 불이행,단일로,기타단일로,승합차,승합차,보행자,보행자,970242  ,1950826 ,127.16308061,37.55630222
2017,2017090722,20,야간,목,1,1,0,0,0,경북,김천시,차대차,추돌,추돌,운전자법규위반,안전운전 의무 불이행,단일로,기타단일로,화물차,화물차,승용차,승용차,1048702 ,1794341 ,128.04135668,36.14490121
2017,2017090807,15,주간,금,1,1,0,0,0,경북,문경시,차대사람,횡단중,횡단중,운전자법규위반,안전운전 의무 불이행,교차로,교차로내,화물차,화물차,보행자,보행자,1067523 ,1854616 ,128.25579767,36.68712402
2017,2017090807,24,주간,금,1,1,0,0,0,경기,부천시,차대차,추돌,추돌,운전자법규위반,안전운전 의무 불이행,단일로,기타단일로,화물차,화물차,자전거,자전거,938576  ,1947352 ,126.80486758,37.52342396
2017,2017090807,30,주간,금,1,1,0,0,0,경북,영천시,차량단독,도로이탈,도로이탈 추락,운전자법규위반,안전운전 의무 불이행,단일로,기타단일로,화물차,화물차,없음,없음,1137652 ,1771191 ,129.02585281,35.92770908
2017,2017090809,20,주간,금,1,1,0,0,0,부산,서구,차량단독,공작물충돌,공작물충돌,운전자법규위반,안전운전 의무 불이행,단일로,기타단일로,자전거,자전거,없음,없음,1138722 ,1677618 ,129.02172257,35.08413453
2017,2017090816,15,주간,금,1,2,1,0,0,경기,이천시,차대차,측면충돌,측면충돌,운전자법규위반,안전거리 미확보,교차로,교차로부근,승용차,승용차,이륜차,이륜차,994530  ,1919677 ,127.43829907,37.27599616
2017,2017090816,55,주간,금,1,3,1,1,0,충북,충주시,차대차,추돌,추돌,운전자법규위반,안전운전 의무 불이행,단일로,기타단일로,화물차,화물차,화물차,화물차,1023934 ,1893539 ,127.76913479,37.04009414
2017,2017090819,15,야간,금,1,1,0,0,0,충남,공주시,차대사람,차도통행중,차도통행중,운전자법규위반,신호위반,교차로,교차로내,이륜차,이륜차,보행자,보행자,967525  ,1831148 ,127.13748076,36.47740662
2017,2017090822,01,야간,금,1,1,0,0,0,경북,구미시,차대사람,횡단중,횡단중,운전자법규위반,안전운전 의무 불이행,교차로,교차로내,승용차,승용차,보행자,보행자,1074599 ,1801668 ,128.32989375,36.20930511
2017,2017090822,33,야간,금,1,1,0,0,0,대전,서구,차대사람,기타,기타,운전자법규위반,안전운전 의무 불이행,교차로,교차로부근,승용차,승용차,보행자,보행자,990966  ,1815505 ,127.39933448,36.33688807
2017,2017090823,12,야간,금,1,1,0,0,0,부산,사상구,차대사람,횡단중,횡단중,운전자법규위반,안전운전 의무 불이행,교차로,교차로횡단보도내,승용차,승용차,보행자,보행자,1134486 ,1687044 ,128.97679218,35.16968345
2017,2017090900,55,야간,토,1,1,0,0,0,제주,서귀포시,차량단독,공작물충돌,공작물충돌,운전자법규위반,안전운전 의무 불이행,단일로,기타단일로,이륜차,이륜차,없음,없음,944899  ,1497493 ,126.90700852,33.46781375
2017,2017090902,15,야간,토,1,1,0,0,0,부산,동구,차대사람,기타,기타,운전자법규위반,안전운전 의무 불이행,단일로,기타단일로,승용차,승용차,보행자,보행자,1140054 ,1681181 ,129.03692125,35.11607379
2017,2017090904,45,야간,토,1,2,0,1,0,전남,나주시,차대사람,보도통행중,보도통행중,운전자법규위반,기타(운전자법규위반),교차로,교차로부근,승용차,승용차,보행자,보행자,928483  ,1672243 ,126.71594135,35.04296256
2017,2017090904,35,야간,토,1,2,1,0,0,서울,성북구,차대사람,횡단중,횡단중,운전자법규위반,안전운전 의무 불이행,단일로,기타단일로,승용차,승용차,보행자,보행자,960550  ,1956684 ,127.05303513,37.60873782
2017,2017090904,40,야간,토,1,2,0,0,1,경기,용인시,차대차,정면충돌,정면충돌,운전자법규위반,중앙선 침범,교차로,교차로부근,승용차,승용차,승용차,승용차,963833  ,1917291 ,127.09216128,37.25380239
2017,2017090908,13,주간,토,1,3,0,2,0,경북,영주시,차대차,측면충돌,측면충돌,운전자법규위반,안전운전 의무 불이행,단일로,기타단일로,화물차,화물차,승용차,승용차,1099874 ,1870483 ,128.61980867,36.82734916
2017,2017090909,21,주간,토,1,1,0,0,0,경남,함안군,차대차,측면충돌,측면충돌,운전자법규위반,교차로 통행방법 위반,교차로,교차로내,화물차,화물차,이륜차,이륜차,1072504 ,1702090 ,128.29757797,35.31172718
2017,2017090912,00,주간,토,1,1,0,0,0,경북,안동시,차량단독,전도전복,전도전복,운전자법규위반,안전운전 의무 불이행,단일로,기타단일로,사륜오토바이(ATV),사륜오토바이(ATV),없음,없음,1086331 ,1838688 ,128.4645051,36.54203104
2017,2017090913,37,주간,토,1,2,1,0,0,충북,괴산군,차대차,정면충돌,정면충돌,운전자법규위반,안전운전 의무 불이행,단일로,기타단일로,이륜차,이륜차,승용차,승용차,1029621 ,1870840 ,127.83219416,36.83531462
2017,2017090914,30,주간,토,1,1,0,0,0,경기,평택시,차량단독,전도,전도,운전자법규위반,안전운전 의무 불이행,단일로,기타단일로,기타,기타,없음,없음,953020  ,1890826 ,126.97189277,37.01476834
2017,2017090915,10,주간,토,1,1,0,0,0,전남,장흥군,차대사람,기타,기타,운전자법규위반,교차로 통행방법 위반,교차로,교차로내,화물차,화물차,보행자,보행자,948519  ,1625160 ,126.9384263,34.61934941
2017,2017090919,20,야간,토,1,1,0,0,0,경기,김포시,차대사람,횡단중,횡단중,운전자법규위반,안전운전 의무 불이행,기타,기타,승용차,승용차,보행자,보행자,935753  ,1955940 ,126.77216951,37.60063391
2017,2017090920,50,야간,토,1,1,0,0,0,인천,옹진군,차대차,측면충돌,측면충돌,운전자법규위반,중앙선 침범,단일로,교량위,화물차,화물차,이륜차,이륜차,912388  ,1917703 ,126.51204666,37.25409665
2017,2017090923,49,야간,토,1,2,1,0,0,경기,양평군,차대차,정면충돌,정면충돌,운전자법규위반,중앙선 침범,교차로,교차로내,승용차,승용차,승용차,승용차,999530  ,1944906 ,127.49468242,37.50342217