발생년,발생년월일시,발생분,주야,요일,사망자수,사상자수,중상자수,경상자수,부상신고자수,발생지시도,발생지시군구,사고유형_대분류,사고유형_중분류,사고유형,법규위반_대분류,법규위반,도로형태_대분류,도로형태,당사자종별_1당_대분류,당사자종별_1당,당사자종별_2당_대분류,당사자종별_2당,발생위치X_UTMK,발생위치Y_UTMK,경도,위도
2017,2017101612,44,주간,월,1,4,3,0,0,전북,김제시,차대차,추돌,추돌,운전자법규위반,안전거리 미확보,교차로,교차로부근,화물차,화물차,화물차,화물차,953515  ,1754587 ,126.98561581,35.78660273
2017,2017101614,50,주간,월,1,1,0,0,0,전남,나주시,차량단독,공작물충돌,공작물충돌,운전자법규위반,안전운전 의무 불이행,단일로,기타단일로,화물차,화물차,없음,없음,931656  ,1658267 ,126.75180136,34.91689042
2017,2017101616,44,주간,월,1,2,1,0,0,경기,평택시,차대차,기타,기타,운전자법규위반,안전운전 의무 불이행,단일로,기타단일로,화물차,화물차,특수차,특수차,954562  ,1895748 ,126.98892866,37.05921119
2017,2017101616,40,주간,월,1,1,0,0,0,경남,거제시,차량단독,공작물충돌,공작물충돌,운전자법규위반,안전운전 의무 불이행,단일로,기타단일로,승용차,승용차,없음,없음,1092117 ,1656922 ,128.50827508,34.90288278
2017,2017101618,50,야간,월,1,1,0,0,0,경기,광주시,차대사람,횡단중,횡단중,운전자법규위반,보행자 보호의무 위반,교차로,교차로횡단보도내,승합차,승합차,보행자,보행자,978513  ,1936371 ,127.25714596,37.42624073
2017,2017101619,00,야간,월,1,2,1,0,0,대전,서구,차대사람,횡단중,횡단중,운전자법규위반,보행자 보호의무 위반,교차로,교차로횡단보도내,승용차,승용차,보행자,보행자,989393  ,1814959 ,127.38181407,36.3319496
2017,2017101619,19,야간,월,1,1,0,0,0,인천,서구,차대사람,횡단중,횡단중,운전자법규위반,안전운전 의무 불이행,교차로,교차로부근,승합차,승합차,보행자,보행자,927060  ,1942926 ,126.67452284,37.48247242
2017,2017101620,43,야간,월,1,2,0,1,0,강원,철원군,차대사람,차도통행중,차도통행중,운전자법규위반,과속,단일로,기타단일로,화물차,화물차,보행자,보행자,984850  ,2019655 ,127.32702694,38.17701848
2017,2017101621,05,야간,월,1,2,0,1,0,경북,경주시,차대사람,차도통행중,차도통행중,운전자법규위반,안전운전 의무 불이행,교차로,교차로내,승용차,승용차,보행자,보행자,1166127 ,1743380 ,129.33558438,35.672662
2017,2017101621,58,야간,월,1,1,0,0,0,서울,은평구,차대차,측면충돌,측면충돌,운전자법규위반,신호위반,교차로,교차로횡단보도내,원동기장치자전거,원동기장치자전거,승용차,승용차,949049  ,1956510 ,126.92274736,37.60660411
2017,2017101700,17,야간,화,1,1,0,0,0,서울,마포구,차대사람,횡단중,횡단중,운전자법규위반,과속,단일로,기타단일로,승용차,승용차,보행자,보행자,947710  ,1951820 ,126.90791272,37.56425772
2017,2017101701,13,야간,화,1,1,0,0,0,대전,대덕구,차대사람,횡단중,횡단중,운전자법규위반,안전운전 의무 불이행,단일로,기타단일로,승합차,승합차,보행자,보행자,992630  ,1819713 ,127.41783649,36.37483904
2017,2017101702,57,야간,화,1,1,0,0,0,부산,해운대구,차량단독,공작물충돌,공작물충돌,운전자법규위반,안전운전 의무 불이행,단일로,기타단일로,이륜차,이륜차,없음,없음,1148457 ,1692643 ,129.13118033,35.21818081
2017,2017101705,50,야간,화,1,2,1,0,0,서울,동작구,차대차,측면충돌,측면충돌,운전자법규위반,신호위반,교차로,교차로내,승용차,승용차,원동기장치자전거,원동기장치자전거,948222  ,1944303 ,126.91423998,37.49653482
2017,2017101706,04,주간,화,1,1,0,0,0,부산,수영구,차대사람,횡단중,횡단중,운전자법규위반,신호위반,단일로,기타단일로,화물차,화물차,보행자,보행자,1146990 ,1685840 ,129.11383788,35.15707958
2017,2017101706,40,주간,화,1,4,3,0,0,강원,평창군,차대차,측면충돌,측면충돌,운전자법규위반,중앙선 침범,단일로,기타단일로,승용차,승용차,화물차,화물차,1079038 ,1932105 ,128.39281444,37.38466689
2017,2017101706,30,주간,화,1,1,0,0,0,경기,평택시,차대차,추돌,추돌,운전자법규위반,안전운전 의무 불이행,단일로,기타단일로,화물차,화물차,이륜차,이륜차,960849  ,1899406 ,127.05944994,37.09246814
2017,2017101708,53,주간,화,1,2,0,1,0,전북,정읍시,차대차,추돌,추돌,운전자법규위반,안전운전 의무 불이행,교차로,교차로부근,화물차,화물차,승합차,승합차,933278  ,1728857 ,126.76382857,35.5534626
2017,2017101709,30,주간,화,1,1,0,0,0,경북,경산시,차대차,측면충돌,측면충돌,운전자법규위반,안전운전 의무 불이행,교차로,교차로내,화물차,화물차,이륜차,이륜차,1120602 ,1753497 ,128.83423058,35.77047367
2017,2017101709,00,주간,화,1,1,0,0,0,전남,해남군,차량단독,기타,기타,운전자법규위반,안전운전 의무 불이행,단일로,기타단일로,화물차,화물차,없음,없음,908941  ,1618621 ,126.50744118,34.55763811
2017,2017101710,35,주간,화,1,1,0,0,0,전남,광양시,차대사람,보도통행중,보도통행중,운전자법규위반,안전운전 의무 불이행,단일로,기타단일로,화물차,화물차,보행자,보행자,1007070 ,1664700 ,127.57745654,34.97717876
2017,2017101715,44,주간,화,1,13,3,9,0,경기,평택시,차대차,추돌,추돌,운전자법규위반,안전운전 의무 불이행,단일로,기타단일로,승합차,승합차,화물차,화물차,968908  ,1889527 ,127.1505413,37.00371918
2017,2017101716,35,주간,화,1,1,0,0,0,강원,영월군,차대사람,기타,기타,운전자법규위반,안전운전 의무 불이행,단일로,기타단일로,승용차,승용차,보행자,보행자,1076291 ,1909417 ,128.3594589,37.18041061
2017,2017101717,29,주간,화,1,2,0,1,0,경북,김천시,차대차,정면충돌,정면충돌,운전자법규위반,중앙선 침범,단일로,기타단일로,이륜차,이륜차,승용차,승용차,1067924 ,1797605 ,128.25529045,36.17316957
2017,2017101718,10,야간,화,1,2,1,0,0,전남,순천시,차대차,정면충돌,정면충돌,운전자법규위반,중앙선 침범,단일로,기타단일로,승용차,승용차,화물차,화물차,992061  ,1651357 ,127.41314983,34.85685108
2017,2017101718,30,야간,화,1,3,0,2,0,경기,가평군,차대차,추돌,추돌,운전자법규위반,안전운전 의무 불이행,교차로,교차로부근,승합차,승합차,농기계,농기계,1000517 ,1983004 ,127.50587636,37.8468146
2017,2017101800,02,야간,수,1,1,0,0,0,충남,천안시,차대사람,차도통행중,차도통행중,운전자법규위반,안전운전 의무 불이행,단일로,기타단일로,승용차,승용차,보행자,보행자,966647  ,1884899 ,127.12533388,36.96192364
2017,2017101800,55,야간,수,1,2,1,0,0,경기,안성시,차대사람,차도통행중,차도통행중,운전자법규위반,안전운전 의무 불이행,단일로,기타단일로,승용차,승용차,보행자,보행자,969141  ,1888866 ,127.15318712,36.99776844
2017,2017101801,15,야간,수,1,1,0,0,0,전남,화순군,차량단독,공작물충돌,공작물충돌,운전자법규위반,안전운전 의무 불이행,교차로,교차로내,승용차,승용차,없음,없음,945992  ,1670378 ,126.90795161,35.02696024
2017,2017101804,50,야간,수,1,1,0,0,0,경기,수원시,차대사람,횡단중,횡단중,운전자법규위반,과속,단일로,기타단일로,승용차,승용차,보행자,보행자,953381  ,1920365 ,126.97411022,37.28104571
2017,2017101808,26,주간,수,1,1,0,0,0,경북,김천시,차대차,측면충돌,측면충돌,운전자법규위반,안전운전 의무 불이행,단일로,기타단일로,기타,기타,자전거,자전거,1067220 ,1796065 ,128.24733102,36.15933571
2017,2017101809,30,주간,수,1,1,0,0,0,강원,동해시,차대사람,기타,기타,운전자법규위반,안전운전 의무 불이행,단일로,기타단일로,승합차,승합차,보행자,보행자,1143777 ,1945186 ,129.12644825,37.49474812
2017,2017101809,57,주간,수,1,3,0,0,2,경기,하남시,차대차,추돌,추돌,운전자법규위반,안전운전 의무 불이행,단일로,기타단일로,화물차,화물차,화물차,화물차,972126  ,1953439 ,127.18431152,37.57991324
2017,2017101810,55,주간,수,1,1,0,0,0,광주,동구,차대사람,횡단중,횡단중,운전자법규위반,안전운전 의무 불이행,교차로,교차로내,승합차,승합차,보행자,보행자,948715  ,1683801 ,126.93689923,35.14778733
2017,2017101810,00,주간,수,1,4,0,3,0,충북,충주시,차대차,추돌,추돌,운전자법규위반,안전운전 의무 불이행,단일로,기타단일로,화물차,화물차,화물차,화물차,1030783 ,1887107 ,127.84588695,36.98191481
2017,2017101810,18,주간,수,1,1,0,0,0,경남,거창군,차대사람,차도통행중,차도통행중,운전자법규위반,신호위반,단일로,기타단일로,승용차,승용차,보행자,보행자,1030399 ,1761638 ,127.8366548,35.85080465
2017,2017101813,45,주간,수,1,1,0,0,0,경기,평택시,차대사람,보도통행중,보도통행중,운전자법규위반,보행자 보호의무 위반,교차로,교차로횡단보도내,승합차,승합차,보행자,보행자,963144  ,1889294 ,127.0857696,37.00141046
2017,2017101814,58,주간,수,1,2,1,0,0,전북,고창군,차대차,추돌,추돌,운전자법규위반,안전운전 의무 불이행,단일로,기타단일로,화물차,화물차,농기계,농기계,908059  ,1716521 ,126.48700771,35.44023031
2017,2017101818,24,야간,수,1,1,0,0,0,전남,순천시,차대사람,횡단중,횡단중,운전자법규위반,보행자 보호의무 위반,단일로,기타단일로,승용차,승용차,보행자,보행자,1000292 ,1656378 ,127.50970316,34.89114689
2017,2017101818,20,야간,수,1,1,0,0,0,경기,안성시,차대차,측면충돌,측면충돌,운전자법규위반,교차로 통행방법 위반,교차로,교차로내,이륜차,이륜차,승용차,승용차,981137  ,1892322 ,127.28791807,37.02923936
2017,2017101822,25,야간,수,1,2,0,1,0,충북,단양군,차대사람,횡단중,횡단중,운전자법규위반,신호위반,단일로,기타단일로,승합차,승합차,보행자,보행자,1071480 ,1893004 ,128.30370072,37.03285479
2017,2017101900,33,야간,목,1,3,1,1,0,경기,안성시,차대차,측면충돌,측면충돌,운전자법규위반,신호위반,교차로,교차로내,승용차,승용차,승용차,승용차,981743  ,1890397 ,127.29477813,37.01189874
2017,2017101906,15,주간,목,1,1,0,0,0,전남,여수시,차대사람,기타,기타,운전자법규위반,안전운전 의무 불이행,교차로,교차로횡단보도내,승용차,승용차,보행자,보행자,1022299 ,1639166 ,127.74361957,34.74670321
2017,2017101906,03,주간,목,1,4,2,1,0,경기,김포시,차대차,기타,기타,운전자법규위반,안전운전 의무 불이행,단일로,기타단일로,승용차,승용차,승용차,승용차,929537  ,1961441 ,126.70122636,37.64975696
2017,2017101909,00,주간,목,1,1,0,0,0,경기,안양시,차대사람,횡단중,횡단중,운전자법규위반,보행자 보호의무 위반,교차로,교차로부근,승합차,승합차,보행자,보행자,951408  ,1932555 ,126.95105551,37.39081935
2017,2017101912,43,주간,목,1,1,0,0,0,광주,광산구,차대차,측면충돌,측면충돌,운전자법규위반,안전운전 의무 불이행,교차로,교차로내,건설기계,건설기계,자전거,자전거,938549  ,1686706 ,126.82515218,35.1737589
2017,2017101914,00,주간,목,1,1,0,0,0,충남,태안군,차량단독,전도전복,전도전복,운전자법규위반,안전운전 의무 불이행,단일로,기타단일로,농기계,농기계,없음,없음,891078  ,1860078 ,126.28011457,36.73250967
2017,2017101915,45,주간,목,1,1,0,0,0,충남,공주시,차대차,추돌,추돌,운전자법규위반,안전운전 의무 불이행,단일로,기타단일로,화물차,화물차,화물차,화물차,961402  ,1818100 ,127.06978045,36.35955095
2017,2017101916,10,주간,목,1,1,0,0,0,대구,달성군,차대사람,횡단중,횡단중,운전자법규위반,안전운전 의무 불이행,기타,기타,승용차,승용차,보행자,보행자,1085211 ,1755203 ,128.44293582,35.78955959
2017,2017101918,20,야간,목,1,1,0,0,0,전북,완주군,차대사람,횡단중,횡단중,운전자법규위반,안전운전 의무 불이행,교차로,교차로부근,승용차,승용차,보행자,보행자,972065  ,1784015 ,127.1898449,36.05262645
2017,2017101918,21,야간,목,2,5,2,1,0,전북,익산시,차대차,측면충돌,측면충돌,운전자법규위반,안전운전 의무 불이행,단일로,기타단일로,승용차,승용차,승용차,승용차,964469  ,1784229 ,127.10550045,36.05430796
2017,2017101921,05,야간,목,1,1,0,0,0,부산,강서구,차대차,측면충돌,측면충돌,운전자법규위반,중앙선 침범,단일로,기타단일로,이륜차,이륜차,승용차,승용차,1132814 ,1687918 ,128.95858919,35.17687446
2017,2017101923,55,야간,목,1,1,0,0,0,경남,김해시,차량단독,전도전복,전도전복,운전자법규위반,안전운전 의무 불이행,단일로,기타단일로,승용차,승용차,없음,없음,1119929 ,1687707 ,128.81707787,35.17750345
2017,2017102000,00,야간,금,1,1,0,0,0,광주,광산구,차량단독,기타,기타,운전자법규위반,안전운전 의무 불이행,단일로,교량위,승용차,승용차,없음,없음,932369  ,1680647 ,126.75778516,35.11873103
2017,2017102005,30,야간,금,1,2,0,1,0,경기,부천시,차대차,추돌,추돌,운전자법규위반,안전운전 의무 불이행,교차로,교차로부근,승용차,승용차,승용차,승용차,934166  ,1944115 ,126.75525348,37.49394496
2017,2017102006,16,주간,금,1,1,0,0,0,충남,서산시,차대차,측면충돌,측면충돌,운전자법규위반,중앙선 침범,단일로,기타단일로,자전거,자전거,승용차,승용차,906021  ,1864879 ,126.44685148,36.77738003
2017,2017102006,20,주간,금,1,1,0,0,0,서울,성북구,차대사람,차도통행중,차도통행중,운전자법규위반,안전운전 의무 불이행,교차로,교차로횡단보도내,승용차,승용차,보행자,보행자,960409  ,1957437 ,127.05139689,37.61551871
2017,2017102011,45,주간,금,1,1,0,0,0,경기,구리시,차대사람,횡단중,횡단중,운전자법규위반,안전운전 의무 불이행,단일로,기타단일로,승용차,승용차,보행자,보행자,968109  ,1955748 ,127.13871696,37.60059463
2017,2017102011,20,주간,금,1,1,0,0,0,부산,부산진구,차대차,측면충돌,측면충돌,운전자법규위반,신호위반,교차로,교차로내,승용차,승용차,이륜차,이륜차,1138525 ,1685480 ,129.02180193,35.15535954
2017,2017102012,53,주간,금,2,2,0,0,0,서울,동대문구,차대사람,기타,기타,운전자법규위반,중앙선 침범,단일로,기타단일로,승용차,승용차,보행자,보행자,959661  ,1953328 ,127.04314809,37.57845082
2017,2017102013,00,주간,금,1,1,0,0,0,충남,예산군,차대차,정면충돌,정면충돌,운전자법규위반,중앙선 침범,단일로,기타단일로,이륜차,이륜차,화물차,화물차,941183  ,1859633 ,126.84125802,36.73292728
2017,2017102014,30,주간,금,1,1,0,0,0,전북,장수군,차대차,추돌,추돌,운전자법규위반,안전운전 의무 불이행,단일로,기타단일로,화물차,화물차,농기계,농기계,1002206 ,1746751 ,127.52438958,35.71704858
2017,2017102015,00,주간,금,1,6,2,3,0,경기,고양시,차대차,정면충돌,정면충돌,운전자법규위반,중앙선 침범,단일로,기타단일로,화물차,화물차,승용차,승용차,947168  ,1965800 ,126.90076513,37.69022822
2017,2017102015,30,주간,금,1,1,0,0,0,대전,대덕구,차대차,측면충돌,측면충돌,운전자법규위반,부당한 회전,교차로,교차로내,이륜차,이륜차,승합차,승합차,992661  ,1816564 ,127.4182118,36.34644982
2017,2017102017,17,주간,금,1,2,0,0,1,경기,양평군,차량단독,공작물충돌,공작물충돌,운전자법규위반,안전운전 의무 불이행,단일로,기타단일로,화물차,화물차,없음,없음,1020528 ,1949522 ,127.73238202,37.54480055
2017,2017102018,30,야간,금,1,1,0,0,0,세종,세종,차량단독,도로이탈,도로이탈 기타,운전자법규위반,안전운전 의무 불이행,교차로,교차로부근,승용차,승용차,없음,없음,981103  ,1841535 ,127.28879667,36.57141055
2017,2017102018,20,야간,금,1,1,0,0,0,경남,창원시(통합),차대사람,횡단중,횡단중,운전자법규위반,안전운전 의무 불이행,단일로,기타단일로,화물차,화물차,보행자,보행자,1098923 ,1692099 ,128.58695518,35.21938833
2017,2017102018,52,야간,금,1,1,0,0,0,전북,임실군,차대사람,횡단중,횡단중,운전자법규위반,안전운전 의무 불이행,교차로,교차로부근,승용차,승용차,보행자,보행자,979986  ,1743123 ,127.27881594,35.6841364
2017,2017102018,17,야간,금,1,2,0,1,0,서울,노원구,차대차,추돌,추돌,운전자법규위반,안전운전 의무 불이행,단일로,기타단일로,이륜차,이륜차,승용차,승용차,960910  ,1963366 ,127.05675613,37.66897929
2017,2017102018,26,야간,금,1,1,0,0,0,경북,경주시,차대차,측면충돌,측면충돌,운전자법규위반,안전운전 의무 불이행,교차로,교차로부근,화물차,화물차,자전거,자전거,1154165 ,1760950 ,129.20684617,35.83295051
2017,2017102018,36,야간,금,1,1,0,0,0,경남,산청군,차대사람,길가장자리구역통행중,길가장자리구역통행중,운전자법규위반,안전운전 의무 불이행,단일로,기타단일로,승용차,승용차,보행자,보행자,1030019 ,1697402 ,127.83006324,35.27163555
2017,2017102019,10,야간,금,1,1,0,0,0,강원,횡성군,차대사람,차도통행중,차도통행중,운전자법규위반,안전운전 의무 불이행,단일로,기타단일로,승용차,승용차,보행자,보행자,1058838 ,1935888 ,128.16495263,37.4202664
2017,2017102021,16,야간,금,1,1,0,0,0,경기,부천시,차대차,추돌,추돌,운전자법규위반,안전운전 의무 불이행,단일로,기타단일로,이륜차,이륜차,화물차,화물차,939197  ,1946934 ,126.81192954,37.51969769
2017,2017102021,35,야간,금,1,1,0,0,0,대구,달서구,차대사람,횡단중,횡단중,운전자법규위반,신호위반,교차로,교차로내,승용차,승용차,보행자,보행자,1095452 ,1760598 ,128.55706886,35.83740802
2017,2017102022,15,야간,금,1,1,0,0,0,제주,서귀포시,차대사람,횡단중,횡단중,운전자법규위반,안전운전 의무 불이행,단일로,기타단일로,승용차,승용차,보행자,보행자,904232  ,1473969 ,126.47190066,33.25279915
2017,2017102022,25,야간,금,1,6,3,2,0,광주,동구,차대차,기타,기타,운전자법규위반,중앙선 침범,단일로,고가도로위,승용차,승용차,승용차,승용차,947452  ,1682809 ,126.92240946,35.13886256
2017,2017102101,08,야간,토,1,1,0,0,0,충남,태안군,차량단독,전도전복,전도전복,운전자법규위반,안전운전 의무 불이행,교차로,교차로부근,승용차,승용차,없음,없음,896151  ,1834651 ,126.34035719,36.50390099
2017,2017102105,20,야간,토,1,11,0,0,10,경기,의왕시,차대차,추돌,추돌,운전자법규위반,안전운전 의무 불이행,단일로,기타단일로,화물차,화물차,화물차,화물차,951864  ,1925335 ,126.95667607,37.32576585
2017,2017102107,50,주간,토,1,1,0,0,0,대구,북구,차대차,측면충돌,측면충돌,운전자법규위반,신호위반,단일로,기타단일로,화물차,화물차,자전거,자전거,1097853 ,1766468 ,128.58419094,35.8899304
2017,2017102108,20,주간,토,1,1,0,0,0,충북,청주시,차대차,측면충돌,측면충돌,운전자법규위반,안전운전 의무 불이행,교차로,교차로내,건설기계,건설기계,자전거,자전거,982534  ,1845114 ,127.30503566,36.60317477
2017,2017102110,15,주간,토,1,1,0,0,0,전북,전주시,차대사람,횡단중,횡단중,운전자법규위반,보행자 보호의무 위반,교차로,교차로내,승용차,승용차,보행자,보행자,965970  ,1759949 ,127.12332606,35.83542518
2017,2017102110,30,주간,토,1,1,0,0,0,전남,곡성군,차대사람,기타,기타,운전자법규위반,안전운전 의무 불이행,단일로,기타단일로,화물차,화물차,보행자,보행자,967163  ,1697078 ,127.13896593,35.26862559
2017,2017102114,15,주간,토,1,1,0,0,0,경북,구미시,차량단독,전도전복,전도전복,운전자법규위반,안전운전 의무 불이행,단일로,기타단일로,농기계,농기계,없음,없음,1078126 ,1801930 ,128.36915281,36.21138843
2017,2017102116,04,주간,토,1,2,1,0,0,경기,포천시,차량단독,기타,기타,운전자법규위반,안전운전 의무 불이행,단일로,기타단일로,승용차,승용차,없음,없음,976874  ,2001137 ,127.23656253,38.00995259
2017,2017102116,00,주간,토,2,2,0,0,0,경기,구리시,차대차,기타,기타,운전자법규위반,중앙선 침범,단일로,기타단일로,승용차,승용차,승용차,승용차,968313  ,1959008 ,127.14088669,37.62998508
2017,2017102117,40,주간,토,1,3,2,0,0,전남,순천시,차량단독,공작물충돌,공작물충돌,운전자법규위반,안전운전 의무 불이행,교차로,교차로부근,화물차,화물차,없음,없음,993327  ,1677809 ,127.42726701,35.0977991
2017,2017102118,05,야간,토,1,1,0,0,0,경북,예천군,차대차,추돌,추돌,운전자법규위반,안전운전 의무 불이행,단일로,기타단일로,화물차,화물차,농기계,농기계,1089774 ,1856960 ,128.50510191,36.70641049
2017,2017102118,46,야간,토,1,1,0,0,0,부산,부산진구,차대사람,횡단중,횡단중,운전자법규위반,안전운전 의무 불이행,단일로,기타단일로,화물차,화물차,보행자,보행자,1142019 ,1685256 ,129.05917794,35.15253012
2017,2017102118,35,야간,토,1,1,0,0,0,충남,논산시,차량단독,전도전복,전도전복,운전자법규위반,안전운전 의무 불이행,단일로,기타단일로,이륜차,이륜차,없음,없음,956224  ,1797161 ,127.01324024,36.17055957
2017,2017102119,00,야간,토,1,1,0,0,0,인천,강화군,차대차,추돌,추돌,운전자법규위반,안전운전 의무 불이행,단일로,기타단일로,승용차,승용차,자전거,자전거,902192  ,1970890 ,126.39001867,37.73240242
2017,2017102119,50,야간,토,1,1,0,0,0,전북,순창군,차량단독,도로이탈,도로이탈 추락,운전자법규위반,안전운전 의무 불이행,단일로,기타단일로,화물차,화물차,없음,없음,969386  ,1709473 ,127.16294329,35.38045931
2017,2017102121,28,야간,토,1,1,0,0,0,경북,구미시,차대차,추돌,추돌,운전자법규위반,안전운전 의무 불이행,단일로,기타단일로,이륜차,이륜차,화물차,화물차,1075882 ,1790627 ,128.34309899,36.10967372
2017,2017102122,05,야간,토,1,2,0,1,0,전남,영암군,차대차,추돌,추돌,운전자법규위반,안전운전 의무 불이행,교차로,교차로부근,승용차,승용차,자전거,자전거,896858  ,1639983 ,126.37315172,34.74910073
2017,2017102201,06,야간,일,1,1,0,0,0,경북,영천시,차량단독,공작물충돌,공작물충돌,운전자법규위반,안전운전 의무 불이행,교차로,교차로부근,화물차,화물차,없음,없음,1125315 ,1785095 ,128.89133617,36.05469004
2017,2017102201,15,야간,일,1,1,0,0,0,경기,시흥시,차대사람,횡단중,횡단중,운전자법규위반,과속,단일로,기타단일로,승용차,승용차,보행자,보행자,932411  ,1929516 ,126.73673874,37.36223774
2017,2017102203,25,야간,일,1,1,0,0,0,대전,동구,차량단독,기타,기타,운전자법규위반,안전운전 의무 불이행,단일로,기타단일로,승용차,승용차,없음,없음,997770  ,1819062 ,127.47514099,36.3689957
2017,2017102204,00,야간,일,1,1,0,0,0,경남,김해시,차량단독,전도전복,전도전복,운전자법규위반,안전운전 의무 불이행,단일로,기타단일로,원동기장치자전거,원동기장치자전거,없음,없음,1120395 ,1688491 ,128.82230883,35.18451528
2017,2017102204,18,야간,일,1,2,0,1,0,경기,군포시,차대차,측면충돌,측면충돌,운전자법규위반,안전거리 미확보,단일로,기타단일로,이륜차,이륜차,승합차,승합차,950063  ,1925047 ,126.93636797,37.32307487
2017,2017102208,25,주간,일,1,1,0,0,0,전남,곡성군,차량단독,기타,기타,운전자법규위반,안전운전 의무 불이행,교차로,교차로부근,농기계,농기계,없음,없음,978579  ,1686270 ,127.26476199,35.17147888
2017,2017102213,10,주간,일,1,1,0,0,0,전북,익산시,차대사람,차도통행중,차도통행중,운전자법규위반,안전운전 의무 불이행,단일로,기타단일로,승용차,승용차,보행자,보행자,950960  ,1773092 ,126.95481671,35.95468775
2017,2017102213,10,주간,일,1,1,0,0,0,충북,괴산군,차량단독,기타,기타,운전자법규위반,안전운전 의무 불이행,단일로,기타단일로,이륜차,이륜차,없음,없음,1033181 ,1853082 ,127.87134582,36.67511489
2017,2017102214,45,주간,일,2,4,2,0,0,경기,수원시,차대차,측면충돌,측면충돌,운전자법규위반,신호위반,교차로,교차로내,승용차,승용차,승용차,승용차,952600  ,1917534 ,126.96548084,37.25548866
2017,2017102215,10,주간,일,1,1,0,0,0,충북,청주시,차대차,정면충돌,정면충돌,운전자법규위반,중앙선 침범,단일로,기타단일로,화물차,화물차,이륜차,이륜차,1016423 ,1845875 ,127.68364536,36.61058145
2017,2017102215,20,주간,일,1,1,0,0,0,충남,금산군,차량단독,기타,기타,운전자법규위반,안전운전 의무 불이행,단일로,기타단일로,자전거,자전거,없음,없음,999162  ,1778263 ,127.49070194,36.0011678
2017,2017102216,55,주간,일,1,2,0,1,0,제주,제주시,차량단독,공작물충돌,공작물충돌,운전자법규위반,안전운전 의무 불이행,단일로,기타단일로,승용차,승용차,없음,없음,895940  ,1496917 ,126.3802505,33.45897968
2017,2017102218,25,야간,일,1,1,0,0,0,전남,무안군,차량단독,도로이탈,도로이탈 추락,운전자법규위반,안전운전 의무 불이행,단일로,기타단일로,이륜차,이륜차,없음,없음,888952  ,1680079 ,126.28145965,35.10975687
2017,2017102218,10,야간,일,1,1,0,0,0,강원,강릉시,차대사람,기타,기타,운전자법규위반,안전운전 의무 불이행,단일로,교량위,승용차,승용차,보행자,보행자,1122517 ,1969424 ,128.89007816,37.7162193
2017,2017102223,55,야간,일,1,3,2,0,0,경북,구미시,차량단독,전도전복,전도전복,운전자법규위반,안전운전 의무 불이행,단일로,기타단일로,승용차,승용차,없음,없음,1074632 ,1793294 ,128.32946487,36.13381315
2017,2017102300,32,야간,월,1,1,0,0,0,서울,동작구,차대사람,기타,기타,운전자법규위반,안전운전 의무 불이행,단일로,기타단일로,승용차,승용차,보행자,보행자,949391  ,1945824 ,126.92735946,37.51030874
2017,2017102309,00,주간,월,1,3,0,2,0,경기,파주시,차대차,정면충돌,정면충돌,운전자법규위반,중앙선 침범,단일로,기타단일로,승용차,승용차,승용차,승용차,936842  ,1979973 ,126.78241991,37.81731012
2017,2017102311,36,주간,월,1,1,0,0,0,부산,강서구,차대사람,차도통행중,차도통행중,운전자법규위반,안전운전 의무 불이행,단일로,기타단일로,승용차,승용차,보행자,보행자,1134945 ,1691758 ,128.98211521,35.21103405
2017,2017102312,25,주간,월,2,2,0,0,0,대구,달성군,차대차,기타,기타,운전자법규위반,안전운전 의무 불이행,단일로,기타단일로,화물차,화물차,화물차,화물차,1081754 ,1752671 ,128.40442681,35.76702711
2017,2017102314,30,주간,월,1,3,0,0,2,전남,나주시,차대차,측면충돌,측면충돌,운전자법규위반,교차로 통행방법 위반,교차로,교차로내,승합차,승합차,건설기계,건설기계,919849  ,1660888 ,126.62230456,34.93965812
2017,2017102316,05,주간,월,1,1,0,0,0,전남,담양군,차량단독,전도,전도,운전자법규위반,안전운전 의무 불이행,단일로,기타단일로,농기계,농기계,없음,없음,955111  ,1693080 ,127.00667963,35.23210874
2017,2017102317,10,주간,월,1,1,0,0,0,경남,하동군,차대사람,차도통행중,차도통행중,운전자법규위반,보행자 보호의무 위반,기타,기타,화물차,화물차,보행자,보행자,1024657 ,1672960 ,127.77037759,35.05138606
2017,2017102317,55,주간,월,1,1,0,0,0,전북,진안군,차대차,측면충돌,측면충돌,운전자법규위반,중앙선 침범,단일로,기타단일로,승용차,승용차,승합차,승합차,998807  ,1758939 ,127.48679201,35.82694083
2017,2017102318,30,야간,월,1,1,0,0,0,충남,보령시,차대사람,길가장자리구역통행중,길가장자리구역통행중,운전자법규위반,안전운전 의무 불이행,단일로,기타단일로,화물차,화물차,보행자,보행자,924064  ,1816517 ,126.65379044,36.343058
2017,2017102318,00,야간,월,1,1,0,0,0,대구,달성군,차대사람,기타,기타,운전자법규위반,보행자 보호의무 위반,교차로,교차로횡단보도내,승용차,승용차,보행자,보행자,1106153 ,1748281 ,128.67372156,35.72512145
2017,2017102318,10,야간,월,1,1,0,0,0,경기,용인시,차대사람,횡단중,횡단중,운전자법규위반,안전운전 의무 불이행,단일로,기타단일로,승용차,승용차,보행자,보행자,971155  ,1926928 ,127.17435249,37.34092428
2017,2017102319,43,야간,월,1,1,0,0,0,부산,부산진구,차대사람,기타,기타,운전자법규위반,안전운전 의무 불이행,단일로,기타단일로,승합차,승합차,보행자,보행자,1140526 ,1687786 ,129.04386141,35.17528004