발생년,발생년월일시,발생분,주야,요일,사망자수,사상자수,중상자수,경상자수,부상신고자수,발생지시도,발생지시군구,사고유형_대분류,사고유형_중분류,사고유형,법규위반_대분류,법규위반,도로형태_대분류,도로형태,당사자종별_1당_대분류,당사자종별_1당,당사자종별_2당_대분류,당사자종별_2당,발생위치X_UTMK,발생위치Y_UTMK,경도,위도
2017,2017112020,36,야간,월,1,1,0,0,0,경남,고성군,차량단독,공작물충돌,공작물충돌,운전자법규위반,과속,단일로,기타단일로,승용차,승용차,없음,없음,1085390 ,1672617 ,128.4362622,35.04498169
2017,2017112101,48,야간,화,1,1,0,0,0,서울,용산구,차대사람,기타,기타,운전자법규위반,안전운전 의무 불이행,단일로,기타단일로,승용차,승용차,보행자,보행자,953230  ,1948206 ,126.9706443,37.5319809
2017,2017112104,45,야간,화,1,1,0,0,0,경북,문경시,차량단독,기타,기타,운전자법규위반,안전운전 의무 불이행,교차로,교차로부근,승합차,승합차,없음,없음,1061625 ,1844197 ,128.18894791,36.59360453
2017,2017112105,44,야간,화,1,1,0,0,0,서울,성북구,차대사람,횡단중,횡단중,운전자법규위반,안전운전 의무 불이행,교차로,교차로내,승용차,승용차,보행자,보행자,956821  ,1956482 ,127.01079918,37.60674959
2017,2017112106,40,주간,화,1,4,0,0,3,경기,고양시,차대차,추돌,추돌,운전자법규위반,안전운전 의무 불이행,단일로,기타단일로,승합차,승합차,화물차,화물차,934720  ,1960274 ,126.76008089,37.63962234
2017,2017112106,00,주간,화,1,2,1,0,0,경남,창원시(통합),차대차,추돌,추돌,운전자법규위반,안전운전 의무 불이행,단일로,기타단일로,승용차,승용차,이륜차,이륜차,1093645 ,1694820 ,128.52927949,35.24442666
2017,2017112108,18,주간,화,1,1,0,0,0,경북,포항시,차량단독,기타,기타,운전자법규위반,기타(운전자법규위반),단일로,기타단일로,화물차,화물차,없음,없음,1143534 ,1797096 ,129.09573706,36.16032857
2017,2017112113,30,주간,화,1,6,0,5,0,경기,평택시,차대차,기타,기타,운전자법규위반,안전거리 미확보,단일로,기타단일로,승용차,승용차,승용차,승용차,966993  ,1888323 ,127.12907077,36.99280071
2017,2017112114,50,주간,화,1,5,0,4,0,경기,화성시,차대차,기타,기타,운전자법규위반,안전거리 미확보,단일로,기타단일로,승용차,승용차,승합차,승합차,964104  ,1909433 ,127.09559545,37.18298187
2017,2017112115,20,주간,화,1,3,1,1,0,경기,의정부시,차대차,측면충돌,측면충돌,운전자법규위반,안전운전 의무 불이행,교차로,교차로내,승용차,승용차,승용차,승용차,961605  ,1969773 ,127.06429874,37.72675559
2017,2017112116,30,주간,화,1,1,0,0,0,전남,함평군,차대차,측면충돌,측면충돌,운전자법규위반,안전운전 의무 불이행,교차로,교차로내,이륜차,이륜차,화물차,화물차,910859  ,1674264 ,126.52243806,35.05950679
2017,2017112116,25,주간,화,1,1,0,0,0,인천,남구,차대사람,횡단중,횡단중,운전자법규위반,안전운전 의무 불이행,교차로,교차로부근,승용차,승용차,보행자,보행자,928781  ,1940767 ,126.69466493,37.46337037
2017,2017112117,10,주간,화,1,11,2,8,0,충남,서산시,차대차,기타,기타,운전자법규위반,안전운전 의무 불이행,단일로,기타단일로,화물차,화물차,승용차,승용차,917181  ,1868049 ,126.57155215,36.80699438
2017,2017112117,58,주간,화,1,1,0,0,0,전남,곡성군,차대사람,횡단중,횡단중,운전자법규위반,안전운전 의무 불이행,교차로,교차로내,승합차,승합차,보행자,보행자,966880  ,1697344 ,127.13584375,35.27101475
2017,2017112118,00,야간,화,1,1,0,0,0,경기,하남시,차대사람,횡단중,횡단중,운전자법규위반,중앙선 침범,단일로,기타단일로,화물차,화물차,보행자,보행자,973521  ,1947068 ,127.20034046,37.52252965
2017,2017112118,19,야간,화,1,1,0,0,0,충남,천안시,차대사람,횡단중,횡단중,운전자법규위반,안전운전 의무 불이행,단일로,기타단일로,승용차,승용차,보행자,보행자,980308  ,1858697 ,127.27947068,36.72610814
2017,2017112121,10,야간,화,1,2,0,1,0,충북,음성군,차대차,측면충돌,측면충돌,운전자법규위반,중앙선 침범,단일로,기타단일로,승용차,승용차,화물차,화물차,1012288 ,1900500 ,127.6382914,37.10306742
2017,2017112122,50,야간,화,1,1,0,0,0,경기,평택시,차대사람,기타,기타,운전자법규위반,안전운전 의무 불이행,교차로,교차로부근,승용차,승용차,보행자,보행자,960728  ,1897672 ,127.05817914,37.07683274
2017,2017112122,35,야간,화,1,1,0,0,0,경기,포천시,차량단독,전도,전도,운전자법규위반,안전운전 의무 불이행,단일로,기타단일로,승용차,승용차,없음,없음,966522  ,1975880 ,127.11981343,37.78199148
2017,2017112123,35,야간,화,1,1,0,0,0,경북,포항시,차대사람,기타,기타,운전자법규위반,안전운전 의무 불이행,단일로,기타단일로,승용차,승용차,보행자,보행자,1168715 ,1785547 ,129.37308852,36.05220404
2017,2017112200,15,야간,수,1,1,0,0,0,경북,경산시,차량단독,공작물충돌,공작물충돌,운전자법규위반,안전운전 의무 불이행,단일로,기타단일로,승용차,승용차,없음,없음,1110866 ,1752462 ,128.7264002,35.76229054
2017,2017112202,40,야간,수,1,1,0,0,0,경남,남해군,차량단독,공작물충돌,공작물충돌,운전자법규위반,안전운전 의무 불이행,단일로,기타단일로,원동기장치자전거,원동기장치자전거,없음,없음,1038392 ,1649074 ,127.91988707,34.8355701
2017,2017112205,30,야간,수,1,1,0,0,0,전남,목포시,차대차,기타,기타,운전자법규위반,안전운전 의무 불이행,교차로,교차로내,건설기계,건설기계,자전거,자전거,902054  ,1647254 ,126.42906314,34.81516943
2017,2017112206,15,주간,수,1,2,1,0,0,부산,부산진구,차대사람,기타,기타,운전자법규위반,안전운전 의무 불이행,단일로,기타단일로,승용차,승용차,보행자,보행자,1139836 ,1686614 ,129.0354493,35.16507709
2017,2017112206,13,주간,수,1,1,0,0,0,인천,연수구,차대차,측면충돌,측면충돌,운전자법규위반,안전운전 의무 불이행,단일로,기타단일로,승용차,승용차,승용차,승용차,923884  ,1932292 ,126.64016981,37.38659687
2017,2017112207,35,주간,수,1,1,0,0,0,경기,여주시,차량단독,기타,기타,운전자법규위반,안전운전 의무 불이행,단일로,기타단일로,승합차,승합차,없음,없음,992905  ,1931156 ,127.41985947,37.37945599
2017,2017112208,36,주간,수,1,1,0,0,0,전남,강진군,차대차,측면충돌,측면충돌,운전자법규위반,직진 및 우회전차의 통행방해,교차로,교차로내,원동기장치자전거,원동기장치자전거,승용차,승용차,933779  ,1627573 ,126.77745837,34.64026199
2017,2017112208,50,주간,수,1,1,0,0,0,경기,용인시,차대사람,횡단중,횡단중,운전자법규위반,신호위반,교차로,교차로내,승합차,승합차,보행자,보행자,961577  ,1925420 ,127.06630167,37.32698463
2017,2017112209,40,주간,수,1,2,0,0,1,전남,나주시,차대차,측면충돌,측면충돌,운전자법규위반,교차로 통행방법 위반,교차로,교차로내,승용차,승용차,건설기계,건설기계,929309  ,1661204 ,126.72586079,34.94321163
2017,2017112209,25,주간,수,1,2,1,0,0,충남,당진시,차대차,추돌,추돌,운전자법규위반,안전운전 의무 불이행,단일로,기타단일로,승용차,승용차,화물차,화물차,936628  ,1883998 ,126.78821342,36.95225946
2017,2017112210,50,주간,수,1,1,0,0,0,대전,중구,차대사람,길가장자리구역통행중,길가장자리구역통행중,운전자법규위반,안전운전 의무 불이행,단일로,기타단일로,화물차,화물차,보행자,보행자,994421  ,1813203 ,127.43784987,36.31616074
2017,2017112211,00,주간,수,1,1,0,0,0,전남,완도군,차량단독,도로이탈,도로이탈 추락,운전자법규위반,안전운전 의무 불이행,교차로,교차로내,이륜차,이륜차,없음,없음,935036  ,1594146 ,126.79371846,34.3389142
2017,2017112211,41,주간,수,1,2,1,0,0,경북,문경시,차대차,측면충돌,측면충돌,운전자법규위반,중앙선 침범,교차로,교차로부근,승용차,승용차,화물차,화물차,1052823 ,1850915 ,128.09101164,36.65469224
2017,2017112213,04,주간,수,1,1,0,0,0,광주,서구,차대차,측면충돌,측면충돌,운전자법규위반,과속,단일로,기타단일로,승용차,승용차,자전거,자전거,943249  ,1684979 ,126.87688301,35.15846368
2017,2017112213,05,주간,수,1,1,0,0,0,경기,포천시,차량단독,기타,기타,운전자법규위반,안전운전 의무 불이행,단일로,기타단일로,화물차,화물차,없음,없음,973885  ,1974321 ,127.20348489,37.76818014
2017,2017112217,55,주간,수,1,1,0,0,0,인천,강화군,차대사람,횡단중,횡단중,운전자법규위반,안전운전 의무 불이행,단일로,기타단일로,승용차,승용차,보행자,보행자,906887  ,1967785 ,126.44368913,37.70491043
2017,2017112217,50,주간,수,1,1,0,0,0,경남,창원시(통합),차대사람,횡단중,횡단중,운전자법규위반,안전운전 의무 불이행,교차로,교차로횡단보도내,승합차,승합차,보행자,보행자,1088054 ,1680286 ,128.46628309,35.11389678
2017,2017112218,00,야간,수,2,6,1,3,0,경기,이천시,차대차,기타,기타,운전자법규위반,신호위반,교차로,교차로부근,승용차,승용차,승용차,승용차,1009110 ,1901768 ,127.60254108,37.11453381
2017,2017112219,15,야간,수,1,1,0,0,0,전북,정읍시,차대사람,횡단중,횡단중,운전자법규위반,안전운전 의무 불이행,단일로,기타단일로,화물차,화물차,보행자,보행자,934419  ,1729615 ,126.77635536,35.56037284
2017,2017112222,20,야간,수,1,3,2,0,0,충남,아산시,차대사람,횡단중,횡단중,운전자법규위반,신호위반,교차로,교차로횡단보도내,승용차,승용차,보행자,보행자,957076  ,1864617 ,127.01897017,36.77870754
2017,2017112306,48,주간,목,1,1,0,0,0,경기,안양시,차대사람,횡단중,횡단중,운전자법규위반,안전운전 의무 불이행,단일로,기타단일로,승용차,승용차,보행자,보행자,950042  ,1931583 ,126.93569013,37.38198568
2017,2017112306,10,주간,목,1,1,0,0,0,경남,통영시,차대사람,횡단중,횡단중,운전자법규위반,안전운전 의무 불이행,단일로,기타단일로,화물차,화물차,보행자,보행자,1083885 ,1644841 ,128.41697247,34.79466841
2017,2017112313,12,주간,목,1,1,0,0,0,대전,동구,차대사람,보도통행중,보도통행중,운전자법규위반,안전운전 의무 불이행,교차로,교차로내,화물차,화물차,보행자,보행자,996887  ,1814450 ,127.46531616,36.32741414
2017,2017112316,25,주간,목,1,1,0,0,0,경남,함안군,차대사람,횡단중,횡단중,운전자법규위반,보행자 보호의무 위반,단일로,기타단일로,승용차,승용차,보행자,보행자,1093937 ,1702806 ,128.53340285,35.31639754
2017,2017112317,55,주간,목,1,1,0,0,0,경기,화성시,차대사람,횡단중,횡단중,운전자법규위반,안전운전 의무 불이행,단일로,기타단일로,승용차,승용차,보행자,보행자,957157  ,1911975 ,127.01718695,37.20560202
2017,2017112317,50,주간,목,1,1,0,0,0,전남,진도군,차대사람,길가장자리구역통행중,길가장자리구역통행중,운전자법규위반,안전운전 의무 불이행,단일로,기타단일로,승용차,승용차,보행자,보행자,887841  ,1604943 ,126.27928818,34.43222919
2017,2017112318,00,야간,목,1,1,0,0,0,경남,하동군,차대차,추돌,추돌,운전자법규위반,안전운전 의무 불이행,단일로,기타단일로,승용차,승용차,자전거,자전거,1036957 ,1670455 ,127.90513986,35.02842252
2017,2017112318,43,야간,목,1,1,0,0,0,강원,영월군,차대사람,횡단중,횡단중,운전자법규위반,보행자 보호의무 위반,교차로,교차로횡단보도내,승용차,승용차,보행자,보행자,1085731 ,1909662 ,128.46582064,37.1817997
2017,2017112319,20,야간,목,1,1,0,0,0,서울,관악구,차대사람,차도통행중,차도통행중,운전자법규위반,안전운전 의무 불이행,단일로,기타단일로,승용차,승용차,보행자,보행자,947462  ,1942505 ,126.90577097,37.48028615
2017,2017112321,38,야간,목,1,1,0,0,0,경남,창녕군,차대사람,차도통행중,차도통행중,운전자법규위반,안전운전 의무 불이행,단일로,기타단일로,승용차,승용차,보행자,보행자,1088826 ,1711098 ,128.47808516,35.39162229
2017,2017112321,20,야간,목,1,1,0,0,0,경기,수원시,차량단독,기타,기타,운전자법규위반,안전운전 의무 불이행,단일로,기타단일로,개인형이동수단(PM),개인형이동수단(PM),없음,없음,958005  ,1916573 ,127.026484,37.24708592
2017,2017112321,18,야간,목,1,1,0,0,0,경북,경산시,차대사람,기타,기타,운전자법규위반,안전운전 의무 불이행,단일로,기타단일로,화물차,화물차,보행자,보행자,1111495 ,1760516 ,128.73447953,35.83481937
2017,2017112401,32,야간,금,1,1,0,0,0,경기,수원시,차대사람,기타,기타,운전자법규위반,안전운전 의무 불이행,교차로,교차로부근,승합차,승합차,보행자,보행자,958269  ,1921522 ,127.02918297,37.29170666
2017,2017112402,15,야간,금,1,1,0,0,0,세종,세종,차대차,추돌,추돌,운전자법규위반,안전운전 의무 불이행,단일로,기타단일로,화물차,화물차,승용차,승용차,974718  ,1838487 ,127.21753509,36.54378508
2017,2017112403,00,야간,금,1,1,0,0,0,충북,옥천군,차대차,측면충돌,측면충돌,운전자법규위반,안전운전 의무 불이행,단일로,기타단일로,화물차,화물차,화물차,화물차,1002012 ,1816287 ,127.52242167,36.34397843
2017,2017112406,03,주간,금,1,2,0,1,0,서울,구로구,차대사람,기타,기타,운전자법규위반,신호위반,교차로,교차로내,화물차,화물차,보행자,보행자,941617  ,1943339 ,126.83959898,37.4874521
2017,2017112407,12,주간,금,1,1,0,0,0,경북,경주시,차대사람,횡단중,횡단중,운전자법규위반,안전운전 의무 불이행,단일로,기타단일로,승합차,승합차,보행자,보행자,1175357 ,1756994 ,129.44049322,35.79374242
2017,2017112408,30,주간,금,1,1,0,0,0,경기,화성시,차대사람,차도통행중,차도통행중,운전자법규위반,안전운전 의무 불이행,단일로,기타단일로,승합차,승합차,보행자,보행자,952221  ,1905900 ,126.96195203,37.15060366
2017,2017112409,26,주간,금,1,1,0,0,0,경북,구미시,차대사람,기타,기타,운전자법규위반,보행자 보호의무 위반,교차로,교차로부근,승합차,승합차,보행자,보행자,1077035 ,1788412 ,128.35569176,36.08961515
2017,2017112409,39,주간,금,1,1,0,0,0,전북,김제시,차대사람,차도통행중,차도통행중,운전자법규위반,안전운전 의무 불이행,단일로,기타단일로,화물차,화물차,보행자,보행자,944288  ,1756771 ,126.8833663,35.80581299
2017,2017112417,07,주간,금,1,1,0,0,0,경기,남양주시,차대차,기타,기타,운전자법규위반,중앙선 침범,단일로,기타단일로,이륜차,이륜차,승용차,승용차,982513  ,1969767 ,127.30155795,37.72733965
2017,2017112417,55,주간,금,1,1,0,0,0,강원,춘천시,차대사람,횡단중,횡단중,운전자법규위반,중앙선 침범,단일로,기타단일로,승합차,승합차,보행자,보행자,1020460 ,1999841 ,127.73303128,37.99833608
2017,2017112418,50,야간,금,1,1,0,0,0,경기,안성시,차대사람,횡단중,횡단중,운전자법규위반,안전운전 의무 불이행,교차로,교차로부근,승용차,승용차,보행자,보행자,993952  ,1897753 ,127.43195678,37.07836628
2017,2017112418,45,야간,금,1,1,0,0,0,경남,진주시,차대차,추돌,추돌,운전자법규위반,안전운전 의무 불이행,단일로,기타단일로,화물차,화물차,자전거,자전거,1060464 ,1700522 ,128.16502537,35.2983905
2017,2017112418,00,야간,금,1,1,0,0,0,경북,영주시,차대사람,횡단중,횡단중,운전자법규위반,안전운전 의무 불이행,단일로,기타단일로,건설기계,건설기계,보행자,보행자,1099961 ,1869524 ,128.62078267,36.81863316
2017,2017112418,30,야간,금,1,1,0,0,0,충북,괴산군,차대차,측면충돌,측면충돌,운전자법규위반,안전운전 의무 불이행,단일로,기타단일로,승용차,승용차,자전거,자전거,1027547 ,1867852 ,127.80882669,36.8084418
2017,2017112500,28,야간,토,1,1,0,0,0,부산,부산진구,차대사람,횡단중,횡단중,운전자법규위반,안전운전 의무 불이행,단일로,기타단일로,승용차,승용차,보행자,보행자,1141726 ,1685811 ,129.05605752,35.15757417
2017,2017112502,00,야간,토,1,3,0,2,0,광주,서구,차대차,기타,기타,운전자법규위반,안전운전 의무 불이행,교차로,교차로부근,승용차,승용차,승용차,승용차,942005  ,1685198 ,126.86320944,35.16036731
2017,2017112506,50,주간,토,1,1,0,0,0,인천,남동구,차대사람,횡단중,횡단중,운전자법규위반,신호위반,단일로,기타단일로,화물차,화물차,보행자,보행자,929646  ,1938513 ,126.70466052,37.44312162
2017,2017112506,30,주간,토,1,1,0,0,0,경남,거제시,차대사람,차도통행중,차도통행중,운전자법규위반,안전운전 의무 불이행,교차로,교차로부근,승용차,승용차,보행자,보행자,1102686 ,1654337 ,128.62362294,34.87856213
2017,2017112507,00,주간,토,1,1,0,0,0,경남,창원시(통합),차대차,측면충돌,측면충돌,운전자법규위반,신호위반,교차로,교차로부근,화물차,화물차,이륜차,이륜차,1096860 ,1693547 ,128.56446117,35.23264423
2017,2017112508,05,주간,토,1,2,0,0,1,충북,증평군,차대차,기타,기타,운전자법규위반,신호위반,교차로,교차로내,승용차,승용차,건설기계,건설기계,1007994 ,1866634 ,127.58960769,36.79782908
2017,2017112509,40,주간,토,1,1,0,0,0,전북,정읍시,차대사람,길가장자리구역통행중,길가장자리구역통행중,운전자법규위반,안전운전 의무 불이행,단일로,기타단일로,화물차,화물차,보행자,보행자,941057  ,1729950 ,126.84957261,35.56381057
2017,2017112509,50,주간,토,1,1,0,0,0,경북,안동시,차량단독,전도,전도,운전자법규위반,안전운전 의무 불이행,단일로,기타단일로,승용차,승용차,없음,없음,1102444 ,1844816 ,128.64530771,36.59567274
2017,2017112515,33,주간,토,1,1,0,0,0,전북,전주시,차대사람,기타,기타,운전자법규위반,안전운전 의무 불이행,단일로,기타단일로,승용차,승용차,보행자,보행자,961817  ,1765200 ,127.07697227,35.88264684
2017,2017112516,53,주간,토,1,3,0,2,0,전북,익산시,차대차,측면충돌,측면충돌,운전자법규위반,안전운전 의무 불이행,교차로,교차로내,이륜차,이륜차,승용차,승용차,953007  ,1776117 ,126.97872424,35.98068756
2017,2017112516,35,주간,토,1,1,0,0,0,경기,양주시,차량단독,공작물충돌,공작물충돌,운전자법규위반,안전운전 의무 불이행,교차로,교차로내,승용차,승용차,없음,없음,961731  ,1974758 ,127.06546589,37.7716908
2017,2017112518,10,야간,토,1,1,0,0,0,충남,당진시,차대사람,길가장자리구역통행중,길가장자리구역통행중,운전자법규위반,안전운전 의무 불이행,단일로,기타단일로,화물차,화물차,보행자,보행자,933706  ,1874573 ,126.7562216,36.86710311
2017,2017112518,30,야간,토,1,1,0,0,0,제주,제주시,차대사람,횡단중,횡단중,운전자법규위반,안전운전 의무 불이행,단일로,기타단일로,승용차,승용차,보행자,보행자,877733  ,1484873 ,126.18600978,33.34844991
2017,2017112522,45,야간,토,1,1,0,0,0,충북,청주시,차량단독,공작물충돌,공작물충돌,운전자법규위반,안전운전 의무 불이행,교차로,교차로부근,자전거,자전거,없음,없음,989719  ,1851019 ,127.38496668,36.6570405
2017,2017112600,40,야간,일,1,1,0,0,0,충남,당진시,차량단독,공작물충돌,공작물충돌,운전자법규위반,안전운전 의무 불이행,단일로,기타단일로,승용차,승용차,없음,없음,928157  ,1886952 ,126.69279518,36.97827723
2017,2017112605,00,야간,일,1,1,0,0,0,강원,동해시,차량단독,공작물충돌,공작물충돌,운전자법규위반,안전운전 의무 불이행,단일로,기타단일로,화물차,화물차,없음,없음,1144612 ,1942757 ,129.13541328,37.4727324
2017,2017112613,48,주간,일,1,2,1,0,0,부산,기장군,차대차,정면충돌,정면충돌,운전자법규위반,중앙선 침범,기타,기타,승용차,승용차,화물차,화물차,1149367 ,1708107 ,129.14398051,35.35743557
2017,2017112614,05,주간,일,1,1,0,0,0,대전,동구,차대사람,횡단중,횡단중,운전자법규위반,안전운전 의무 불이행,단일로,기타단일로,승용차,승용차,보행자,보행자,997207  ,1804670 ,127.46891645,36.23924338
2017,2017112614,35,주간,일,1,1,0,0,0,충북,괴산군,차량단독,공작물충돌,공작물충돌,운전자법규위반,안전운전 의무 불이행,단일로,기타단일로,화물차,화물차,없음,없음,1012951 ,1867191 ,127.64518188,36.80279543
2017,2017112614,00,주간,일,1,3,2,0,0,전남,장흥군,차량단독,공작물충돌,공작물충돌,운전자법규위반,안전운전 의무 불이행,단일로,기타단일로,승용차,승용차,없음,없음,936305  ,1645722 ,126.80364705,34.8040751
2017,2017112614,49,주간,일,1,1,0,0,0,경기,양주시,차대사람,기타,기타,운전자법규위반,안전운전 의무 불이행,교차로,교차로내,화물차,화물차,보행자,보행자,960321  ,1980357 ,127.04914957,37.82209409
2017,2017112617,39,주간,일,1,1,0,0,0,경북,경주시,차대사람,횡단중,횡단중,운전자법규위반,안전운전 의무 불이행,단일로,기타단일로,승용차,승용차,보행자,보행자,1149088 ,1759312 ,129.15035143,35.81897318
2017,2017112617,50,주간,일,1,1,0,0,0,경북,청도군,차대사람,길가장자리구역통행중,길가장자리구역통행중,운전자법규위반,안전운전 의무 불이행,단일로,기타단일로,승용차,승용차,보행자,보행자,1100755 ,1739368 ,128.61293024,35.64534067
2017,2017112619,30,야간,일,1,4,2,1,0,전북,고창군,차대차,측면충돌,측면충돌,운전자법규위반,안전운전 의무 불이행,단일로,기타단일로,승용차,승용차,승용차,승용차,925945  ,1723996 ,126.68337177,35.50911604
2017,2017112619,44,야간,일,1,1,0,0,0,광주,서구,차대사람,횡단중,횡단중,운전자법규위반,안전운전 의무 불이행,교차로,교차로내,승용차,승용차,보행자,보행자,945546  ,1684153 ,126.90215694,35.15114295
2017,2017112619,50,야간,일,1,2,1,0,0,경기,부천시,차대사람,횡단중,횡단중,운전자법규위반,안전운전 의무 불이행,단일로,기타단일로,화물차,화물차,보행자,보행자,936213  ,1942921 ,126.77851196,37.48332719
2017,2017112701,55,야간,월,1,1,0,0,0,제주,서귀포시,차대사람,차도통행중,차도통행중,운전자법규위반,안전운전 의무 불이행,단일로,기타단일로,승용차,승용차,보행자,보행자,913486  ,1474130 ,126.57121792,33.25503277
2017,2017112703,48,야간,월,1,2,1,0,0,서울,종로구,차량단독,공작물충돌,공작물충돌,운전자법규위반,안전운전 의무 불이행,단일로,기타단일로,승용차,승용차,없음,없음,954787  ,1952774 ,126.9879846,37.57323099
2017,2017112716,00,주간,월,1,2,1,0,0,경기,광주시,차대차,추돌,추돌,운전자법규위반,안전운전 의무 불이행,단일로,기타단일로,화물차,화물차,화물차,화물차,985889  ,1924641 ,127.34073557,37.32065043
2017,2017112716,25,주간,월,1,2,1,0,0,경북,칠곡군,차량단독,공작물충돌,공작물충돌,운전자법규위반,안전운전 의무 불이행,단일로,기타단일로,이륜차,이륜차,없음,없음,1085880 ,1774590 ,128.45242788,35.96427284
2017,2017112718,00,야간,월,1,1,0,0,0,강원,철원군,차대사람,횡단중,횡단중,운전자법규위반,안전운전 의무 불이행,단일로,기타단일로,화물차,화물차,보행자,보행자,983834  ,2018342 ,127.3154568,38.16516729
2017,2017112723,13,야간,월,1,5,0,4,0,대구,북구,차대차,추돌,추돌,운전자법규위반,안전운전 의무 불이행,단일로,고가도로위,승용차,승용차,화물차,화물차,1099430 ,1765522 ,128.60154278,35.88124375
2017,2017112801,10,야간,화,1,1,0,0,0,울산,중구,차대차,추돌,추돌,운전자법규위반,기타(운전자법규위반),단일로,기타단일로,승용차,승용차,이륜차,이륜차,1165754 ,1730852 ,129.32889201,35.55982357
2017,2017112806,01,주간,화,1,1,0,0,0,부산,남구,차대차,기타,기타,운전자법규위반,안전운전 의무 불이행,교차로,교차로부근,승용차,승용차,승합차,승합차,1145044 ,1683377 ,129.09204716,35.13516144
2017,2017112808,55,주간,화,1,1,0,0,0,부산,부산진구,차대차,측면충돌,측면충돌,운전자법규위반,신호위반,단일로,기타단일로,승용차,승용차,자전거,자전거,1142587 ,1687725 ,129.06583834,35.17470485
2017,2017112814,50,주간,화,1,1,0,0,0,대구,중구,차대사람,횡단중,횡단중,운전자법규위반,안전운전 의무 불이행,교차로,교차로내,승용차,승용차,보행자,보행자,1097591 ,1765166 ,128.58132087,35.87799526
2017,2017112816,06,주간,화,1,6,3,2,0,경남,거창군,차대차,측면충돌,측면충돌,운전자법규위반,신호위반,교차로,교차로내,승용차,승용차,승합차,승합차,1036718 ,1743038 ,127.90578068,35.68288935
2017,2017112817,50,주간,화,1,5,1,3,0,경기,수원시,차대차,추돌,추돌,운전자법규위반,안전운전 의무 불이행,단일로,교량위,화물차,화물차,승용차,승용차,955734  ,1918420 ,127.00076828,37.26362906
2017,2017112817,50,주간,화,1,1,0,0,0,전북,완주군,차대사람,횡단중,횡단중,운전자법규위반,안전운전 의무 불이행,교차로,교차로횡단보도내,승합차,승합차,보행자,보행자,968945  ,1765050 ,127.15590552,35.88100372
2017,2017112818,50,야간,화,1,1,0,0,0,경북,안동시,차대사람,횡단중,횡단중,운전자법규위반,안전운전 의무 불이행,단일로,기타단일로,화물차,화물차,보행자,보행자,1108354 ,1841656 ,128.71056859,36.56669517
2017,2017112818,26,야간,화,1,1,0,0,0,경기,부천시,차대사람,횡단중,횡단중,운전자법규위반,안전운전 의무 불이행,단일로,기타단일로,승용차,승용차,보행자,보행자,938291  ,1948332 ,126.80156012,37.53223763
2017,2017112818,16,야간,화,1,1,0,0,0,울산,울주군,차대사람,차도통행중,차도통행중,운전자법규위반,안전운전 의무 불이행,단일로,기타단일로,승용차,승용차,보행자,보행자,1159547 ,1716354 ,129.25758583,35.43018053
2017,2017112900,22,야간,수,1,1,0,0,0,부산,북구,차대사람,기타,기타,운전자법규위반,안전운전 의무 불이행,단일로,기타단일로,승용차,승용차,보행자,보행자,1135694 ,1690387 ,128.99059815,35.19966156
2017,2017112901,00,야간,수,1,1,0,0,0,경기,김포시,차대차,추돌,추돌,운전자법규위반,안전운전 의무 불이행,단일로,기타단일로,승용차,승용차,이륜차,이륜차,930944  ,1960598 ,126.71725457,37.64226625
2017,2017112904,50,야간,수,1,1,0,0,0,경기,군포시,차대차,기타,기타,운전자법규위반,안전운전 의무 불이행,단일로,교량위,승용차,승용차,승용차,승용차,949030  ,1927547 ,126.9245373,37.34555242
2017,2017112906,18,주간,수,1,1,0,0,0,인천,서구,차대차,추돌,추돌,운전자법규위반,안전운전 의무 불이행,단일로,기타단일로,화물차,화물차,승합차,승합차,929287  ,1956091 ,126.69891026,37.60152038
2017,2017112910,25,주간,수,2,3,1,0,0,경북,포항시,차대차,기타,기타,운전자법규위반,안전운전 의무 불이행,교차로,교차로부근,승용차,승용차,자전거,자전거,1166314 ,1792063 ,129.34781882,36.11133397
2017,2017112910,30,주간,수,1,1,0,0,0,부산,부산진구,차대사람,횡단중,횡단중,운전자법규위반,안전운전 의무 불이행,단일로,기타단일로,승용차,승용차,보행자,보행자,1142752 ,1687398 ,129.06759312,35.1717339
2017,2017112911,50,주간,수,1,1,0,0,0,전남,구례군,차대사람,기타,기타,운전자법규위반,안전운전 의무 불이행,단일로,기타단일로,화물차,화물차,보행자,보행자,999844  ,1688257 ,127.49828648,35.1896244
2017,2017112912,48,주간,수,1,5,4,0,0,경기,안산시,차대차,측면충돌,측면충돌,운전자법규위반,안전운전 의무 불이행,단일로,기타단일로,화물차,화물차,승용차,승용차,943677  ,1926998 ,126.8641457,37.34029468
2017,2017112917,45,주간,수,1,1,0,0,0,충남,천안시,차대사람,차도통행중,차도통행중,운전자법규위반,과속,단일로,기타단일로,승용차,승용차,보행자,보행자,966962  ,1879297 ,127.1291171,36.91143643
2017,2017112917,45,주간,수,1,8,5,2,0,경북,안동시,차대차,추돌,추돌,운전자법규위반,안전운전 의무 불이행,단일로,기타단일로,화물차,화물차,화물차,화물차,1113231 ,1847441 ,128.76626601,36.61811164
2017,2017112918,11,야간,수,1,1,0,0,0,전남,목포시,차대사람,횡단중,횡단중,운전자법규위반,안전운전 의무 불이행,교차로,교차로횡단보도내,승용차,승용차,보행자,보행자,902417  ,1648038 ,126.43357251,34.82184116