발생년,발생년월일시,발생분,주야,요일,사망자수,사상자수,중상자수,경상자수,부상신고자수,발생지시도,발생지시군구,사고유형_대분류,사고유형_중분류,사고유형,법규위반_대분류,법규위반,도로형태_대분류,도로형태,당사자종별_1당_대분류,당사자종별_1당,당사자종별_2당_대분류,당사자종별_2당,발생위치X_UTMK,발생위치Y_UTMK,경도,위도
2017,2017120917,15,주간,토,1,2,0,1,0,대구,달성군,차대차,측면충돌,측면충돌,운전자법규위반,신호위반,교차로,교차로내,승용차,승용차,승합차,승합차,1086629 ,1743982 ,128.45741341,35.68827739
2017,2017120918,10,야간,토,1,7,2,4,0,경북,영덕군,차대차,측면충돌,측면충돌,운전자법규위반,교차로 통행방법 위반,교차로,교차로내,승용차,승용차,승용차,승용차,1168592 ,1819709 ,129.37907004,36.36005199
2017,2017120921,10,야간,토,1,1,0,0,0,전북,익산시,차대사람,횡단중,횡단중,운전자법규위반,보행자 보호의무 위반,교차로,교차로횡단보도내,승용차,승용차,보행자,보행자,961738  ,1778176 ,127.07547184,35.99963258
2017,2017121001,10,야간,일,1,1,0,0,0,충남,당진시,차대사람,기타,기타,운전자법규위반,안전운전 의무 불이행,단일로,기타단일로,화물차,화물차,보행자,보행자,922937  ,1877602 ,126.63510374,36.89358781
2017,2017121003,08,야간,일,1,1,0,0,0,서울,구로구,차대사람,횡단중,횡단중,운전자법규위반,안전운전 의무 불이행,교차로,교차로내,승용차,승용차,보행자,보행자,942263  ,1944906 ,126.84678279,37.50161622
2017,2017121005,50,야간,일,1,3,0,2,0,경기,광주시,차대차,추돌,추돌,운전자법규위반,안전운전 의무 불이행,단일로,기타단일로,승용차,승용차,승합차,승합차,978076  ,1941259 ,127.27095546,37.45025657
2017,2017121006,56,주간,일,1,1,0,0,0,대구,동구,차량단독,공작물충돌,공작물충돌,운전자법규위반,안전운전 의무 불이행,단일로,기타단일로,승용차,승용차,없음,없음,1109085 ,1763948 ,128.70827054,35.86602707
2017,2017121011,40,주간,일,1,1,0,0,0,대구,달성군,차대차,기타,기타,운전자법규위반,안전운전 의무 불이행,단일로,기타단일로,이륜차,이륜차,승용차,승용차,1082643 ,1765043 ,128.41554051,35.87848706
2017,2017121013,15,주간,일,1,1,0,0,0,대구,달서구,차대사람,기타,기타,운전자법규위반,안전운전 의무 불이행,단일로,기타단일로,승용차,승용차,보행자,보행자,1093077 ,1761769 ,128.53073296,35.84803643
2017,2017121014,50,주간,일,1,1,0,0,0,충남,논산시,차대차,측면충돌,측면충돌,운전자법규위반,교차로 통행방법 위반,교차로,교차로내,승용차,승용차,이륜차,이륜차,956020  ,1795866 ,127.01104449,36.15887542
2017,2017121017,35,주간,일,1,29,3,21,4,강원,평창군,차대차,측면충돌,측면충돌,운전자법규위반,기타(운전자법규위반),단일로,기타단일로,건설기계,건설기계,승합차,승합차,1109582 ,1963400 ,128.72946336,37.66913088
2017,2017121018,50,야간,일,1,1,0,0,0,경북,영천시,차대사람,횡단중,횡단중,운전자법규위반,과속,교차로,교차로부근,승용차,승용차,보행자,보행자,1139341 ,1779332 ,129.04599895,36.00084217
2017,2017121108,24,주간,월,1,1,0,0,0,경남,거제시,차대사람,횡단중,횡단중,운전자법규위반,안전운전 의무 불이행,교차로,교차로내,승용차,승용차,보행자,보행자,1098009 ,1655405 ,128.57257897,34.88865342
2017,2017121108,42,주간,월,1,2,0,1,0,충남,천안시,차대차,측면충돌,측면충돌,운전자법규위반,중앙선 침범,단일로,기타단일로,승용차,승용차,승용차,승용차,967816  ,1871252 ,127.1390453,36.83894481
2017,2017121114,00,주간,월,1,11,5,5,0,충남,서천군,차대차,추돌,추돌,운전자법규위반,안전운전 의무 불이행,단일로,기타단일로,승용차,승용차,특수차,특수차,919486  ,1796592 ,126.60483133,36.16307284
2017,2017121115,45,주간,월,1,1,0,0,0,경북,청도군,차대차,측면충돌,측면충돌,운전자법규위반,교차로 통행방법 위반,교차로,교차로내,이륜차,이륜차,화물차,화물차,1104070 ,1738835 ,128.64947211,35.64019197
2017,2017121118,00,야간,월,1,1,0,0,0,강원,원주시,차대사람,횡단중,횡단중,운전자법규위반,안전운전 의무 불이행,단일로,기타단일로,승용차,승용차,보행자,보행자,1040329 ,1927133 ,127.95530482,37.34234417
2017,2017121119,28,야간,월,1,1,0,0,0,전남,여수시,차대사람,차도통행중,차도통행중,운전자법규위반,안전운전 의무 불이행,단일로,기타단일로,승용차,승용차,보행자,보행자,1023653 ,1636146 ,127.75832731,34.71943913
2017,2017121123,38,야간,월,1,1,0,0,0,충남,당진시,차대차,추돌,추돌,운전자법규위반,안전운전 의무 불이행,단일로,기타단일로,화물차,화물차,승용차,승용차,936253  ,1883156 ,126.78407279,36.94464452
2017,2017121211,45,주간,화,1,1,0,0,0,경남,창원시(통합),차대사람,차도통행중,차도통행중,운전자법규위반,안전운전 의무 불이행,단일로,기타단일로,화물차,화물차,보행자,보행자,1107410 ,1694752 ,128.68053896,35.24243249
2017,2017121213,10,주간,화,1,1,0,0,0,경남,창녕군,차대차,기타,기타,운전자법규위반,안전운전 의무 불이행,교차로,교차로내,화물차,화물차,이륜차,이륜차,1093127 ,1718537 ,128.52628834,35.45829486
2017,2017121214,16,주간,화,1,1,0,0,0,전남,보성군,차대차,측면충돌,측면충돌,운전자법규위반,안전운전 의무 불이행,교차로,교차로내,화물차,화물차,이륜차,이륜차,962096  ,1641405 ,127.08560287,34.76638294
2017,2017121215,00,주간,화,1,1,0,0,0,경기,이천시,차량단독,공작물충돌,공작물충돌,운전자법규위반,안전운전 의무 불이행,교차로,교차로부근,승용차,승용차,없음,없음,994549  ,1906627 ,127.43860879,37.15836235
2017,2017121217,50,주간,화,1,1,0,0,0,울산,울주군,차대사람,횡단중,횡단중,운전자법규위반,안전운전 의무 불이행,단일로,기타단일로,건설기계,건설기계,보행자,보행자,1161772 ,1738104 ,129.28642675,35.62583818
2017,2017121219,10,야간,화,1,1,0,0,0,서울,동대문구,차대차,측면충돌,측면충돌,운전자법규위반,안전운전 의무 불이행,교차로,교차로부근,이륜차,이륜차,화물차,화물차,957891  ,1952985 ,127.02312262,37.57528
2017,2017121221,40,야간,화,1,1,0,0,0,전남,순천시,차대차,측면충돌,측면충돌,운전자법규위반,안전운전 의무 불이행,교차로,교차로내,승용차,승용차,이륜차,이륜차,1001280 ,1659699 ,127.51401558,34.93210609
2017,2017121222,30,야간,화,1,1,0,0,0,강원,춘천시,차대사람,길가장자리구역통행중,길가장자리구역통행중,운전자법규위반,안전운전 의무 불이행,단일로,기타단일로,승용차,승용차,보행자,보행자,1020147 ,1980058 ,127.72891326,37.82003956
2017,2017121300,35,야간,수,1,1,0,0,0,서울,중랑구,차대사람,횡단중,횡단중,운전자법규위반,안전운전 의무 불이행,단일로,기타단일로,승용차,승용차,보행자,보행자,963109  ,1954784 ,127.08212343,37.59171885
2017,2017121301,07,야간,수,1,2,0,1,0,충남,아산시,차대차,추돌,추돌,운전자법규위반,안전거리 미확보,단일로,기타단일로,승합차,승합차,화물차,화물차,955878  ,1880469 ,127.00462406,36.92154751
2017,2017121302,35,야간,수,1,4,1,0,2,부산,부산진구,차대차,기타,기타,운전자법규위반,안전운전 의무 불이행,교차로,교차로부근,승용차,승용차,화물차,화물차,1142371 ,1685827 ,129.06313961,35.15762724
2017,2017121304,30,야간,수,1,1,0,0,0,경기,김포시,차량단독,전도전복,전도전복,운전자법규위반,안전운전 의무 불이행,단일로,기타단일로,승용차,승용차,없음,없음,917657  ,1961208 ,126.56659531,37.64666843
2017,2017121310,00,주간,수,1,1,0,0,0,충남,예산군,차대사람,기타,기타,운전자법규위반,안전운전 의무 불이행,교차로,교차로부근,특수차,특수차,보행자,보행자,938058  ,1854334 ,126.80669,36.68496212
2017,2017121317,50,주간,수,1,1,0,0,0,전북,익산시,차대사람,횡단중,횡단중,운전자법규위반,보행자 보호의무 위반,교차로,교차로횡단보도내,승합차,승합차,보행자,보행자,950701  ,1771454 ,126.9534354,35.93853399
2017,2017121323,30,야간,수,1,1,0,0,0,제주,서귀포시,차대차,기타,기타,운전자법규위반,안전운전 의무 불이행,단일로,기타단일로,승용차,승용차,승용차,승용차,914165  ,1474144 ,126.57850526,33.25521326
2017,2017121402,20,야간,목,1,1,0,0,0,경북,김천시,차대차,추돌,추돌,운전자법규위반,안전운전 의무 불이행,단일로,기타단일로,화물차,화물차,화물차,화물차,1068554 ,1788989 ,128.26154438,36.09545243
2017,2017121403,29,야간,목,1,1,0,0,0,전북,김제시,차대차,정면충돌,정면충돌,운전자법규위반,중앙선 침범,단일로,기타단일로,승용차,승용차,승용차,승용차,947221  ,1762926 ,126.91542098,35.86146689
2017,2017121404,53,야간,목,1,1,0,0,0,경기,화성시,차량단독,공작물충돌,공작물충돌,운전자법규위반,안전운전 의무 불이행,단일로,기타단일로,승용차,승용차,없음,없음,942229  ,1897053 ,126.85011813,37.07029543
2017,2017121405,50,야간,목,1,1,0,0,0,전북,전주시,차대차,기타,기타,운전자법규위반,안전운전 의무 불이행,단일로,기타단일로,승용차,승용차,승합차,승합차,967806  ,1759513 ,127.14355247,35.83158829
2017,2017121407,47,주간,목,1,2,0,1,0,경기,안성시,차대차,측면충돌,측면충돌,운전자법규위반,안전운전 의무 불이행,단일로,기타단일로,승용차,승용차,승용차,승용차,997360  ,1899210 ,127.47029346,37.09151592
2017,2017121414,40,주간,목,1,1,0,0,0,서울,동작구,차대차,측면충돌,측면충돌,운전자법규위반,안전운전 의무 불이행,교차로,교차로횡단보도내,자전거,자전거,승합차,승합차,950412  ,1945183 ,126.9389548,37.50458671
2017,2017121414,38,주간,목,1,2,0,1,0,경기,화성시,차대차,기타,기타,운전자법규위반,중앙선 침범,교차로,교차로부근,화물차,화물차,승용차,승용차,944583  ,1911208 ,126.87554982,37.19802633
2017,2017121416,02,주간,목,1,1,0,0,0,전남,고흥군,차대차,측면충돌,측면충돌,운전자법규위반,교차로 통행방법 위반,교차로,교차로내,승용차,승용차,이륜차,이륜차,973569  ,1623472 ,127.21172904,34.60507906
2017,2017121417,50,주간,목,1,1,0,0,0,경북,경주시,차대사람,횡단중,횡단중,운전자법규위반,안전운전 의무 불이행,단일로,기타단일로,승용차,승용차,보행자,보행자,1155289 ,1761945 ,129.21947913,35.84174021
2017,2017121418,09,야간,목,1,1,0,0,0,제주,서귀포시,차대사람,차도통행중,차도통행중,운전자법규위반,안전운전 의무 불이행,단일로,기타단일로,승용차,승용차,보행자,보행자,932071  ,1485015 ,126.76990593,33.35453686
2017,2017121419,43,야간,목,1,1,0,0,0,서울,관악구,차대사람,차도통행중,차도통행중,운전자법규위반,안전운전 의무 불이행,교차로,교차로내,승용차,승용차,보행자,보행자,950075  ,1943136 ,126.93528106,37.48611845
2017,2017121420,10,야간,목,2,2,0,0,0,전남,해남군,차대차,추돌,추돌,운전자법규위반,안전거리 미확보,단일로,기타단일로,승용차,승용차,농기계,농기계,894655  ,1635047 ,126.34970445,34.70437258
2017,2017121502,15,야간,금,1,1,0,0,0,경기,평택시,차대사람,차도통행중,차도통행중,운전자법규위반,과속,단일로,기타단일로,승용차,승용차,보행자,보행자,967849  ,1892784 ,127.13849982,37.03304286
2017,2017121503,00,야간,금,1,1,0,0,0,경기,남양주시,차대차,기타,기타,운전자법규위반,안전운전 의무 불이행,단일로,기타단일로,승용차,승용차,승용차,승용차,969507  ,1955750 ,127.15455411,37.60066008
2017,2017121504,00,야간,금,1,1,0,0,0,충남,천안시,차대사람,횡단중,횡단중,운전자법규위반,안전운전 의무 불이행,교차로,교차로부근,화물차,화물차,보행자,보행자,970858  ,1870600 ,127.17318686,36.83316602
2017,2017121504,55,야간,금,1,1,0,0,0,경북,포항시,차대사람,횡단중,횡단중,운전자법규위반,과속,교차로,교차로내,특수차,특수차,보행자,보행자,1170028 ,1776109 ,129.38563134,35.96692935
2017,2017121505,07,야간,금,1,1,0,0,0,인천,남구,차대사람,횡단중,횡단중,운전자법규위반,안전운전 의무 불이행,기타,기타,승용차,승용차,보행자,보행자,925889  ,1941114 ,126.6619308,37.46627041
2017,2017121505,00,야간,금,1,1,0,0,0,경북,영주시,차량단독,공작물충돌,공작물충돌,운전자법규위반,안전운전 의무 불이행,단일로,기타단일로,승용차,승용차,없음,없음,1091793 ,1873935 ,128.52974836,36.85921833
2017,2017121507,11,주간,금,1,1,0,0,0,경기,부천시,차대사람,횡단중,횡단중,운전자법규위반,보행자 보호의무 위반,교차로,교차로횡단보도내,화물차,화물차,보행자,보행자,936726  ,1942865 ,126.78431884,37.48285775
2017,2017121513,02,주간,금,1,1,0,0,0,서울,동작구,차대차,기타,기타,운전자법규위반,안전운전 의무 불이행,단일로,기타단일로,원동기장치자전거,원동기장치자전거,화물차,화물차,950498  ,1944958 ,126.93994293,37.50256335
2017,2017121515,00,주간,금,1,1,0,0,0,전북,군산시,차대사람,기타,기타,운전자법규위반,안전운전 의무 불이행,단일로,기타단일로,화물차,화물차,보행자,보행자,942695  ,1771460 ,126.86467919,35.93815115
2017,2017121516,34,주간,금,1,1,0,0,0,경북,봉화군,차대사람,길가장자리구역통행중,길가장자리구역통행중,운전자법규위반,안전운전 의무 불이행,교차로,교차로부근,승용차,승용차,보행자,보행자,1128104 ,1880410 ,128.93808511,36.9133433
2017,2017121517,50,주간,금,1,1,0,0,0,전남,여수시,차량단독,공작물충돌,공작물충돌,운전자법규위반,안전운전 의무 불이행,단일로,기타단일로,화물차,화물차,없음,없음,1014622 ,1619675 ,127.65941075,34.57107396
2017,2017121517,30,주간,금,1,1,0,0,0,경기,양주시,차대차,측면충돌,측면충돌,운전자법규위반,안전운전 의무 불이행,교차로,교차로부근,승용차,승용차,이륜차,이륜차,954245  ,1987311 ,126.97967348,37.88448429
2017,2017121519,50,야간,금,1,2,1,0,0,충남,공주시,차량단독,기타,기타,운전자법규위반,안전운전 의무 불이행,교차로,교차로부근,화물차,화물차,없음,없음,969652  ,1841794 ,127.16080539,36.57345
2017,2017121519,00,야간,금,1,2,0,1,0,전북,군산시,차대차,기타,기타,운전자법규위반,안전운전 의무 불이행,단일로,기타단일로,승용차,승용차,화물차,화물차,918221  ,1775671 ,126.59293638,35.97437023
2017,2017121520,10,야간,금,1,1,0,0,0,경기,포천시,차대사람,차도통행중,차도통행중,운전자법규위반,안전운전 의무 불이행,단일로,기타단일로,화물차,화물차,보행자,보행자,982456  ,1989916 ,127.30042277,37.908944
2017,2017121522,40,야간,금,1,1,0,0,0,경기,포천시,차대사람,차도통행중,차도통행중,운전자법규위반,안전운전 의무 불이행,단일로,기타단일로,승용차,승용차,보행자,보행자,972525  ,1986890 ,127.18756615,37.88142511
2017,2017121600,20,야간,토,1,7,0,6,0,대전,서구,차대차,추돌,추돌,운전자법규위반,안전운전 의무 불이행,교차로,교차로부근,승용차,승용차,승용차,승용차,990608  ,1817811 ,127.39531749,36.35767417
2017,2017121600,57,야간,토,1,2,0,1,0,인천,남구,차대사람,횡단중,횡단중,운전자법규위반,과속,단일로,기타단일로,승용차,승용차,보행자,보행자,928326  ,1939568 ,126.68963157,37.45260719
2017,2017121601,15,야간,토,1,1,0,0,0,강원,춘천시,차대사람,횡단중,횡단중,운전자법규위반,보행자 보호의무 위반,단일로,기타단일로,승용차,승용차,보행자,보행자,1020910 ,1985532 ,127.73774085,37.86935989
2017,2017121604,00,야간,토,1,4,1,2,0,충북,음성군,차대차,측면충돌,측면충돌,운전자법규위반,과속,단일로,기타단일로,승용차,승용차,승용차,승용차,998464  ,1891889 ,127.48273116,37.02552439
2017,2017121606,10,주간,토,1,1,0,0,0,제주,제주시,차대사람,횡단중,횡단중,운전자법규위반,안전운전 의무 불이행,교차로,교차로부근,승용차,승용차,보행자,보행자,907885  ,1501946 ,126.50825143,33.50542706
2017,2017121612,25,주간,토,1,1,0,0,0,서울,송파구,차대차,기타,기타,운전자법규위반,안전운전 의무 불이행,단일로,기타단일로,이륜차,이륜차,승용차,승용차,966573  ,1948370 ,127.12165295,37.53403947
2017,2017121620,05,야간,토,1,2,1,0,0,경북,경주시,차대사람,차도통행중,차도통행중,운전자법규위반,안전운전 의무 불이행,단일로,교량위,승용차,승용차,보행자,보행자,1162897 ,1748029 ,129.30085304,35.71509723
2017,2017121620,40,야간,토,1,1,0,0,0,전남,고흥군,차량단독,전도전복,전도전복,운전자법규위반,안전운전 의무 불이행,단일로,기타단일로,이륜차,이륜차,없음,없음,976479  ,1614226 ,127.2438408,34.52162545
2017,2017121623,10,야간,토,1,5,3,1,0,부산,사상구,차대차,정면충돌,정면충돌,운전자법규위반,중앙선 침범,단일로,기타단일로,승용차,승용차,승용차,승용차,1133606 ,1683412 ,128.96693031,35.14005703
2017,2017121702,28,야간,일,1,3,0,2,0,서울,서초구,차대사람,차도통행중,차도통행중,운전자법규위반,과속,단일로,기타단일로,승용차,승용차,보행자,보행자,959378  ,1940491 ,127.04065299,37.46273408
2017,2017121702,17,야간,일,1,1,0,0,0,경남,김해시,차대사람,횡단중,횡단중,운전자법규위반,안전운전 의무 불이행,단일로,기타단일로,승용차,승용차,보행자,보행자,1114993 ,1699967 ,128.7645963,35.28860332
2017,2017121703,42,야간,일,1,4,0,2,1,대구,달성군,차대차,기타,기타,운전자법규위반,안전운전 의무 불이행,단일로,기타단일로,승용차,승용차,승용차,승용차,1087088 ,1762845 ,128.46453709,35.85828701
2017,2017121715,00,주간,일,1,1,0,0,0,전남,나주시,차량단독,도로이탈,도로이탈 추락,운전자법규위반,안전운전 의무 불이행,단일로,기타단일로,자전거,자전거,없음,없음,929287  ,1657670 ,126.72591924,34.91134499
2017,2017121718,35,야간,일,1,1,0,0,0,대구,서구,차대사람,횡단중,횡단중,운전자법규위반,안전운전 의무 불이행,단일로,기타단일로,승용차,승용차,보행자,보행자,1097038 ,1766098 ,128.57511725,35.88667619
2017,2017121720,10,야간,일,1,1,0,0,0,광주,서구,차대차,기타,기타,운전자법규위반,중앙선 침범,교차로,교차로부근,승용차,승용차,이륜차,이륜차,945759  ,1683946 ,126.90450893,35.14928801
2017,2017121800,58,야간,월,1,1,0,0,0,서울,강북구,차대사람,횡단중,횡단중,운전자법규위반,안전운전 의무 불이행,단일로,기타단일로,승용차,승용차,보행자,보행자,957448  ,1959239 ,127.01774212,37.63162811
2017,2017121808,55,주간,월,1,1,0,0,0,경북,영천시,차대사람,횡단중,횡단중,운전자법규위반,신호위반,교차로,교차로횡단보도내,승용차,승용차,보행자,보행자,1129368 ,1774967 ,128.93466772,35.96287479
2017,2017121810,07,주간,월,1,2,1,0,0,서울,관악구,차대사람,기타,기타,운전자법규위반,안전운전 의무 불이행,단일로,기타단일로,승용차,승용차,보행자,보행자,951562  ,1943316 ,126.95208846,37.48782003
2017,2017121812,35,주간,월,1,2,0,1,0,충북,괴산군,차대차,정면충돌,정면충돌,운전자법규위반,중앙선 침범,단일로,기타단일로,승용차,승용차,건설기계,건설기계,1023477 ,1864483 ,127.76309493,36.77818118
2017,2017121813,40,주간,월,1,1,0,0,0,경북,경주시,차대차,추돌,추돌,운전자법규위반,안전운전 의무 불이행,단일로,기타단일로,화물차,화물차,화물차,화물차,1144179 ,1764177 ,129.0969086,35.86355356
2017,2017121815,51,주간,월,1,1,0,0,0,충북,청주시,차대사람,횡단중,횡단중,운전자법규위반,안전운전 의무 불이행,단일로,기타단일로,승용차,승용차,보행자,보행자,992273  ,1849881 ,127.41355462,36.64680566
2017,2017121819,04,야간,월,1,1,0,0,0,부산,연제구,차대사람,차도통행중,차도통행중,운전자법규위반,안전운전 의무 불이행,단일로,기타단일로,승용차,승용차,보행자,보행자,1142939 ,1688503 ,129.06982092,35.18166505
2017,2017121821,40,야간,월,1,1,0,0,0,경기,동두천시,차대사람,횡단중,횡단중,운전자법규위반,과속,단일로,기타단일로,승용차,승용차,보행자,보행자,961150  ,1989537 ,127.05807498,37.90486765
2017,2017121904,25,야간,화,1,1,0,0,0,전북,군산시,차량단독,공작물충돌,공작물충돌,운전자법규위반,안전운전 의무 불이행,단일로,기타단일로,승용차,승용차,없음,없음,941712  ,1776723 ,126.85339493,35.98554116
2017,2017121906,55,주간,화,1,1,0,0,0,부산,기장군,차대차,정면충돌,정면충돌,운전자법규위반,안전운전 의무 불이행,교차로,교차로내,승용차,승용차,원동기장치자전거,원동기장치자전거,1160183 ,1703947 ,129.26215042,35.31826091
2017,2017121907,30,주간,화,1,1,0,0,0,대전,동구,차량단독,공작물충돌,공작물충돌,운전자법규위반,안전운전 의무 불이행,단일로,기타단일로,승용차,승용차,없음,없음,994873  ,1813909 ,127.44283154,36.32246053
2017,2017121910,20,주간,화,1,1,0,0,0,전남,보성군,차대차,후진중충돌,후진중충돌,운전자법규위반,기타(운전자법규위반),단일로,기타단일로,화물차,화물차,이륜차,이륜차,981723  ,1649542 ,127.30007923,34.84024253
2017,2017121911,20,주간,화,1,1,0,0,0,전북,완주군,차량단독,도로이탈,도로이탈 추락,운전자법규위반,안전운전 의무 불이행,단일로,기타단일로,화물차,화물차,없음,없음,967261  ,1778607 ,127.13673213,36.00371959
2017,2017121911,55,주간,화,1,1,0,0,0,인천,남구,차대사람,횡단중,횡단중,운전자법규위반,안전운전 의무 불이행,단일로,기타단일로,화물차,화물차,보행자,보행자,925090  ,1940612 ,126.65294742,37.4616816
2017,2017121914,15,주간,화,1,1,0,0,0,충남,당진시,차량단독,공작물충돌,공작물충돌,운전자법규위반,안전운전 의무 불이행,단일로,기타단일로,이륜차,이륜차,없음,없음,933711  ,1874562 ,126.75627866,36.86700431
2017,2017121916,40,주간,화,1,1,0,0,0,대구,남구,차대차,측면충돌,측면충돌,운전자법규위반,안전거리 미확보,단일로,기타단일로,원동기장치자전거,원동기장치자전거,승용차,승용차,1097665 ,1761046 ,128.58144396,35.84107237
2017,2017121916,40,주간,화,1,1,0,0,0,전북,부안군,차량단독,전도전복,전도전복,운전자법규위반,안전운전 의무 불이행,교차로,교차로내,화물차,화물차,없음,없음,929751  ,1747699 ,126.72327476,35.72309178
2017,2017121919,35,야간,화,1,1,0,0,0,경기,안성시,차대사람,횡단중,횡단중,운전자법규위반,신호위반,교차로,교차로내,승용차,승용차,보행자,보행자,975019  ,1890237 ,127.21920153,37.01030169
2017,2017121919,00,야간,화,1,1,0,0,0,울산,울주군,차대사람,차도통행중,차도통행중,운전자법규위반,안전운전 의무 불이행,단일로,기타단일로,승용차,승용차,보행자,보행자,1143530 ,1730086 ,129.08363183,35.55638966
2017,2017121923,21,야간,화,1,1,0,0,0,서울,관악구,차대차,기타,기타,운전자법규위반,안전운전 의무 불이행,단일로,기타단일로,이륜차,이륜차,화물차,화물차,952139  ,1941706 ,126.95871968,37.47333872
2017,2017122005,30,야간,수,1,1,0,0,0,충북,음성군,차량단독,전도전복,전도전복,운전자법규위반,안전운전 의무 불이행,단일로,기타단일로,승용차,승용차,없음,없음,1009957 ,1893336 ,127.61196298,37.03851663
2017,2017122005,10,야간,수,1,1,0,0,0,경기,의정부시,차대차,측면충돌,측면충돌,운전자법규위반,안전운전 의무 불이행,교차로,교차로횡단보도내,화물차,화물차,기타,기타,960076  ,1971471 ,127.04685508,37.74199431
2017,2017122010,54,주간,수,1,1,0,0,0,부산,금정구,차대사람,길가장자리구역통행중,길가장자리구역통행중,운전자법규위반,보행자 보호의무 위반,교차로,교차로부근,화물차,화물차,보행자,보행자,1144627 ,1693378 ,129.08922574,35.22536747
2017,2017122010,50,주간,수,1,1,0,0,0,경북,성주군,차대차,측면충돌,측면충돌,운전자법규위반,안전운전 의무 불이행,교차로,교차로내,이륜차,이륜차,화물차,화물차,1070128 ,1774142 ,128.27771125,35.96149334
2017,2017122010,58,주간,수,1,2,0,1,0,경북,군위군,차대차,추돌,추돌,운전자법규위반,안전운전 의무 불이행,단일로,터널안,승용차,승용차,건설기계,건설기계,1090412 ,1801876 ,128.50581081,36.20983103
2017,2017122013,52,주간,수,1,1,0,0,0,전남,진도군,차대사람,횡단중,횡단중,운전자법규위반,안전운전 의무 불이행,단일로,기타단일로,승용차,승용차,보행자,보행자,886506  ,1610592 ,126.26401094,34.48301549
2017,2017122013,30,주간,수,1,1,0,0,0,전북,완주군,차대사람,기타,기타,운전자법규위반,안전운전 의무 불이행,단일로,기타단일로,화물차,화물차,보행자,보행자,961583  ,1768411 ,127.07422485,35.91158758
2017,2017122018,05,야간,수,1,1,0,0,0,전북,익산시,차대차,측면충돌,측면충돌,운전자법규위반,교차로 통행방법 위반,교차로,교차로부근,이륜차,이륜차,화물차,화물차,954097  ,1773407 ,126.99097162,35.95630711
2017,2017122019,30,야간,수,1,1,0,0,0,충북,청주시,차대사람,기타,기타,운전자법규위반,안전운전 의무 불이행,단일로,기타단일로,승용차,승용차,보행자,보행자,998748  ,1851732 ,127.48599029,36.66352288
2017,2017122019,20,야간,수,1,1,0,0,0,경기,시흥시,차대사람,횡단중,횡단중,운전자법규위반,안전운전 의무 불이행,교차로,교차로횡단보도내,승용차,승용차,보행자,보행자,937814  ,1938858 ,126.79696243,37.4468164
2017,2017122100,40,야간,목,1,1,0,0,0,경남,창원시(통합),차량단독,공작물충돌,공작물충돌,운전자법규위반,안전운전 의무 불이행,단일로,교량위,승용차,승용차,없음,없음,1118119 ,1681134 ,128.79626463,35.11846298
2017,2017122100,05,야간,목,1,1,0,0,0,경기,안산시,차대차,기타,기타,운전자법규위반,안전운전 의무 불이행,단일로,지하차도(도로)내,승용차,승용차,승용차,승용차,937033  ,1925677 ,126.78925594,37.32796132
2017,2017122105,29,야간,목,1,1,0,0,0,전북,전주시,차대사람,횡단중,횡단중,운전자법규위반,과속,교차로,교차로부근,화물차,화물차,보행자,보행자,965845  ,1763295 ,127.12167904,35.86562036
2017,2017122105,50,야간,목,1,1,0,0,0,충북,진천군,차대차,추돌,추돌,운전자법규위반,안전운전 의무 불이행,단일로,기타단일로,이륜차,이륜차,화물차,화물차,994039  ,1874677 ,127.43311785,36.8703491
2017,2017122106,40,주간,목,2,3,1,0,0,경북,영천시,차대차,추돌,추돌,운전자법규위반,안전운전 의무 불이행,단일로,기타단일로,화물차,화물차,화물차,화물차,1135611 ,1770957 ,129.00319574,35.92588544
2017,2017122109,50,주간,목,1,3,1,1,0,전남,고흥군,차대차,정면충돌,정면충돌,운전자법규위반,중앙선 침범,단일로,기타단일로,화물차,화물차,화물차,화물차,971498  ,1624787 ,127.18909766,34.61688212
2017,2017122111,25,주간,목,1,1,0,0,0,경북,성주군,차대차,측면충돌,측면충돌,운전자법규위반,안전운전 의무 불이행,교차로,교차로내,화물차,화물차,이륜차,이륜차,1077089 ,1767570 ,128.3542629,35.90172141
2017,2017122113,47,주간,목,1,1,0,0,0,대구,수성구,차대사람,보도통행중,보도통행중,운전자법규위반,보행자 보호의무 위반,단일로,기타단일로,승용차,승용차,보행자,보행자,1108989 ,1760877 ,128.70678781,35.83835528
2017,2017122116,40,주간,목,1,1,0,0,0,광주,광산구,차대차,측면충돌,측면충돌,운전자법규위반,직진 및 우회전차의 통행방해,교차로,교차로내,승용차,승용차,이륜차,이륜차,933885  ,1675880 ,126.77480198,35.07584976
2017,2017122117,35,주간,목,1,3,1,1,0,강원,춘천시,차량단독,공작물충돌,공작물충돌,운전자법규위반,안전운전 의무 불이행,단일로,기타단일로,화물차,화물차,없음,없음,1023796 ,1976936 ,127.77027079,37.7918128
2017,2017122118,40,야간,목,1,1,0,0,0,강원,춘천시,차량단독,공작물충돌,공작물충돌,운전자법규위반,안전운전 의무 불이행,단일로,기타단일로,승용차,승용차,없음,없음,1025966 ,1972729 ,127.7947664,37.75383545
2017,2017122119,56,야간,목,1,1,0,0,0,충북,청주시,차대차,기타,기타,운전자법규위반,보행자 보호의무 위반,교차로,교차로내,승용차,승용차,승용차,승용차,998148  ,1849258 ,127.47928235,36.64121889