발생년,발생년월일시,발생분,주야,요일,사망자수,사상자수,중상자수,경상자수,부상신고자수,발생지시도,발생지시군구,사고유형_대분류,사고유형_중분류,사고유형,법규위반_대분류,법규위반,도로형태_대분류,도로형태,당사자종별_1당_대분류,당사자종별_1당,당사자종별_2당_대분류,당사자종별_2당,발생위치X_UTMK,발생위치Y_UTMK,경도,위도
2017,2017122200,40,야간,금,1,1,0,0,0,인천,남동구,차대사람,횡단중,횡단중,운전자법규위반,안전운전 의무 불이행,교차로,교차로내,승용차,승용차,보행자,보행자,929510  ,1938775 ,126.70309815,37.44547264
2017,2017122204,30,야간,금,1,1,0,0,0,광주,서구,차대사람,횡단중,횡단중,운전자법규위반,안전운전 의무 불이행,단일로,기타단일로,승용차,승용차,보행자,보행자,944826  ,1684196 ,126.8944488,35.1514365
2017,2017122205,20,야간,금,1,1,0,0,0,경기,평택시,차대차,기타,기타,운전자법규위반,안전운전 의무 불이행,단일로,기타단일로,승합차,승합차,화물차,화물차,961442  ,1896386 ,127.06627764,37.0652703
2017,2017122205,25,야간,금,1,1,0,0,0,경기,시흥시,차대사람,횡단중,횡단중,운전자법규위반,보행자 보호의무 위반,단일로,기타단일로,화물차,화물차,보행자,보행자,932900  ,1928257 ,126.74237449,37.35092576
2017,2017122206,40,주간,금,1,1,0,0,0,경남,양산시,차대사람,횡단중,횡단중,운전자법규위반,신호위반,교차로,교차로횡단보도내,승용차,승용차,보행자,보행자,1141318 ,1714072 ,129.05644798,35.41236752
2017,2017122207,08,주간,금,1,1,0,0,0,전북,전주시,차대사람,기타,기타,운전자법규위반,안전운전 의무 불이행,교차로,교차로내,승용차,승용차,보행자,보행자,967323  ,1759645 ,127.13819945,35.83276243
2017,2017122207,50,주간,금,1,1,0,0,0,전북,김제시,차대차,정면충돌,정면충돌,운전자법규위반,중앙선 침범,단일로,기타단일로,승용차,승용차,원동기장치자전거,원동기장치자전거,945723  ,1757499 ,126.89919899,35.81245686
2017,2017122210,20,주간,금,1,2,1,0,0,충남,서산시,차량단독,공작물충돌,공작물충돌,운전자법규위반,안전운전 의무 불이행,단일로,기타단일로,화물차,화물차,없음,없음,902105  ,1858907 ,126.40374121,36.72315691
2017,2017122210,50,주간,금,1,1,0,0,0,경기,오산시,차대차,기타,기타,운전자법규위반,안전운전 의무 불이행,교차로,교차로내,자전거,자전거,승합차,승합차,961325  ,1907140 ,127.06440668,37.16220199
2017,2017122211,10,주간,금,1,1,0,0,0,충남,서천군,차대차,측면충돌,측면충돌,운전자법규위반,직진 및 우회전차의 통행방해,교차로,교차로내,화물차,화물차,자전거,자전거,932710  ,1784725 ,126.75285963,36.05710062
2017,2017122211,15,주간,금,1,1,0,0,0,광주,동구,차대사람,횡단중,횡단중,운전자법규위반,보행자 보호의무 위반,교차로,교차로횡단보도내,화물차,화물차,보행자,보행자,948021  ,1681767 ,126.92947854,35.12975993
2017,2017122211,10,주간,금,1,1,0,0,0,서울,광진구,차대차,기타,기타,운전자법규위반,안전운전 의무 불이행,기타,기타,원동기장치자전거,원동기장치자전거,건설기계,건설기계,963798  ,1949349 ,127.09019624,37.54275876
2017,2017122214,58,주간,금,1,1,0,0,0,경기,수원시,차대사람,횡단중,횡단중,운전자법규위반,안전운전 의무 불이행,교차로,교차로내,화물차,화물차,보행자,보행자,955637  ,1920103 ,126.99957396,37.27879445
2017,2017122217,57,주간,금,1,2,1,0,0,전남,광양시,차대차,측면충돌,측면충돌,운전자법규위반,교차로 통행방법 위반,교차로,교차로내,승용차,승용차,이륜차,이륜차,1009082 ,1666113 ,127.59951472,34.98990436
2017,2017122217,36,주간,금,1,2,0,1,0,경남,함안군,차대차,추돌,추돌,운전자법규위반,안전운전 의무 불이행,단일로,기타단일로,화물차,화물차,승용차,승용차,1092633 ,1699122 ,128.51864321,35.28330594
2017,2017122217,48,주간,금,1,1,0,0,0,경북,경산시,차대사람,횡단중,횡단중,운전자법규위반,신호위반,교차로,교차로횡단보도내,승용차,승용차,보행자,보행자,1120330 ,1772251 ,128.83405156,35.93955025
2017,2017122218,10,야간,금,1,1,0,0,0,경남,밀양시,차대사람,기타,기타,운전자법규위반,안전운전 의무 불이행,단일로,기타단일로,화물차,화물차,보행자,보행자,1111180 ,1708807 ,128.72387355,35.36872604
2017,2017122219,19,야간,금,1,1,0,0,0,서울,성동구,차대차,측면충돌,측면충돌,운전자법규위반,중앙선 침범,단일로,기타단일로,이륜차,이륜차,승용차,승용차,958864  ,1950827 ,127.03426246,37.55587337
2017,2017122219,23,야간,금,1,1,0,0,0,경기,수원시,차대차,측면충돌,측면충돌,운전자법규위반,교차로 통행방법 위반,교차로,교차로내,승용차,승용차,이륜차,이륜차,957038  ,1920873 ,127.01533257,37.28580073
2017,2017122300,40,야간,토,1,1,0,0,0,울산,동구,차량단독,기타,기타,운전자법규위반,안전운전 의무 불이행,교차로,교차로부근,이륜차,이륜차,없음,없음,1172468 ,1725093 ,129.40171138,35.5067791
2017,2017122303,06,야간,토,1,1,0,0,0,경남,함안군,차대사람,기타,기타,운전자법규위반,안전운전 의무 불이행,단일로,기타단일로,승용차,승용차,보행자,보행자,1091159 ,1699943 ,128.50252777,35.29084317
2017,2017122304,35,야간,토,1,1,0,0,0,울산,남구,차대사람,기타,기타,운전자법규위반,안전운전 의무 불이행,교차로,교차로부근,화물차,화물차,보행자,보행자,1166367 ,1729131 ,129.33529898,35.54421118
2017,2017122305,15,야간,토,1,1,0,0,0,울산,남구,차대사람,기타,기타,운전자법규위반,안전운전 의무 불이행,단일로,기타단일로,승용차,승용차,보행자,보행자,1165350 ,1728756 ,129.32400837,35.54100187
2017,2017122306,52,주간,토,1,1,0,0,0,전남,목포시,차대사람,차도통행중,차도통행중,운전자법규위반,안전운전 의무 불이행,단일로,기타단일로,승용차,승용차,보행자,보행자,902712  ,1645799 ,126.43638773,34.80204786
2017,2017122306,55,주간,토,1,1,0,0,0,전남,목포시,차대사람,기타,기타,운전자법규위반,교차로 통행방법 위반,단일로,기타단일로,건설기계,건설기계,보행자,보행자,898657  ,1644330 ,126.39213507,34.78838969
2017,2017122307,14,주간,토,1,1,0,0,0,울산,울주군,차대차,정면충돌,정면충돌,운전자법규위반,신호위반,교차로,교차로내,이륜차,이륜차,화물차,화물차,1166540 ,1717795 ,129.33488162,35.44202139
2017,2017122308,50,주간,토,1,3,0,2,0,전북,전주시,차대차,측면충돌,측면충돌,운전자법규위반,신호위반,교차로,교차로내,승용차,승용차,승용차,승용차,964904  ,1761744 ,127.11132445,35.85160335
2017,2017122316,20,주간,토,1,1,0,0,0,경기,의정부시,차대사람,횡단중,횡단중,운전자법규위반,안전운전 의무 불이행,단일로,기타단일로,승합차,승합차,보행자,보행자,962592  ,1973035 ,127.07533086,37.75619702
2017,2017122317,20,주간,토,1,1,0,0,0,서울,노원구,차대차,기타,기타,운전자법규위반,안전운전 의무 불이행,교차로,교차로내,승용차,승용차,원동기장치자전거,원동기장치자전거,962003  ,1960079 ,127.06932054,37.63939891
2017,2017122317,30,주간,토,1,1,0,0,0,충남,서천군,차대사람,차도통행중,차도통행중,운전자법규위반,안전운전 의무 불이행,교차로,교차로내,승용차,승용차,보행자,보행자,926534  ,1787588 ,126.68402516,36.08246338
2017,2017122318,24,야간,토,1,1,0,0,0,충남,예산군,차대사람,기타,기타,운전자법규위반,안전운전 의무 불이행,단일로,기타단일로,승용차,승용차,보행자,보행자,936264  ,1853305 ,126.786697,36.67556789
2017,2017122319,37,야간,토,1,1,0,0,0,경기,양평군,차대사람,횡단중,횡단중,운전자법규위반,안전운전 의무 불이행,교차로,교차로내,화물차,화물차,보행자,보행자,1000211 ,1943494 ,127.50238685,37.49069496
2017,2017122320,21,야간,토,1,1,0,0,0,전북,완주군,차대차,추돌,추돌,운전자법규위반,안전거리 미확보,단일로,교량위,화물차,화물차,화물차,화물차,960193  ,1755858 ,127.05944649,35.79835544
2017,2017122321,27,야간,토,1,2,1,0,0,전남,강진군,차량단독,공작물충돌,공작물충돌,운전자법규위반,안전운전 의무 불이행,단일로,기타단일로,화물차,화물차,없음,없음,935339  ,1625507 ,126.79463619,34.62173189
2017,2017122400,05,야간,일,1,1,0,0,0,전남,목포시,차대사람,기타,기타,운전자법규위반,안전운전 의무 불이행,교차로,교차로부근,승용차,승용차,보행자,보행자,898941  ,1646055 ,126.39500743,34.80453036
2017,2017122402,00,야간,일,1,1,0,0,0,강원,횡성군,차량단독,전도전복,전도전복,운전자법규위반,안전운전 의무 불이행,단일로,기타단일로,승용차,승용차,없음,없음,1066216 ,1945904 ,128.24922866,37.5100417
2017,2017122403,48,야간,일,1,1,0,0,0,인천,부평구,차량단독,기타,기타,운전자법규위반,안전운전 의무 불이행,단일로,기타단일로,승용차,승용차,없음,없음,933822  ,1942594 ,126.75149908,37.48021172
2017,2017122414,00,주간,일,1,1,0,0,0,경남,거제시,차량단독,전복,전복,운전자법규위반,안전운전 의무 불이행,단일로,기타단일로,승용차,승용차,없음,없음,1099058 ,1652146 ,128.58367139,34.85916842
2017,2017122417,55,주간,일,1,1,0,0,0,전남,보성군,차대사람,횡단중,횡단중,운전자법규위반,보행자 보호의무 위반,교차로,교차로부근,승합차,승합차,보행자,보행자,962146  ,1631356 ,127.08674097,34.67584206
2017,2017122419,10,야간,일,1,1,0,0,0,광주,남구,차대차,추돌,추돌,운전자법규위반,안전운전 의무 불이행,단일로,기타단일로,승용차,승용차,자전거,자전거,945595  ,1683147 ,126.90276116,35.14207477
2017,2017122420,00,야간,일,1,1,0,0,0,경북,영덕군,차대사람,기타,기타,운전자법규위반,안전운전 의무 불이행,단일로,기타단일로,승용차,승용차,보행자,보행자,1170097 ,1842525 ,129.40084924,36.56536569
2017,2017122422,35,야간,일,2,3,0,1,0,대구,달성군,차대차,측면충돌,측면충돌,운전자법규위반,중앙선 침범,단일로,기타단일로,승용차,승용차,승합차,승합차,1085461 ,1748122 ,128.4449468,35.72570209
2017,2017122505,30,야간,월,1,1,0,0,0,전남,곡성군,차량단독,전도전복,전도전복,운전자법규위반,안전운전 의무 불이행,단일로,기타단일로,자전거,자전거,없음,없음,981873  ,1700087 ,127.30071535,35.29527026
2017,2017122510,45,주간,월,1,1,0,0,0,경기,파주시,차대사람,보도통행중,보도통행중,운전자법규위반,보행자 보호의무 위반,교차로,교차로횡단보도내,승용차,승용차,보행자,보행자,936722  ,1985192 ,126.78059988,37.8643377
2017,2017122511,45,주간,월,1,1,0,0,0,세종,세종,차대차,측면충돌,측면충돌,운전자법규위반,안전운전 의무 불이행,교차로,교차로내,화물차,화물차,자전거,자전거,986931  ,1838791 ,127.35397994,36.5467708
2017,2017122514,26,주간,월,1,2,0,1,0,경기,화성시,차대차,정면충돌,정면충돌,운전자법규위반,중앙선 침범,단일로,기타단일로,승용차,승용차,건설기계,건설기계,953924  ,1902096 ,126.98136317,37.11640046
2017,2017122514,20,주간,월,1,1,0,0,0,경남,창원시(통합),차대사람,횡단중,횡단중,운전자법규위반,보행자 보호의무 위반,교차로,교차로횡단보도내,이륜차,이륜차,보행자,보행자,1097231 ,1689084 ,128.56801057,35.1923719
2017,2017122515,00,주간,월,1,2,1,0,0,경남,진주시,차대차,측면충돌,측면충돌,운전자법규위반,중앙선 침범,교차로,교차로부근,원동기장치자전거,원동기장치자전거,승용차,승용차,1062125 ,1680918 ,128.1818137,35.12152946
2017,2017122519,00,야간,월,1,1,0,0,0,충남,서산시,차대사람,횡단중,횡단중,운전자법규위반,보행자 보호의무 위반,교차로,교차로부근,승용차,승용차,보행자,보행자,913978  ,1856521 ,126.53694904,36.70280074
2017,2017122522,34,야간,월,1,1,0,0,0,광주,남구,차대차,측면충돌,측면충돌,운전자법규위반,안전운전 의무 불이행,교차로,교차로내,승용차,승용차,이륜차,이륜차,946097  ,1683400 ,126.90777785,35.14404979
2017,2017122601,15,야간,화,1,2,0,1,0,강원,동해시,차대차,추돌,추돌,운전자법규위반,안전거리 미확보,단일로,기타단일로,승용차,승용차,화물차,화물차,1138179 ,1957937 ,129.08086911,37.59633183
2017,2017122603,00,야간,화,1,1,0,0,0,경기,고양시,차량단독,공작물충돌,공작물충돌,운전자법규위반,중앙선 침범,단일로,기타단일로,승용차,승용차,없음,없음,928364  ,1965125 ,126.68756852,37.68286824
2017,2017122606,50,주간,화,1,3,1,1,0,경북,상주시,차대차,추돌,추돌,운전자법규위반,안전운전 의무 불이행,단일로,기타단일로,화물차,화물차,특수차,특수차,1063929 ,1825671 ,128.21317034,36.42645075
2017,2017122606,00,주간,화,1,1,0,0,0,부산,강서구,차대차,기타,기타,운전자법규위반,안전운전 의무 불이행,단일로,기타단일로,화물차,화물차,자전거,자전거,1133246 ,1689942 ,128.96364253,35.19596924
2017,2017122607,25,주간,화,1,1,0,0,0,충남,아산시,차대사람,보도통행중,보도통행중,운전자법규위반,보행자 보호의무 위반,교차로,교차로횡단보도내,승용차,승용차,보행자,보행자,955512  ,1865296 ,127.00140407,36.78475617
2017,2017122609,55,주간,화,1,1,0,0,0,경북,상주시,차대차,측면충돌,측면충돌,운전자법규위반,교차로 통행방법 위반,교차로,교차로내,이륜차,이륜차,화물차,화물차,1062368 ,1840139 ,128.19692504,36.55697577
2017,2017122609,40,주간,화,1,1,0,0,0,경남,거제시,차대사람,기타,기타,운전자법규위반,안전운전 의무 불이행,단일로,기타단일로,승용차,승용차,보행자,보행자,1108290 ,1656718 ,128.68524062,34.89944631
2017,2017122613,25,주간,화,1,1,0,0,0,충북,진천군,차대사람,기타,기타,운전자법규위반,안전운전 의무 불이행,단일로,기타단일로,화물차,화물차,보행자,보행자,995659  ,1878942 ,127.45126974,36.90880519
2017,2017122618,39,야간,화,1,1,0,0,0,대전,중구,차대사람,차도통행중,차도통행중,운전자법규위반,안전운전 의무 불이행,단일로,기타단일로,승용차,승용차,보행자,보행자,992601  ,1815593 ,127.41755237,36.33769538
2017,2017122618,10,야간,화,1,1,0,0,0,전남,나주시,차대사람,횡단중,횡단중,운전자법규위반,안전운전 의무 불이행,단일로,기타단일로,승용차,승용차,보행자,보행자,928222  ,1670066 ,126.71322949,35.02276203
2017,2017122618,10,야간,화,1,1,0,0,0,충북,음성군,차대사람,횡단중,횡단중,운전자법규위반,안전운전 의무 불이행,단일로,기타단일로,승용차,승용차,보행자,보행자,1008246 ,1888274 ,127.59266798,36.99290237
2017,2017122619,10,야간,화,1,1,0,0,0,경남,창원시(통합),차대차,추돌,추돌,운전자법규위반,안전운전 의무 불이행,단일로,기타단일로,화물차,화물차,특수차,특수차,1116766 ,1682660 ,128.78163534,35.13237772
2017,2017122619,20,야간,화,1,1,0,0,0,전북,고창군,차대차,추돌,추돌,운전자법규위반,안전운전 의무 불이행,단일로,기타단일로,화물차,화물차,화물차,화물차,916233  ,1705850 ,126.57815227,35.34474593
2017,2017122620,20,야간,화,2,4,2,0,0,경남,사천시,차량단독,공작물충돌,공작물충돌,운전자법규위반,안전운전 의무 불이행,단일로,기타단일로,승용차,승용차,없음,없음,1043063 ,1664670 ,127.97177527,34.97601649
2017,2017122701,50,야간,수,1,1,0,0,0,대구,동구,차량단독,공작물충돌,공작물충돌,운전자법규위반,안전운전 의무 불이행,교차로,교차로부근,승용차,승용차,없음,없음,1103155 ,1766607 ,128.64294378,35.89063878
2017,2017122702,32,야간,수,1,1,0,0,0,충남,청양군,차량단독,전도전복,전도전복,운전자법규위반,안전운전 의무 불이행,교차로,교차로부근,화물차,화물차,없음,없음,937036  ,1827559 ,126.79744076,36.44353415
2017,2017122702,40,야간,수,1,1,0,0,0,광주,북구,차대사람,횡단중,횡단중,운전자법규위반,안전운전 의무 불이행,단일로,기타단일로,승용차,승용차,보행자,보행자,948604  ,1685309 ,126.93565684,35.16172734
2017,2017122705,20,야간,수,1,1,0,0,0,서울,동대문구,차량단독,공작물충돌,공작물충돌,운전자법규위반,안전운전 의무 불이행,단일로,기타단일로,승용차,승용차,없음,없음,958304  ,1953651 ,127.02776172,37.58130162
2017,2017122706,38,주간,수,1,1,0,0,0,경기,용인시,차대사람,기타,기타,운전자법규위반,안전운전 의무 불이행,단일로,기타단일로,화물차,화물차,보행자,보행자,971792  ,1908505 ,127.18224216,37.17488082
2017,2017122708,34,주간,수,1,2,1,0,0,충남,서산시,차대차,정면충돌,정면충돌,운전자법규위반,중앙선 침범,단일로,기타단일로,승용차,승용차,승용차,승용차,906916  ,1863038 ,126.4571043,36.76087494
2017,2017122708,15,주간,수,1,5,0,4,0,경기,안성시,차대차,추돌,추돌,운전자법규위반,안전거리 미확보,단일로,기타단일로,승용차,승용차,승용차,승용차,972677  ,1889743 ,127.19289457,37.00578343
2017,2017122710,20,주간,수,1,1,0,0,0,전북,전주시,차대사람,기타,기타,운전자법규위반,안전운전 의무 불이행,단일로,기타단일로,승합차,승합차,보행자,보행자,966857  ,1756893 ,127.13312957,35.80798599
2017,2017122712,03,주간,수,1,1,0,0,0,경기,양주시,차대차,정면충돌,정면충돌,운전자법규위반,중앙선 침범,단일로,기타단일로,화물차,화물차,승용차,승용차,960508  ,1980660 ,127.05125776,37.82483311
2017,2017122713,57,주간,수,1,1,0,0,0,경북,영덕군,차량단독,공작물충돌,공작물충돌,운전자법규위반,안전운전 의무 불이행,단일로,기타단일로,승용차,승용차,없음,없음,1156612 ,1833752 ,129.24843891,36.48861996
2017,2017122714,04,주간,수,1,1,0,0,0,경북,안동시,차량단독,전도전복,전도전복,운전자법규위반,안전운전 의무 불이행,단일로,기타단일로,승용차,승용차,없음,없음,1104753 ,1834268 ,128.66968361,36.50035035
2017,2017122714,58,주간,수,1,6,1,4,0,서울,종로구,차대차,추돌,추돌,운전자법규위반,안전운전 의무 불이행,단일로,기타단일로,승용차,승용차,자전거,자전거,956816  ,1952587 ,127.01097228,37.57164293
2017,2017122716,10,주간,수,1,1,0,0,0,대전,동구,차대사람,횡단중,횡단중,운전자법규위반,보행자 보호의무 위반,단일로,기타단일로,승용차,승용차,보행자,보행자,995724  ,1814462 ,127.4523584,36.32751786
2017,2017122718,00,야간,수,1,1,0,0,0,서울,은평구,차대사람,횡단중,횡단중,운전자법규위반,신호위반,단일로,기타단일로,화물차,화물차,보행자,보행자,948437  ,1954788 ,126.91593533,37.59104953
2017,2017122719,35,야간,수,1,1,0,0,0,충남,아산시,차대차,측면충돌,측면충돌,운전자법규위반,신호위반,교차로,교차로내,이륜차,이륜차,승용차,승용차,956688  ,1863846 ,127.01466599,36.77173974
2017,2017122720,18,야간,수,1,2,1,0,0,경기,용인시,차대차,측면충돌,측면충돌,운전자법규위반,중앙선 침범,단일로,기타단일로,승용차,승용차,승합차,승합차,976654  ,1917470 ,127.23673045,37.2558256
2017,2017122720,43,야간,수,1,1,0,0,0,대구,서구,차대사람,기타,기타,운전자법규위반,안전운전 의무 불이행,교차로,교차로부근,승용차,승용차,보행자,보행자,1094741 ,1764512 ,128.54948324,35.87260412
2017,2017122721,05,야간,수,1,2,0,0,1,경기,포천시,차대차,측면충돌,측면충돌,운전자법규위반,중앙선 침범,단일로,기타단일로,승용차,승용차,승용차,승용차,967954  ,1981475 ,127.13582779,37.83247064
2017,2017122722,24,야간,수,1,1,0,0,0,서울,송파구,차대사람,횡단중,횡단중,운전자법규위반,과속,단일로,기타단일로,승용차,승용차,보행자,보행자,962356  ,1945860 ,127.07405217,37.51125332
2017,2017122723,14,야간,수,1,1,0,0,0,경기,평택시,차대사람,기타,기타,운전자법규위반,안전운전 의무 불이행,교차로,교차로내,승용차,승용차,보행자,보행자,962781  ,1888461 ,127.08173102,36.99388733
2017,2017122811,00,주간,목,1,1,0,0,0,전북,순창군,차대사람,기타,기타,운전자법규위반,안전운전 의무 불이행,주차장,주차장,화물차,화물차,보행자,보행자,967756  ,1708948 ,127.1450182,35.37567414
2017,2017122811,08,주간,목,1,1,0,0,0,경남,밀양시,차량단독,공작물충돌,공작물충돌,운전자법규위반,안전운전 의무 불이행,교차로,교차로부근,승용차,승용차,없음,없음,1114103 ,1719464 ,128.75753528,35.46446498
2017,2017122811,15,주간,목,1,1,0,0,0,전남,광양시,차량단독,전도전복,전도전복,운전자법규위반,안전운전 의무 불이행,교차로,교차로내,화물차,화물차,없음,없음,1008833 ,1660301 ,127.59672474,34.93749695
2017,2017122822,00,야간,목,1,1,0,0,0,경기,동두천시,차대사람,차도통행중,차도통행중,운전자법규위반,안전운전 의무 불이행,단일로,기타단일로,화물차,화물차,보행자,보행자,958169  ,1990112 ,127.02413329,37.90991777
2017,2017122822,20,야간,목,1,3,2,0,0,부산,동래구,차대사람,횡단중,횡단중,운전자법규위반,보행자 보호의무 위반,교차로,교차로횡단보도내,승용차,승용차,보행자,보행자,1144280 ,1693020 ,129.08535128,35.22219058
2017,2017122823,45,야간,목,1,1,0,0,0,서울,동대문구,차대사람,기타,기타,운전자법규위반,안전운전 의무 불이행,단일로,기타단일로,화물차,화물차,보행자,보행자,957912  ,1952943 ,127.02336285,37.57490241
2017,2017122900,43,야간,금,1,2,0,1,0,전남,영암군,차대사람,차도통행중,차도통행중,운전자법규위반,과속,단일로,기타단일로,승용차,승용차,보행자,보행자,896890  ,1639952 ,126.37350506,34.74882447
2017,2017122902,00,야간,금,1,2,1,0,0,경기,화성시,차대사람,기타,기타,운전자법규위반,안전운전 의무 불이행,교차로,교차로내,화물차,화물차,보행자,보행자,965379  ,1912196 ,127.10983115,37.20793549
2017,2017122904,54,야간,금,1,1,0,0,0,서울,서초구,차대차,기타,기타,운전자법규위반,안전거리 미확보,단일로,기타단일로,건설기계,건설기계,이륜차,이륜차,954443  ,1941206 ,126.98480654,37.46894854
2017,2017122905,36,야간,금,1,1,0,0,0,경기,수원시,차대사람,횡단중,횡단중,운전자법규위반,안전운전 의무 불이행,단일로,기타단일로,화물차,화물차,보행자,보행자,958255  ,1920024 ,127.02910917,37.27820353
2017,2017122908,47,주간,금,1,3,0,2,0,경북,울진군,차량단독,전도전복,전도전복,운전자법규위반,안전운전 의무 불이행,단일로,기타단일로,화물차,화물차,없음,없음,1155750 ,1883475 ,129.24894801,36.93679859
2017,2017122909,00,주간,금,1,1,0,0,0,충북,청주시,차량단독,공작물충돌,공작물충돌,운전자법규위반,안전운전 의무 불이행,단일로,기타단일로,건설기계,건설기계,없음,없음,998022  ,1854786 ,127.47785856,36.69105321
2017,2017122910,45,주간,금,1,1,0,0,0,경기,구리시,차대차,측면충돌,측면충돌,운전자법규위반,안전운전 의무 불이행,단일로,기타단일로,승용차,승용차,화물차,화물차,967680  ,1959737 ,127.13368069,37.63653371
2017,2017122918,20,야간,금,1,4,1,2,0,전남,영암군,차대사람,기타,기타,운전자법규위반,안전운전 의무 불이행,교차로,교차로내,승용차,승용차,보행자,보행자,930529  ,1647318 ,126.74037291,34.81808842
2017,2017122920,10,야간,금,1,2,0,0,1,경기,가평군,차량단독,공작물충돌,공작물충돌,운전자법규위반,안전운전 의무 불이행,교차로,교차로내,승용차,승용차,없음,없음,998802  ,1964541 ,127.48641369,37.68040209
2017,2017122920,40,야간,금,1,2,0,1,0,경기,화성시,차대차,측면충돌,측면충돌,운전자법규위반,중앙선 침범,단일로,기타단일로,승용차,승용차,승합차,승합차,964958  ,1907030 ,127.10532908,37.16135379
2017,2017122921,55,야간,금,1,1,0,0,0,경기,시흥시,차대차,추돌,추돌,운전자법규위반,안전운전 의무 불이행,단일로,기타단일로,승용차,승용차,화물차,화물차,940606  ,1938341 ,126.82856672,37.44234015
2017,2017123003,42,야간,토,1,1,0,0,0,전남,여수시,차대사람,기타,기타,운전자법규위반,안전운전 의무 불이행,주차장,주차장,승용차,승용차,보행자,보행자,1013311 ,1642329 ,127.64547486,34.77538325
2017,2017123004,42,야간,토,1,1,0,0,0,강원,원주시,차대차,측면충돌,측면충돌,운전자법규위반,안전운전 의무 불이행,단일로,기타단일로,승용차,승용차,자전거,자전거,1040182 ,1926959 ,127.95304075,37.34057083
2017,2017123007,52,주간,토,1,1,0,0,0,경기,포천시,차량단독,공작물충돌,공작물충돌,운전자법규위반,안전운전 의무 불이행,단일로,기타단일로,승용차,승용차,없음,없음,976591  ,1993796 ,127.23357807,37.94378208
2017,2017123007,15,주간,토,1,1,0,0,0,전북,완주군,차대사람,횡단중,횡단중,운전자법규위반,안전운전 의무 불이행,단일로,기타단일로,화물차,화물차,보행자,보행자,970131  ,1771763 ,127.16883462,35.94210743
2017,2017123009,58,주간,토,1,1,0,0,0,경남,하동군,차대차,정면충돌,정면충돌,운전자법규위반,중앙선 침범,단일로,기타단일로,승용차,승용차,건설기계,건설기계,1030259 ,1674021 ,127.83184448,35.06080086
2017,2017123015,42,주간,토,1,5,2,1,1,강원,인제군,차량단독,공작물충돌,공작물충돌,운전자법규위반,안전운전 의무 불이행,단일로,기타단일로,승합차,승합차,없음,없음,1084428 ,1994042 ,128.46086133,37.94237744
2017,2017123018,50,야간,토,2,2,0,0,0,경북,영덕군,차대사람,횡단중,횡단중,운전자법규위반,과속,단일로,기타단일로,승용차,승용차,보행자,보행자,1168428 ,1809719 ,129.37508528,36.2700646
2017,2017123018,36,야간,토,1,1,0,0,0,경북,영천시,차대사람,횡단중,횡단중,운전자법규위반,보행자 보호의무 위반,교차로,교차로내,화물차,화물차,보행자,보행자,1124303 ,1771540 ,128.87797614,35.93264415
2017,2017123023,01,야간,토,1,4,3,0,0,전남,무안군,차량단독,공작물충돌,공작물충돌,운전자법규위반,안전운전 의무 불이행,교차로,교차로부근,승용차,승용차,없음,없음,902473  ,1656183 ,126.43260434,34.89571432
2017,2017123023,50,야간,토,1,6,2,3,0,광주,동구,차대차,정면충돌,정면충돌,운전자법규위반,중앙선 침범,단일로,기타단일로,승용차,승용차,승용차,승용차,948703  ,1679181 ,126.93732224,35.10608879
2017,2017123100,50,야간,일,1,1,0,0,0,경기,용인시,차대사람,차도통행중,차도통행중,운전자법규위반,과속,단일로,기타단일로,승용차,승용차,보행자,보행자,963182  ,1923781 ,127.08449894,37.31227618
2017,2017123107,04,주간,일,1,1,0,0,0,제주,제주시,차대사람,기타,기타,운전자법규위반,안전운전 의무 불이행,단일로,기타단일로,승용차,승용차,보행자,보행자,893031  ,1497750 ,126.34885401,33.46620493
2017,2017123112,10,주간,일,1,1,0,0,0,경북,경산시,차대차,기타,기타,운전자법규위반,교차로 통행방법 위반,교차로,교차로부근,이륜차,이륜차,승합차,승합차,1111054 ,1758873 ,128.72965401,35.82021769
2017,2017123117,56,주간,일,1,1,0,0,0,대전,서구,차대사람,횡단중,횡단중,운전자법규위반,신호위반,교차로,교차로내,이륜차,이륜차,보행자,보행자,988354  ,1813886 ,127.37025333,36.32226404
2017,2017123118,10,야간,일,1,4,1,0,2,경남,사천시,차대차,추돌,추돌,운전자법규위반,안전운전 의무 불이행,단일로,기타단일로,화물차,화물차,화물차,화물차,1044531 ,1682838 ,127.9888328,35.13977429
2017,2017123118,25,야간,일,1,1,0,0,0,부산,기장군,차량단독,공작물충돌,공작물충돌,운전자법규위반,안전운전 의무 불이행,단일로,기타단일로,원동기장치자전거,원동기장치자전거,없음,없음,1160683 ,1704380 ,129.26774458,35.32208746
2017,2017123119,55,야간,일,1,1,0,0,0,강원,홍천군,차량단독,도로이탈,도로이탈 추락,운전자법규위반,안전운전 의무 불이행,단일로,기타단일로,화물차,화물차,없음,없음,1067639 ,1980346 ,128.2685225,37.8203506
2017,2017123120,40,야간,일,1,11,1,9,0,경기,동두천시,차대차,정면충돌,정면충돌,운전자법규위반,중앙선 침범,단일로,기타단일로,승용차,승용차,승용차,승용차,961004  ,1987481 ,127.05652544,37.8863311
2017,2017123123,15,야간,일,1,1,0,0,0,대전,동구,차대사람,횡단중,횡단중,운전자법규위반,안전운전 의무 불이행,단일로,기타단일로,이륜차,이륜차,보행자,보행자,995304  ,1814453 ,127.44767897,36.32743477